date,SPY,IEF,TLT,GLD,DBC
2006-02-06,86.93225860595703,48.517391204833984,47.4620361328125,56.720001220703125,19.18509864807129
2006-02-07,86.16316986083984,48.45890426635742,47.237831115722656,54.599998474121094,18.630155563354492
2006-02-08,86.94601440429688,48.429656982421875,47.128334045410156,54.83000183105469,18.550880432128906
2006-02-09,86.8017807006836,48.47642517089844,47.342105865478516,56.18000030517578,18.72528839111328
2006-02-10,86.95970153808594,48.336036682128906,47.0814323425293,54.790000915527344,18.3843994140625
2006-02-13,86.8017807006836,48.336036682128906,47.08660888671875,53.720001220703125,18.0989990234375
2006-02-14,87.72190856933594,48.26580810546875,46.91977310180664,54.4900016784668,17.94837188720703
2006-02-15,88.03092193603516,48.353553771972656,47.03447341918945,53.7599983215332,17.686758041381836
2006-02-16,88.69014739990234,48.33012771606445,47.04489517211914,54.52000045776367,17.900806427001953
2006-02-17,88.44975280761719,48.49398422241211,47.420310974121094,54.959999084472656,18.15449333190918
2006-02-21,88.2300796508789,48.435489654541016,47.342105865478516,55.119998931884766,18.45574951171875
2006-02-22,88.76564025878906,48.616851806640625,47.665374755859375,55.34000015258789,18.15449333190918
2006-02-23,88.63517761230469,48.499847412109375,47.545433044433594,54.63999938964844,18.091073989868164
2006-02-24,88.86176300048828,48.44133758544922,47.47244644165039,55.63999938964844,18.582590103149414
2006-02-27,88.89613342285156,48.34774398803711,47.39425277709961,55.220001220703125,18.21791648864746
2006-02-28,88.05149841308594,48.540802001953125,47.62884521484375,56.06999969482422,18.463674545288086
2006-03-01,88.83432006835938,48.44511413574219,47.341060638427734,56.099998474121094,18.42403793334961
2006-03-02,88.82746124267578,48.251468658447266,47.01146697998047,56.7400016784668,18.757001876831055
2006-03-03,88.41543579101562,48.134063720703125,46.7393913269043,56.279998779296875,18.931411743164062
2006-03-06,88.01034545898438,47.98145294189453,46.33128356933594,55.22999954223633,18.630155563354492
2006-03-07,87.87300109863281,48.00492477416992,46.36265182495117,54.95000076293945,18.30512237548828
2006-03-08,88.05836486816406,48.02833557128906,46.346981048583984,53.970001220703125,18.01179313659668
2006-03-09,87.4678726196289,48.075347900390625,46.36265182495117,54.2400016784668,18.19413185119629
2006-03-10,88.2987060546875,47.98145294189453,46.19002151489258,53.83000183105469,18.11485481262207
2006-03-13,88.46353149414062,47.94036102294922,46.15338897705078,54.310001373291016,18.352684020996094
2006-03-14,89.39054107666016,48.21621322631836,46.46208953857422,54.869998931884766,18.622230529785156
2006-03-15,89.7887954711914,48.1281623840332,46.21095275878906,55.119998931884766,18.416109085083008
2006-03-16,89.97418975830078,48.433406829833984,46.62948989868164,55.34000015258789,18.574663162231445
2006-03-17,90.04930877685547,48.33359146118164,46.48824691772461,55.119998931884766,18.487457275390625
2006-03-20,89.90457916259766,48.4275016784668,46.56149673461914,55.16999816894531,18.1069278717041
2006-03-21,89.33926391601562,48.22797775268555,46.32078552246094,54.83000183105469,18.170351028442383
2006-03-22,89.8838882446289,48.286659240722656,46.420204162597656,54.75,18.138635635375977
2006-03-23,89.69771575927734,48.16340637207031,46.273719787597656,54.70000076293945,18.44782066345215
2006-03-24,89.76668548583984,48.37472152709961,46.61379623413086,55.709999084472656,18.408178329467773
2006-03-27,89.63571166992188,48.26906967163086,46.44119644165039,56.38999938964844,18.519168853759766
2006-03-28,89.08417510986328,48.034244537353516,46.00688552856445,56.060001373291016,18.757001876831055
2006-03-29,89.6426010131836,47.98731231689453,45.78712463378906,57.06999969482422,18.88384246826172
2006-03-30,89.48404693603516,47.84646224975586,45.46797561645508,58.599998474121094,19.113750457763672
2006-03-31,89.50470733642578,47.88168716430664,45.45227813720703,58.099998474121094,18.97897720336914
2006-04-03,89.43573760986328,47.828697204589844,45.46699142456055,58.470001220703125,19.066184997558594
2006-04-04,90.00798797607422,47.83454895019531,45.41970443725586,58.33000183105469,18.96312141418457
2006-04-05,90.31819915771484,47.94644546508789,45.48271942138672,58.65999984741211,19.082035064697266
2006-04-06,90.22169494628906,47.81098556518555,45.13606643676758,59.279998779296875,19.422931671142578
2006-04-07,89.30476379394531,47.59316635131836,44.69492721557617,58.59000015258789,19.335723876953125
2006-04-10,89.44265747070312,47.652015686035156,44.77894592285156,59.599998474121094,19.692474365234375
2006-04-11,88.68433380126953,47.7403678894043,44.9365119934082,59.0099983215332,19.771751403808594
2006-04-12,88.84978485107422,47.62850570678711,44.663429260253906,59.43000030517578,19.73210906982422
2006-04-13,88.73258209228516,47.37529754638672,44.34830093383789,59.5,19.85895347595215
2006-04-17,88.6981201171875,47.55781936645508,44.511104583740234,61.09000015258789,20.0730037689209
2006-04-18,90.10446166992188,47.71091842651367,44.58988571166992,61.849998474121094,20.334617614746094
2006-04-19,90.2768325805664,47.57548141479492,44.31676483154297,63.75,20.532812118530273
2006-04-20,90.40093231201172,47.53428649902344,44.2800178527832,60.959999084472656,20.29497718811035
2006-04-21,90.41468048095703,47.63432693481445,44.53739547729492,63.20000076293945,20.723073959350586
2006-04-24,90.24925994873047,47.693260192871094,44.71591567993164,61.650001525878906,20.31083869934082
2006-04-25,89.87699127197266,47.39297866821289,44.18547821044922,62.779998779296875,20.374256134033203
2006-04-26,89.8976821899414,47.369384765625,44.11193084716797,63.650001525878906,20.29497718811035
2006-04-27,90.33200073242188,47.498939514160156,44.1696891784668,62.959999084472656,19.97787094116211
2006-04-28,90.63532257080078,47.58136749267578,44.201236724853516,65.08999633789062,20.31083869934082
2006-05-01,89.8976821899414,47.3237190246582,43.86906433105469,65.16000366210938,20.532812118530273
2006-05-02,90.57328033447266,47.4005241394043,43.98501205444336,66.55000305175781,20.770641326904297
2006-05-03,90.23546600341797,47.3355598449707,43.8901252746582,66.45999908447266,20.398038864135742
2006-05-04,90.5594711303711,47.305992126464844,43.81629180908203,67.4800033569336,20.152280807495117
2006-05-05,91.35917663574219,47.418296813964844,44.079978942871094,67.98999786376953,20.374256134033203
2006-05-08,91.2489013671875,47.441898345947266,44.106319427490234,67.55999755859375,20.318761825561523
2006-05-09,91.4281234741211,47.4241828918457,44.079978942871094,69.68000030517578,20.635875701904297
2006-05-10,91.3798599243164,47.44783401489258,44.15904998779297,70.37999725341797,21.151172637939453
2006-05-11,90.2768325805664,47.365081787109375,43.94286346435547,71.02999877929688,21.357295989990234
2006-05-12,89.09797668457031,47.18778991699219,43.579036712646484,71.12000274658203,21.285947799682617
2006-05-15,89.27719116210938,47.288265228271484,43.753047943115234,67.41000366210938,20.564523696899414
2006-05-16,89.14623260498047,47.46552658081055,44.079978942871094,68.61000061035156,20.627944946289062
2006-05-17,87.4502944946289,47.32959747314453,43.8057861328125,68.1500015258789,20.596233367919922
2006-05-18,87.00910186767578,47.666473388671875,44.401615142822266,67.45999908447266,20.604162216186523
2006-05-19,87.62262725830078,47.63691711425781,44.51762008666992,65.58000183105469,20.152280807495117
2006-05-22,86.9539566040039,47.70195770263672,44.612491607666016,65.30000305175781,20.31083869934082
2006-05-23,86.29212188720703,47.6842041015625,44.58612823486328,66.37999725341797,20.627944946289062
2006-05-24,86.98151397705078,47.755130767822266,44.60725021362305,64.05999755859375,20.10471534729004
2006-05-25,88.05694580078125,47.67829513549805,44.43321228027344,64.69999694824219,20.453533172607422
2006-05-26,88.5051040649414,47.719669342041016,44.401615142822266,65.0999984741211,20.651723861694336
2006-05-30,86.93325805664062,47.67829513549805,44.38052749633789,65.11000061035156,20.540739059448242
2006-05-31,87.90531158447266,47.530548095703125,44.11687088012695,64.2300033569336,20.23155975341797
2006-06-01,88.74637603759766,47.61003494262695,44.31374740600586,62.560001373291016,19.985795974731445
2006-06-02,88.93253326416016,47.97777557373047,44.885528564453125,63.5,20.382186889648438
2006-06-05,87.63645935058594,47.88286590576172,44.82732009887695,63.290000915527344,20.32668685913086
2006-06-06,87.4227294921875,47.924400329589844,45.039024353027344,62.54999923706055,20.152280807495117
2006-06-07,86.76779174804688,47.859127044677734,45.049644470214844,62.279998779296875,20.01750946044922
2006-06-08,86.69194793701172,47.924400329589844,45.13959884643555,60.90999984741211,19.8034610748291
2006-06-09,86.41621398925781,48.043006896972656,45.37782669067383,60.45000076293945,19.835172653198242
2006-06-12,85.47863006591797,48.019287109375,45.414894104003906,60.029998779296875,19.59733772277832
2006-06-13,84.48589324951172,48.08451843261719,45.4466438293457,55.91999816894531,19.066184997558594
2006-06-14,85.14083862304688,47.76425552368164,44.99139404296875,55.619998931884766,19.05825424194336
2006-06-15,86.94703674316406,47.65747833251953,44.73201370239258,57.31999969482422,19.264373779296875
2006-06-16,86.31343078613281,47.627830505371094,44.631404876708984,57.68000030517578,19.304014205932617
2006-06-19,85.63484954833984,47.57444381713867,44.56792449951172,56.36000061035156,18.947265625
2006-06-20,85.92568969726562,47.538856506347656,44.493770599365234,57.29999923706055,19.10582160949707
2006-06-21,86.5627212524414,47.53293991088867,44.504337310791016,58.33000183105469,19.383291244506836
2006-06-22,86.18190002441406,47.37870788574219,44.2502555847168,57.72999954223633,19.375364303588867
2006-06-23,86.1680679321289,47.33719253540039,44.16027069091797,57.9900016784668,19.335723876953125
2006-06-26,86.54887390136719,47.30753707885742,44.07558822631836,58.279998779296875,19.549774169921875
2006-06-27,85.80104064941406,47.43209457397461,44.29261779785156,57.68000030517578,19.621122360229492
2006-06-28,86.38270568847656,47.27787399291992,44.0596809387207,57.540000915527344,19.541845321655273
2006-06-29,88.12770080566406,47.4736328125,44.207916259765625,59.52000045776367,19.969942092895508
2006-06-30,88.13462829589844,47.63969421386719,44.6367073059082,61.22999954223633,20.057146072387695
2006-07-03,88.49468231201172,47.61703872680664,44.59260177612305,62.18000030517578,20.588300704956055
2006-07-05,87.98917388916016,47.44435501098633,44.23652648925781,62.5,20.429750442504883
2006-07-06,88.24536895751953,47.59321975708008,44.507568359375,63.02000045776367,20.564523696899414
2006-07-07,87.670654296875,47.74213409423828,44.794532775878906,62.630001068115234,20.413896560668945
2006-07-10,87.83683013916016,47.7778434753418,44.837039947509766,62.02000045776367,20.271196365356445
2006-07-11,88.22460174560547,47.83142852783203,44.98054885864258,63.810001373291016,20.715150833129883
2006-07-12,87.28288269042969,47.87310791015625,44.99117660522461,64.91999816894531,20.9212703704834
2006-07-13,85.86336517333984,47.98029327392578,45.16655731201172,65.55000305175781,20.913339614868164
2006-07-14,85.53097534179688,48.0159797668457,45.19313049316406,65.8499984741211,21.008474349975586
2006-07-17,85.4063491821289,47.97429275512695,45.26219177246094,63.95000076293945,20.532812118530273
2006-07-18,85.84259796142578,47.78971481323242,44.87425231933594,62.900001525878906,20.40596580505371
2006-07-19,87.03363037109375,48.093379974365234,45.29938888549805,64.02999877929688,20.47731590270996
2006-07-20,86.4381103515625,48.19462203979492,45.4322395324707,62.540000915527344,20.263267517089844
2006-07-21,85.82872009277344,48.16486740112305,45.347225189208984,61.709999084472656,20.207773208618164
2006-07-24,87.3936767578125,48.16486740112305,45.32062911987305,61.13999938964844,20.29497718811035
2006-07-25,87.70526885986328,48.1171989440918,45.18782043457031,61.54999923706055,20.120569229125977
2006-07-26,87.822998046875,48.23631286621094,45.35254669189453,62.0,19.985795974731445
2006-07-27,87.7398681640625,48.230369567871094,45.283477783203125,62.900001525878906,20.374256134033203
2006-07-28,88.61934661865234,48.36134719848633,45.543880462646484,63.11000061035156,20.302907943725586
2006-07-31,88.5292739868164,48.43877410888672,45.60231399536133,63.15999984741211,20.501102447509766
2006-08-01,88.09302520751953,48.450096130371094,45.59806442260742,64.31999969482422,20.596233367919922
2006-08-02,88.68852996826172,48.491973876953125,45.76877212524414,64.75,20.873703002929688
2006-08-03,88.92399597167969,48.503910064697266,45.779483795166016,64.12000274658203,20.67551040649414
2006-08-04,88.7716293334961,48.74302673339844,46.056907653808594,64.27999877929688,20.651723861694336
2006-08-07,88.56389617919922,48.677310943603516,46.083553314208984,64.5,20.976762771606445
2006-08-08,88.22460174560547,48.683250427246094,45.98220443725586,63.970001220703125,20.683439254760742
2006-08-09,87.92683410644531,48.65935516357422,45.83280563354492,64.62999725341797,20.715150833129883
2006-08-10,88.19691467285156,48.67133331298828,45.76348114013672,63.25,20.445608139038086
2006-08-11,87.9476547241211,48.51585006713867,45.56605529785156,62.709999084472656,20.24741554260254
2006-08-14,88.01689910888672,48.43218994140625,45.485984802246094,62.25,20.057146072387695
2006-08-15,89.06940460205078,48.66533660888672,45.870147705078125,62.0099983215332,20.0888614654541
2006-08-16,89.810302734375,48.86857223510742,46.179649353027344,62.4900016784668,19.87480926513672
2006-08-17,90.0387954711914,48.856590270996094,46.16361618041992,61.029998779296875,19.565628051757812
2006-08-18,90.4958267211914,48.988128662109375,46.297027587890625,61.040000915527344,19.66868782043457
2006-08-21,90.10803985595703,49.04789352416992,46.46242904663086,62.439998626708984,19.82724380493164
2006-08-22,90.10111999511719,49.06585693359375,46.47842788696289,62.04999923706055,19.795534133911133
2006-08-23,89.85186004638672,49.01801300048828,46.499752044677734,61.83000183105469,19.58940887451172
2006-08-24,89.77570343017578,49.06585693359375,46.58511734008789,61.75,19.87480926513672
2006-08-25,89.8864974975586,49.131591796875,46.65447235107422,61.77000045776367,19.86688232421875
2006-08-28,90.31578826904297,49.125606536865234,46.697181701660156,61.0,19.557701110839844
2006-08-29,90.41969299316406,49.16743469238281,46.7612190246582,60.939998626708984,19.525989532470703
2006-08-30,90.47505187988281,49.227237701416016,46.88393783569336,61.41999816894531,19.819316864013672
2006-08-31,90.46117401123047,49.292999267578125,46.996002197265625,62.290000915527344,19.819316864013672
2006-09-01,91.00131225585938,49.36619186401367,47.01207733154297,62.13999938964844,19.779680252075195
2006-09-05,91.17445373535156,49.204185485839844,46.717437744140625,63.36000061035156,19.747966766357422
2006-09-06,90.3711929321289,49.168182373046875,46.65312957763672,62.86000061035156,19.64490509033203
2006-09-07,89.95574188232422,49.204185485839844,46.74421310424805,61.25,19.581485748291016
2006-09-08,90.21194458007812,49.252193450927734,46.781707763671875,60.63999938964844,19.422931671142578
2006-09-11,90.30194854736328,49.16217803955078,46.73884201049805,58.5,18.97104835510254
2006-09-12,91.18826293945312,49.30017852783203,46.97459030151367,58.31999969482422,18.669795989990234
2006-09-13,91.55525207519531,49.348175048828125,46.996009826660156,58.619998931884766,18.622230529785156
2006-09-14,91.56219482421875,49.252193450927734,46.88884353637695,57.189998626708984,18.511241912841797
2006-09-15,91.77711486816406,49.22221374511719,46.85132598876953,57.400001525878906,18.45574951171875
2006-09-18,91.90226745605469,49.15016174316406,46.776371002197266,58.22999954223633,18.677722930908203
2006-09-19,91.67279052734375,49.44419479370117,47.30131530761719,56.91999816894531,18.400253295898438
2006-09-20,92.15960693359375,49.45621871948242,47.37096405029297,57.2599983215332,18.28926658630371
2006-09-21,91.71451568603516,49.81025695800781,47.80485153198242,57.95000076293945,18.606372833251953
2006-09-22,91.43632507324219,49.960235595703125,48.04058074951172,58.5,18.39232635498047
2006-09-25,92.13877868652344,50.128238677978516,48.378047943115234,58.5,18.431961059570312
2006-09-26,92.90380096435547,50.00228500366211,48.17450714111328,58.7400016784668,18.511241912841797
2006-09-27,93.01509857177734,49.990211486816406,48.03519821166992,59.810001373291016,18.788713455200195
2006-09-28,92.9803237915039,49.94224166870117,47.9548225402832,59.790000915527344,18.939334869384766
2006-09-29,92.90380096435547,49.888206481933594,47.89593505859375,59.470001220703125,18.986906051635742
2006-10-02,92.55607604980469,49.976173400878906,48.027191162109375,59.150001525878906,18.780786514282227
2006-10-03,92.75079345703125,49.970176696777344,47.96262741088867,57.11000061035156,18.471601486206055
2006-10-04,93.83573913574219,50.19905090332031,48.31224822998047,56.369998931884766,18.606372833251953
2006-10-05,94.01657104492188,50.02436447143555,47.973388671875,56.91999816894531,18.70943832397461
2006-10-06,93.89834594726562,49.75331115722656,47.47322463989258,56.9900016784668,18.780786514282227
2006-10-09,93.95399475097656,49.81357192993164,47.602272033691406,57.20000076293945,19.304014205932617
2006-10-10,94.07918548583984,49.51239013671875,47.22578811645508,57.0,18.788713455200195
2006-10-11,93.9678955078125,49.452144622802734,47.08601760864258,56.880001068115234,18.535024642944336
2006-10-12,94.7816390991211,49.482276916503906,47.11286926269531,57.4900016784668,18.74114418029785
2006-10-13,95.02503204345703,49.397926330566406,46.876243591308594,58.56999969482422,19.14546012878418
2006-10-16,95.17111206054688,49.482276916503906,47.08601760864258,59.16999816894531,19.31194305419922
2006-10-17,94.87203216552734,49.536468505859375,47.12366485595703,58.650001525878906,19.327796936035156
2006-10-18,94.99726867675781,49.524410247802734,47.2204704284668,58.59000015258789,19.01861572265625
2006-10-19,95.1502685546875,49.482276916503906,47.134395599365234,59.40999984741211,19.335723876953125
2006-10-20,95.17111206054688,49.470191955566406,47.08601760864258,58.779998779296875,19.066184997558594
2006-10-23,95.60923767089844,49.3316535949707,46.89773941040039,57.7599983215332,19.10582160949707
2006-10-24,95.8944320678711,49.397926330566406,46.89773941040039,58.16999816894531,19.24059295654297
2006-10-25,96.22135162353516,49.57862091064453,47.26885223388672,58.7599983215332,19.581485748291016
2006-10-26,96.5203857421875,49.74729919433594,47.575416564941406,59.290000915527344,19.446712493896484
2006-10-27,95.9153060913086,49.90990447998047,47.7958984375,59.400001525878906,19.502206802368164
2006-10-30,95.84573364257812,49.93400192260742,47.93036651611328,59.900001525878906,19.296085357666016
2006-10-31,95.83177947998047,50.156890869140625,48.30144119262695,60.2400016784668,19.177173614501953
2006-11-01,95.1850357055664,50.331024169921875,48.56869888305664,61.36000061035156,19.422931671142578
2006-11-02,95.1293716430664,50.19194793701172,48.36893844604492,61.91999816894531,19.280231475830078
2006-11-03,94.96246337890625,49.8110466003418,47.79668045043945,62.29999923706055,19.518062591552734
2006-11-06,96.03350067138672,49.85941696166992,47.93700408935547,61.88999938964844,19.85895347595215
2006-11-07,96.40210723876953,50.02873992919922,48.15835952758789,62.040000915527344,19.811384201049805
2006-11-08,96.61077117919922,50.13755798339844,48.33114242553711,61.11000061035156,19.7876033782959
2006-11-09,96.10308837890625,50.13148498535156,48.30411911010742,62.95000076293945,20.04922103881836
2006-11-10,96.14478302001953,50.24029541015625,48.51470947265625,62.4900016784668,19.629051208496094
2006-11-13,96.3812255859375,50.21615219116211,48.50390625,62.189998626708984,19.486351013183594
2006-11-14,97.10456848144531,50.318912506103516,48.6928825378418,61.630001068115234,19.541845321655273
2006-11-15,97.38277435302734,50.179832458496094,48.509315490722656,61.84000015258789,19.692474365234375
2006-11-16,97.63317108154297,50.05292510986328,48.2879524230957,61.310001373291016,19.200950622558594
2006-11-17,97.66095733642578,50.2342643737793,48.56328582763672,61.779998779296875,19.43878746032715
2006-11-20,97.71658325195312,50.26448059082031,48.63892364501953,61.77000045776367,19.367435455322266
2006-11-21,97.81394958496094,50.337039947509766,48.75764465332031,62.27000045776367,19.549774169921875
2006-11-22,98.00871276855469,50.415679931640625,48.8386344909668,62.5,19.621122360229492
2006-11-24,97.6123046875,50.470027923583984,48.925018310546875,63.5,19.890666961669922
2006-11-27,96.27001190185547,50.51841735839844,49.10319519042969,63.70000076293945,19.94615936279297
2006-11-28,96.68728637695312,50.60909652709961,49.20580291748047,63.56999969482422,20.00165557861328
2006-11-29,97.69574737548828,50.54863739013672,49.09237289428711,63.15999984741211,20.255338668823242
2006-11-30,97.73750305175781,50.814674377441406,49.41632080078125,64.38999938964844,20.43767738342285
2006-12-01,97.52188873291016,50.93238067626953,49.54206085205078,64.12000274658203,20.429750442504883
2006-12-04,98.26604461669922,50.92631912231445,49.6287727355957,64.12000274658203,20.334617614746094
2006-12-05,98.69031524658203,50.85955810546875,49.39574432373047,63.810001373291016,20.398038864135742
2006-12-06,98.60681915283203,50.78067398071289,49.298221588134766,62.689998626708984,20.128496170043945
2006-12-07,98.17562866210938,50.76245880126953,49.26026916503906,62.72999954223633,20.057146072387695
2006-12-08,98.3564682006836,50.531890869140625,48.90258026123047,62.04999923706055,19.898591995239258
2006-12-11,98.6415786743164,50.6896858215332,49.113956451416016,62.56999969482422,19.9303035736084
2006-12-12,98.56513214111328,50.78067398071289,49.21691131591797,62.52000045776367,19.898591995239258
2006-12-13,98.66939544677734,50.519798278808594,48.77797317504883,62.47999954223633,19.90652084350586
2006-12-14,99.5387954711914,50.44086456298828,48.5991325378418,62.119998931884766,20.136425018310547
2006-12-15,99.54785919189453,50.453033447265625,48.626216888427734,61.0,20.23155975341797
2006-12-18,99.27511596679688,50.47728729248047,48.642486572265625,61.040000915527344,19.874195098876953
2006-12-19,99.46397399902344,50.46516799926758,48.57743835449219,61.79999923706055,20.109731674194336
2006-12-20,99.40802764892578,50.453033447265625,48.571998596191406,61.619998931884766,20.150339126586914
2006-12-21,99.0443344116211,50.63505172729492,48.81583023071289,61.380001068115234,19.947290420532227
2006-12-22,98.43589782714844,50.40447235107422,48.44197082519531,61.650001525878906,20.101606369018555
2006-12-26,99.01637268066406,50.44086456298828,48.588279724121094,61.97999954223633,19.792978286743164
2006-12-27,99.66680145263672,50.30640411376953,48.23102951049805,62.220001220703125,19.736122131347656
2006-12-28,99.45698547363281,50.19080352783203,48.12229537963867,62.900001525878906,19.88231658935547
2006-12-29,99.0443344116211,50.166439056396484,48.08423614501953,63.209999084472656,19.963537216186523
2007-01-03,98.8695068359375,50.312477111816406,48.42677307128906,62.279998779296875,19.330028533935547
2007-01-04,99.07930755615234,50.49502182006836,48.720420837402344,61.650001525878906,18.826475143432617
2007-01-05,98.2890396118164,50.33079528808594,48.50834274291992,60.16999816894531,18.761503219604492
2007-01-08,98.74362182617188,50.367225646972656,48.59532165527344,60.47999954223633,18.85896110534668
2007-01-09,98.65966796875,50.355098724365234,48.59532165527344,60.849998474121094,18.6965274810791
2007-01-10,98.9883804321289,50.269920349121094,48.377838134765625,60.59000015258789,18.42038345336914
2007-01-11,99.42203521728516,50.13602066040039,48.09510803222656,60.630001068115234,18.39601707458496
2007-01-12,100.1773452758789,50.03254699707031,47.87216567993164,62.16999816894531,18.826475143432617
2007-01-16,99.98150634765625,50.12996292114258,47.97549819946289,61.970001220703125,18.39601707458496
2007-01-17,100.02344512939453,50.03254699707031,47.82866668701172,62.63999938964844,18.558454513549805
2007-01-18,99.6877670288086,50.09951400756836,47.97549819946289,62.2599983215332,18.3635311126709
2007-01-19,99.88359069824219,50.020408630371094,47.84498977661133,63.0,18.639673233032227
2007-01-22,99.57585144042969,50.11166000366211,47.959144592285156,62.720001220703125,18.655916213989258
2007-01-23,99.86956787109375,49.96564483642578,47.6437873840332,64.2300033569336,19.248815536499023
2007-01-24,100.67383575439453,49.971736907958984,47.638328552246094,64.33000183105469,19.086374282836914
2007-01-25,99.49195098876953,49.777008056640625,47.29574966430664,64.05999755859375,18.915817260742188
2007-01-26,99.40104675292969,49.77092742919922,47.257720947265625,64.16999816894531,19.151351928710938
2007-01-29,99.34504699707031,49.73434829711914,47.154396057128906,63.77000045776367,18.761503219604492
2007-01-30,99.86263275146484,49.78307342529297,47.20882034301758,64.22000122070312,19.281299591064453
2007-01-31,100.53397369384766,49.96564483642578,47.60577392578125,64.83000183105469,19.484346389770508
2007-02-01,101.13545989990234,49.92961502075195,47.54837417602539,65.22000122070312,19.4112491607666
2007-02-02,101.27536010742188,49.97234344482422,47.608436584472656,64.27999877929688,19.66302490234375
2007-02-05,101.30331420898438,50.02729415893555,47.674015045166016,64.30999755859375,19.598052978515625
2007-02-06,101.33126831054688,50.167816162109375,47.93602752685547,64.79000091552734,19.50058937072754
2007-02-07,101.5550765991211,50.277748107910156,48.07797622680664,64.62999725341797,19.265056610107422
2007-02-08,101.42218780517578,50.28997802734375,48.11617660522461,65.5199966430664,19.711759567260742
2007-02-09,100.66685485839844,50.137325286865234,47.84318542480469,66.12000274658203,19.833589553833008
2007-02-12,100.32418823242188,50.070098876953125,47.73401641845703,65.66999816894531,19.45998191833496
2007-02-13,101.1704330444336,50.033447265625,47.630279541015625,65.83999633789062,19.817344665527344
2007-02-14,101.83480834960938,50.320560455322266,48.083438873291016,66.37000274658203,19.549320220947266
2007-02-15,101.96766662597656,50.39997100830078,48.225399017333984,66.41000366210938,19.549320220947266
2007-02-16,101.91871643066406,50.45491409301758,48.394622802734375,66.36000061035156,19.89044189453125
2007-02-20,102.1355209350586,50.51599884033203,48.503822326660156,65.30999755859375,19.67115020751953
2007-02-21,102.09355926513672,50.50991439819336,48.42195129394531,67.3499984741211,20.09348487854004
2007-02-22,102.01660919189453,50.38162612915039,48.15988540649414,67.1500015258789,20.36962890625
2007-02-23,101.61798858642578,50.58314895629883,48.503822326660156,67.72000122070312,20.49957847595215
2007-02-26,101.5271224975586,50.74201965332031,48.825958251953125,68.0999984741211,20.556434631347656
2007-02-27,97.5616683959961,51.1695556640625,49.44288635253906,65.41000366210938,20.166582107543945
2007-02-28,98.56172943115234,50.992454528808594,49.21903991699219,66.4800033569336,20.4752140045166
2007-03-01,98.26806640625,51.03839874267578,49.18783950805664,65.81999969482422,20.329023361206055
2007-03-02,96.9811782836914,51.20389938354492,49.43449020385742,63.709999084472656,20.142215728759766
2007-03-05,96.05802917480469,51.23452377319336,49.51665115356445,62.93000030517578,19.841711044311523
2007-03-06,97.7015609741211,51.1671028137207,49.368648529052734,64.1500015258789,20.02850914001465
2007-03-07,97.60363006591797,51.259071350097656,49.56049346923828,64.30000305175781,20.304658889770508
2007-03-08,98.42888641357422,51.2529182434082,49.51665115356445,64.4800033569336,20.33714485168457
2007-03-09,98.45686340332031,50.96489715576172,48.99598693847656,64.25,20.069120407104492
2007-03-12,98.60371398925781,51.105812072753906,49.18783950805664,64.37000274658203,19.88231658935547
2007-03-13,96.68744659423828,51.33255386352539,49.48377990722656,63.720001220703125,19.728002548217773
2007-03-14,97.4078140258789,51.26515197753906,49.259071350097656,63.939998626708984,19.76861000061035
2007-03-15,97.54069519042969,51.210025787353516,49.253578186035156,63.97999954223633,19.646785736083984
2007-03-16,97.267578125,51.20389938354492,49.24264144897461,64.62000274658203,19.695514678955078
2007-03-19,98.44012451171875,51.136444091796875,49.13848876953125,64.73999786376953,19.792978286743164
2007-03-20,98.98078918457031,51.210025787353516,49.1658935546875,65.2699966430664,19.817344665527344
2007-03-21,100.60975646972656,51.28354263305664,49.18783950805664,65.81999969482422,19.849830627441406
2007-03-22,100.53253173828125,51.1119270324707,48.798683166503906,65.76000213623047,20.17470359802246
2007-03-23,100.67996215820312,51.03230667114258,48.661678314208984,65.1500015258789,20.18282699584961
2007-03-26,100.54653930664062,51.075199127197266,48.721981048583984,65.83999633789062,20.272167205810547
2007-03-27,100.30784606933594,51.062950134277344,48.6397705078125,65.69999694824219,20.329023361206055
2007-03-28,99.57764434814453,51.056785583496094,48.541141510009766,66.05000305175781,20.523950576782227
2007-03-29,99.68293762207031,50.9832763671875,48.4753532409668,65.6500015258789,20.921916961669922
2007-03-30,99.70398712158203,50.922000885009766,48.382164001464844,65.73999786376953,20.613285064697266
2007-04-02,99.81636047363281,50.9785270690918,48.46248245239258,65.8499984741211,20.41023826599121
2007-04-03,100.89060974121094,50.93549346923828,48.402000427246094,65.83000183105469,20.329023361206055
2007-04-04,101.0029525756836,51.0155029296875,48.45149230957031,66.80999755859375,20.556434631347656
2007-04-05,101.27677154541016,50.886287689208984,48.26995086669922,66.86000061035156,20.5970458984375
2007-04-09,101.41724395751953,50.65251922607422,47.950904846191406,66.52999877929688,20.38587188720703
2007-04-10,101.53654479980469,50.75709533691406,48.09391784667969,67.16000366210938,20.670141220092773
2007-04-11,101.12232971191406,50.69559860229492,48.06094741821289,67.08000183105469,20.63765525817871
2007-04-12,101.57170104980469,50.74474334716797,48.07191467285156,66.98999786376953,20.759479522705078
2007-04-13,102.03510284423828,50.658668518066406,47.92341995239258,67.83999633789062,20.87318229675293
2007-04-16,103.0040283203125,50.714019775390625,48.187442779541016,68.4000015258789,20.71074867248535
2007-04-17,103.27788543701172,50.92940139770508,48.45698165893555,68.0,20.49957847595215
2007-04-18,103.40425872802734,51.04624557495117,48.699058532714844,68.37999725341797,20.507699966430664
2007-04-19,103.37623596191406,51.040096282958984,48.61650466918945,67.52999877929688,20.450851440429688
2007-04-20,104.35211944580078,50.98472595214844,48.48998260498047,68.69999694824219,20.7351131439209
2007-04-23,103.95896911621094,51.089317321777344,48.6660270690918,68.26000213623047,20.87318229675293
2007-04-24,104.00111389160156,51.187744140625,48.847591400146484,67.7300033569336,20.58892059326172
2007-04-25,104.95600128173828,51.157005310058594,48.677032470703125,67.88999938964844,20.995014190673828
2007-04-26,105.07537841796875,51.00932312011719,48.324989318847656,66.87000274658203,20.848819732666016
2007-04-27,104.99110412597656,51.00932312011719,48.31397247314453,67.55999755859375,20.95440101623535
2007-04-30,104.12042236328125,51.2308349609375,48.82004928588867,67.08999633789062,20.767601013183594
2007-05-01,104.38728332519531,51.233280181884766,48.85539245605469,66.69000244140625,20.808212280273438
2007-05-02,104.99815368652344,51.171504974365234,48.82774353027344,66.66000366210938,20.64577293395996
2007-05-03,105.56687927246094,51.11594009399414,48.71732711791992,67.48999786376953,20.743236541748047
2007-05-04,105.96712493896484,51.2456169128418,48.916141510009766,68.19000244140625,20.702625274658203
2007-05-07,105.98816680908203,51.28888702392578,49.048580169677734,68.25,20.60516357421875
2007-05-08,105.84772491455078,51.28888702392578,48.93816375732422,67.87999725341797,20.4752140045166
2007-05-09,106.13562774658203,51.12214279174805,48.744964599609375,67.44999694824219,20.36962890625
2007-05-10,105.02619934082031,51.25181579589844,48.860904693603516,66.0,20.288410186767578
2007-05-11,105.92494201660156,51.146812438964844,48.68975830078125,66.44999694824219,20.58892059326172
2007-05-14,105.69322204589844,51.07272720336914,48.56277847290039,66.27999877929688,20.515825271606445
2007-05-15,105.72134399414062,51.06654357910156,48.546207427978516,66.54000091552734,20.718870162963867
2007-05-16,106.44454956054688,51.035640716552734,48.51307678222656,65.5999984741211,20.515825271606445
2007-05-17,106.23387145996094,50.89979934692383,48.314327239990234,65.05999755859375,20.68638038635254
2007-05-18,107.1607437133789,50.75157928466797,47.99406814575195,65.5199966430664,20.653892517089844
2007-05-21,107.10452270507812,50.81954574584961,48.13762283325195,65.66999816894531,20.856945037841797
2007-05-22,107.02031707763672,50.677452087402344,47.88924789428711,65.19999694824219,20.556434631347656
2007-05-23,107.03434753417969,50.57862854003906,47.751163482666016,65.54000091552734,20.653892517089844
2007-05-24,106.06541442871094,50.6466178894043,47.795352935791016,64.75,20.540189743041992
2007-05-25,106.50777435302734,50.591033935546875,47.68495178222656,64.94000244140625,20.79196548461914
2007-05-29,106.8939208984375,50.48603057861328,47.679386138916016,65.06999969482422,20.33714485168457
2007-05-30,107.76451873779297,50.53544616699219,47.77878189086914,64.72000122070312,20.532066345214844
2007-05-31,107.65223693847656,50.516929626464844,47.69041442871094,65.54000091552734,20.718870162963867
2007-06-01,108.1858139038086,50.29928207397461,47.439903259277344,66.44000244140625,20.87318229675293
2007-06-04,108.19989776611328,50.37987518310547,47.656105041503906,66.54000091552734,21.059988021850586
2007-06-05,107.77157592773438,50.218666076660156,47.356807708740234,66.37000274658203,20.978769302368164
2007-06-06,106.61304473876953,50.243465423583984,47.334590911865234,66.41000366210938,20.97064781188965
2007-06-07,104.68920135498047,49.741233825683594,46.48659133911133,65.26000213623047,21.076234817504883
2007-06-08,106.05135345458984,49.83424758911133,46.4477653503418,64.22000122070312,20.702625274658203
2007-06-11,106.23387145996094,49.70404052734375,46.314754486083984,64.69999694824219,21.100595474243164
2007-06-12,105.07537841796875,49.35059356689453,45.644100189208984,64.0999984741211,21.043743133544922
2007-06-13,106.64817810058594,49.51177978515625,46.18729019165039,64.52999877929688,21.311765670776367
2007-06-14,107.32926940917969,49.52418518066406,46.070899963378906,64.5999984741211,21.514812469482422
2007-06-15,107.93992614746094,49.741233825683594,46.386802673339844,64.8499984741211,21.644760131835938
2007-06-18,107.81303405761719,49.716426849365234,46.29255676269531,64.94999694824219,21.644760131835938
2007-06-19,108.08096313476562,49.95822525024414,46.724918365478516,65.4800033569336,21.43359375
2007-06-20,106.57893371582031,49.79700469970703,46.347999572753906,64.70999908447266,21.45796012878418
2007-06-21,107.1712875366211,49.73500442504883,46.12629699707031,64.55999755859375,21.360498428344727
2007-06-22,106.162841796875,49.883792877197266,46.425594329833984,64.77999877929688,21.311765670776367
2007-06-25,105.65520477294922,50.04505920410156,46.68059539794922,64.43000030517578,21.230545043945312
2007-06-26,104.56922912597656,50.05743408203125,46.69166564941406,63.619998931884766,20.98689079284668
2007-06-27,106.05708312988281,50.05126190185547,46.73597717285156,63.66999816894531,20.95440101623535
2007-06-28,106.04302215576172,50.02025604248047,46.724918365478516,64.26000213623047,20.88943099975586
2007-06-29,106.07830810546875,50.2806282043457,47.2071533203125,64.2699966430664,20.87318229675293
2007-07-02,107.03734588623047,50.35722351074219,47.45530319213867,65.0199966430664,21.003137588500977
2007-07-03,107.4251480102539,50.207855224609375,47.165958404541016,64.73999786376953,21.02750015258789
2007-07-05,107.31234741210938,49.92771911621094,46.6373405456543,64.41999816894531,21.222427368164062
2007-07-06,107.87638854980469,49.80947494506836,46.44816970825195,64.95999908447266,21.401107788085938
2007-07-09,107.96110534667969,49.98997497558594,46.61510467529297,65.37999725341797,21.352375030517578
2007-07-10,106.42379760742188,50.33237838745117,47.40519714355469,65.61000061035156,21.506690979003906
2007-07-11,107.17833709716797,50.1580696105957,46.915557861328125,65.44000244140625,21.555423736572266
2007-07-12,108.87074279785156,50.0149040222168,46.75423049926758,66.0199966430664,21.612274169921875
2007-07-13,109.19508361816406,50.126953125,46.882164001464844,66.02999877929688,21.644760131835938
2007-07-16,109.18103790283203,50.32612991333008,47.33287048339844,65.81999969482422,21.26303482055664
2007-07-17,109.12459564208984,50.220279693603516,47.23270797729492,65.75,21.133085250854492
2007-07-18,108.92716979980469,50.40079879760742,47.4107666015625,66.62000274658203,21.376737594604492
2007-07-19,109.35022735595703,50.39459991455078,47.399635314941406,67.01000213623047,21.44983673095703
2007-07-20,108.24312591552734,50.64357376098633,47.82809066772461,67.58000183105469,21.44171714782715
2007-07-23,108.57457733154297,50.6248779296875,47.75015640258789,67.47000122070312,21.34425163269043
2007-07-24,106.69178771972656,50.76182556152344,47.92822265625,67.47000122070312,21.18181610107422
2007-07-25,106.91034698486328,50.83033752441406,48.0228157043457,66.9000015258789,21.36861801147461
2007-07-26,104.37884521484375,51.2348747253418,48.42341995239258,65.6500015258789,21.14120864868164
2007-07-27,102.32682037353516,51.33452224731445,48.5624885559082,65.41000366210938,21.34425163269043
2007-07-30,103.92753601074219,51.20381546020508,48.42341995239258,65.7699966430664,21.100595474243164
2007-07-31,102.75694274902344,51.41541290283203,48.773929595947266,65.79000091552734,21.271156311035156
2007-08-01,103.2575912475586,51.2729377746582,48.66838836669922,65.93000030517578,21.23866844177246
2007-08-02,104.08264923095703,51.31047821044922,48.791263580322266,65.88999938964844,21.271156311035156
2007-08-03,101.40306854248047,51.641624450683594,49.11524963378906,66.69000244140625,21.03562355041504
2007-08-06,103.1025161743164,51.435420989990234,48.75770568847656,66.5199966430664,20.743236541748047
2007-08-07,104.2025375366211,51.4291877746582,48.71864700317383,66.4800033569336,20.856945037841797
2007-08-08,105.65520477294922,51.0729866027832,48.12656784057617,66.7699966430664,20.82444953918457
2007-08-09,102.52424621582031,51.36043167114258,48.19356155395508,65.45999908447266,20.662017822265625
2007-08-10,102.04472351074219,51.28543472290039,48.081844329833984,66.56999969482422,20.7351131439209
2007-08-13,102.41143798828125,51.36668395996094,48.221519470214844,66.26000213623047,20.58892059326172
2007-08-14,100.84593963623047,51.554161071777344,48.350013732910156,66.29000091552734,20.653892517089844
2007-08-15,99.45673370361328,51.64787292480469,48.17685317993164,66.12999725341797,20.808212280273438
2007-08-16,100.20423889160156,51.84785842895508,48.67395782470703,64.68000030517578,20.450851440429688
2007-08-17,102.04472351074219,51.885372161865234,48.47846603393555,65.01000213623047,20.434602737426758
2007-08-20,101.99540710449219,51.997825622558594,48.506378173828125,65.12000274658203,20.491458892822266
2007-08-21,102.19989013671875,52.2227897644043,48.741004943847656,65.06999969482422,20.458967208862305
2007-08-22,103.41275787353516,52.054039001464844,48.662757873535156,65.4000015258789,20.507699966430664
2007-08-23,103.32107543945312,52.072818756103516,48.83036422729492,65.30999755859375,20.572675704956055
2007-08-24,104.59742736816406,52.09153747558594,49.070518493652344,66.11000061035156,20.816333770751953
2007-08-27,103.62432098388672,52.23529052734375,49.32748031616211,65.9800033569336,20.8406982421875
2007-08-28,101.34661865234375,52.50401306152344,49.411277770996094,65.58999633789062,20.62140655517578
2007-08-29,103.33516693115234,52.304073333740234,49.27717208862305,66.06999969482422,20.816333770751953
2007-08-30,103.0601806640625,52.56650161743164,49.60676193237305,65.80000305175781,20.856945037841797
2007-08-31,104.07561492919922,52.57902145385742,49.645851135253906,66.5199966430664,20.865062713623047
2007-09-04,105.12631225585938,52.4810791015625,49.669429779052734,67.44000244140625,21.100595474243164
2007-09-05,104.21661376953125,52.807373046875,50.06761169433594,67.55999755859375,21.14120864868164
2007-09-06,104.45640563964844,52.694435119628906,49.93861389160156,68.86000061035156,21.059988021850586
2007-09-07,103.00373077392578,53.259029388427734,50.64531707763672,69.38999938964844,21.19805908203125
2007-09-10,102.80631256103516,53.3782958984375,51.037906646728516,69.62000274658203,21.34425163269043
2007-09-11,104.00507354736328,53.26534652709961,50.998653411865234,70.5199966430664,21.392982482910156
2007-09-12,104.27301788330078,53.13359451293945,50.8079719543457,70.45999908447266,21.620397567749023
2007-09-13,105.00642395019531,52.819923400878906,50.35365676879883,70.08000183105469,21.45796012878418
2007-09-14,104.9993667602539,52.888919830322266,50.42655944824219,69.98999786376953,21.474205017089844
2007-09-17,104.43522644042969,52.920291900634766,50.66778564453125,70.97000122070312,21.725982666015625
2007-09-18,107.5097427368164,52.86384201049805,50.2863655090332,71.69999694824219,21.807199478149414
2007-09-19,108.14440155029297,52.67560577392578,49.82085418701172,71.43000030517578,21.994003295898438
2007-09-20,107.38288879394531,52.079566955566406,48.87862777709961,72.72000122070312,22.335119247436523
2007-09-21,107.67259979248047,52.34312438964844,49.29366683959961,72.33999633789062,22.489437103271484
2007-09-24,107.4742431640625,52.412109375,49.433868408203125,72.27999877929688,22.44882583618164
2007-09-25,107.26167297363281,52.41841506958008,49.26000213623047,72.33000183105469,22.28639030456543
2007-09-26,107.82848358154297,52.43720626831055,49.3049201965332,72.0,22.318872451782227
2007-09-27,108.4661636352539,52.60657501220703,49.647003173828125,72.69999694824219,22.90365219116211
2007-09-28,108.10482788085938,52.62540817260742,49.759159088134766,73.51000213623047,22.830554962158203
2007-10-01,109.32345581054688,52.68839645385742,50.04346466064453,73.9000015258789,22.59501838684082
2007-10-02,109.17463684082031,52.80171203613281,50.20118713378906,72.3499984741211,22.14019775390625
2007-10-03,108.95500946044922,52.763938903808594,50.054771423339844,71.9000015258789,22.16456413269043
2007-10-04,109.12510681152344,52.85840606689453,50.24620056152344,72.87000274658203,22.47319221496582
2007-10-05,110.42163848876953,52.39239501953125,49.705684661865234,73.4000015258789,22.538166046142578
2007-10-08,109.83358001708984,52.58131790161133,49.666255950927734,72.52999877929688,22.06709861755371
2007-10-09,110.86799621582031,52.417598724365234,49.60431671142578,73.08999633789062,22.221412658691406
2007-10-10,110.683837890625,52.46799087524414,49.63247299194336,73.36000061035156,22.481311798095703
2007-10-11,110.15240478515625,52.47428512573242,49.581817626953125,73.91000366210938,22.733091354370117
2007-10-12,110.76171875,52.29794692993164,49.339691162109375,74.58999633789062,22.83867645263672
2007-10-15,109.82649230957031,52.34832763671875,49.350955963134766,75.13999938964844,23.228525161743164
2007-10-16,108.95500946044922,52.4931526184082,49.36784362792969,75.12000274658203,23.252887725830078
2007-10-17,109.28805541992188,52.8143424987793,49.908363342285156,74.5,23.13106346130371
2007-10-18,108.89127349853516,53.01585388183594,50.18428039550781,76.0,23.545276641845703
2007-10-19,106.04306030273438,53.46925354003906,50.933074951171875,75.69999694824219,23.480302810668945
2007-10-22,106.65943908691406,53.36844253540039,50.93878173828125,74.5999984741211,23.415328979492188
2007-10-23,107.52381134033203,53.35591506958008,50.871185302734375,75.2300033569336,23.252887725830078
2007-10-24,107.325439453125,53.62665939331055,51.24843215942383,75.5199966430664,23.3341121673584
2007-10-25,107.58050537109375,53.58256149291992,51.073875427246094,76.02999877929688,23.87827491760254
2007-10-26,108.84164428710938,53.450347900390625,50.955657958984375,77.69000244140625,24.243757247924805
2007-10-29,109.20304870605469,53.49445724487305,51.1527099609375,78.12000274658203,24.641727447509766
2007-10-30,108.44487762451172,53.551109313964844,51.12457275390625,77.3499984741211,24.089441299438477
2007-10-31,109.57147216796875,53.192161560058594,50.66284942626953,78.62000274658203,24.771677017211914
2007-11-01,107.00662994384766,53.62630844116211,51.32111740112305,77.93000030517578,24.454927444458008
2007-11-02,107.12705993652344,53.771629333496094,51.48509979248047,79.83000183105469,24.98284912109375
2007-11-05,106.31230163574219,53.708473205566406,51.46247863769531,79.75,24.820409774780273
2007-11-06,107.74348449707031,53.61366653442383,51.21364974975586,81.43000030517578,25.47015953063965
2007-11-07,104.7960205078125,53.8095703125,51.30413818359375,82.23999786376953,25.3402099609375
2007-11-08,104.26466369628906,53.92962646484375,51.21364974975586,82.2300033569336,25.27523422241211
2007-11-09,102.83345031738281,54.25196838378906,51.64910125732422,82.18000030517578,25.267114639282227
2007-11-12,101.81326293945312,54.34673309326172,51.83572769165039,78.30000305175781,24.714826583862305
2007-11-13,104.91651153564453,54.06865310668945,51.64347457885742,79.12000274658203,24.243757247924805
2007-11-14,104.62600708007812,54.10658645629883,51.700008392333984,80.27999877929688,24.78792381286621
2007-11-15,103.11691284179688,54.409873962402344,52.18636703491211,77.94999694824219,24.544265747070312
2007-11-16,103.29402160644531,54.409873962402344,52.2598762512207,77.75,24.625484466552734
2007-11-19,101.85569763183594,54.80167770385742,52.59918975830078,77.23999786376953,24.812288284301758
2007-11-20,102.479248046875,54.65637969970703,52.54265213012695,79.47000122070312,25.429550170898438
2007-11-21,100.38199615478516,55.08607864379883,52.84804916381836,79.36000061035156,25.4620361328125
2007-11-23,102.11787414550781,54.92176055908203,53.00634002685547,81.25,25.69757080078125
2007-11-26,99.86481475830078,55.67379379272461,54.052589416503906,81.30000305175781,25.38081932067871
2007-11-27,101.01261901855469,55.155574798583984,53.53795623779297,80.0999984741211,25.177772521972656
2007-11-28,104.24343872070312,54.95967102050781,53.176025390625,79.56999969482422,24.869142532348633
2007-11-29,104.27888488769531,55.26933288574219,53.63410949707031,78.27999877929688,24.925996780395508
2007-11-30,105.32746124267578,55.34518051147461,53.37394714355469,77.31999969482422,24.61736297607422
2007-12-03,104.63314056396484,55.56394958496094,53.79751968383789,78.27999877929688,24.796045303344727
2007-12-04,103.69786834716797,55.61469268798828,53.79185485839844,79.4000015258789,24.909751892089844
2007-12-05,105.43372344970703,55.405426025390625,53.150245666503906,78.62999725341797,24.72294807434082
2007-12-06,106.94286346435547,55.11372756958008,52.68467330932617,79.37000274658203,25.169649124145508
2007-12-07,106.92160034179688,54.75865936279297,52.094181060791016,78.5999984741211,25.08843231201172
2007-12-10,107.75055694580078,54.63180923461914,51.78191375732422,80.0,25.072189331054688
2007-12-11,104.7960205078125,55.38001251220703,52.79821014404297,78.83999633789062,25.29147720336914
2007-12-12,105.83053588867188,54.91720199584961,52.253143310546875,80.48999786376953,25.981836318969727
2007-12-13,105.61087799072266,54.511375427246094,51.685386657714844,78.5,25.7056941986084
2007-12-14,104.2717056274414,54.35280227661133,51.446929931640625,78.5199966430664,25.527013778686523
2007-12-17,102.78392791748047,54.676212310791016,51.90679931640625,78.12999725341797,25.40216636657715
2007-12-18,103.35779571533203,54.78400802612305,52.24181365966797,79.25,25.29396629333496
2007-12-19,103.35779571533203,55.22152328491211,52.93452072143555,79.23999786376953,25.53533363342285
2007-12-20,104.00959777832031,55.13275909423828,52.8209342956543,78.66999816894531,25.427133560180664
2007-12-21,105.50895690917969,54.73328399658203,52.04874038696289,80.0999984741211,25.726764678955078
2007-12-24,106.29241943359375,54.574771881103516,51.80461120605469,80.13999938964844,25.91819953918457
2007-12-26,106.52035522460938,54.31481170654297,51.350341796875,81.5199966430664,26.226154327392578
2007-12-27,105.18128204345703,54.67948532104492,51.910186767578125,81.55999755859375,26.31770896911621
2007-12-28,104.91777801513672,55.118587493896484,52.71971130371094,83.0,26.234477996826172
2007-12-31,104.14140319824219,55.37312316894531,53.038944244384766,82.45999908447266,26.26776695251465
2008-01-02,103.22969818115234,55.767730712890625,53.80280303955078,84.86000061035156,26.99188232421875
2008-01-03,103.1798095703125,55.88225555419922,53.72871780395508,85.56999969482422,27.1999568939209
2008-01-04,100.65129852294922,56.02864074707031,53.74006271362305,85.12999725341797,27.04182243347168
2008-01-07,100.56578826904297,56.130470275878906,53.97384262084961,84.7699966430664,26.550756454467773
2008-01-08,98.94182586669922,56.25136184692383,53.9111213684082,86.77999877929688,26.792123794555664
2008-01-09,99.98170471191406,56.16231155395508,54.01371383666992,86.55000305175781,26.525787353515625
2008-01-10,100.636962890625,56.00954818725586,53.284088134765625,88.25,26.400941848754883
2008-01-11,99.82499694824219,56.365943908691406,53.700199127197266,88.58000183105469,26.642311096191406
2008-01-14,100.6298599243164,56.3913459777832,53.89971160888672,89.54000091552734,26.97523307800293
2008-01-15,98.41472625732422,56.7605094909668,54.50396728515625,87.98999786376953,26.642311096191406
2008-01-16,97.56708526611328,56.65235137939453,54.110679626464844,86.69999694824219,26.392616271972656
2008-01-17,95.03853607177734,57.110504150390625,54.81187057495117,86.5,26.051368713378906
2008-01-18,94.062744140625,57.02778244018555,54.43556594848633,87.41999816894531,26.1512451171875
2008-01-22,93.10829162597656,57.6641845703125,55.017051696777344,88.16999816894531,26.0596923828125
2008-01-23,95.3448486328125,57.396881103515625,54.89163589477539,87.88999938964844,25.568626403808594
2008-01-24,96.1496810913086,56.875030517578125,53.79140090942383,90.08000183105469,26.201183319091797
2008-01-25,94.76075744628906,57.403289794921875,54.697837829589844,90.30000305175781,26.78380584716797
2008-01-28,96.32776641845703,57.19325637817383,54.492549896240234,91.75,26.90865135192871
2008-01-29,96.80496978759766,56.96415328979492,54.12202072143555,91.1500015258789,27.133371353149414
2008-01-30,96.09269714355469,56.93867111206055,53.768619537353516,92.05999755859375,26.90032958984375
2008-01-31,97.84491729736328,57.23139953613281,54.15054702758789,91.4000015258789,27.03349494934082
2008-02-01,99.41902160644531,57.417198181152344,54.47606658935547,89.3499984741211,26.559080123901367
2008-02-04,98.1654052734375,57.098060607910156,53.91544723510742,89.0999984741211,27.025177001953125
2008-02-05,95.53717041015625,57.50017547607422,54.32731246948242,87.68000030517578,26.800451278686523
2008-02-06,94.76789093017578,57.39802551269531,54.16144561767578,88.94999694824219,26.67560386657715
2008-02-07,95.39469909667969,56.753318786621094,52.99441146850586,89.8499984741211,27.000202178955078
2008-02-08,94.7821273803711,57.23210144042969,53.6008186340332,91.0,27.80754852294922
2008-02-11,95.2664794921875,57.35973358154297,53.82390213012695,91.33000183105469,27.990657806396484
2008-02-12,96.1496810913086,57.23843765258789,53.503570556640625,89.33000183105469,27.424684524536133
2008-02-13,97.13264465332031,56.995849609375,52.93724822998047,89.44000244140625,27.6494083404541
2008-02-14,96.27790069580078,56.68305206298828,52.15922164916992,89.70999908447266,28.207054138183594
2008-02-15,96.25650024414062,56.80437469482422,52.55968475341797,89.1500015258789,28.073884963989258
2008-02-19,96.52718353271484,56.3957633972168,52.02769470214844,91.58000183105469,28.98943328857422
2008-02-20,96.81206512451172,56.344696044921875,52.3880729675293,93.23999786376953,29.13924217224121
2008-02-21,96.00723266601562,56.92566680908203,52.94297790527344,93.25,28.981111526489258
2008-02-22,96.59843444824219,56.76602554321289,52.639766693115234,93.38999938964844,29.380617141723633
2008-02-25,97.8163833618164,56.38938522338867,52.10202407836914,92.73999786376953,29.663602828979492
2008-02-26,98.55005645751953,56.52981185913086,52.11919403076172,93.70999908447266,30.296161651611328
2008-02-27,98.45030975341797,56.66388702392578,52.16492462158203,94.77999877929688,30.25454330444336
2008-02-28,97.48873901367188,57.32781982421875,53.09170150756836,95.98999786376953,30.545852661132812
2008-02-29,95.31632995605469,57.9406852722168,53.90400695800781,96.18000030517578,30.046463012695312
2008-03-03,95.08838653564453,57.79337692260742,53.76506805419922,97.23999786376953,30.487592697143555
2008-03-04,94.72516632080078,57.57564926147461,53.2425651550293,95.18000030517578,30.379390716552734
2008-03-05,95.32341003417969,57.32595443725586,52.605220794677734,97.72000122070312,31.04524040222168
2008-03-06,93.35042572021484,57.7869987487793,52.88658905029297,96.5,31.278291702270508
2008-03-07,92.38887786865234,57.98549270629883,52.95546340942383,96.08999633789062,30.96200942993164
2008-03-10,91.17090606689453,58.40171432495117,53.73630905151367,95.87000274658203,31.544626235961914
2008-03-11,94.44735717773438,57.76779556274414,53.27701950073242,95.98999786376953,32.03569793701172
2008-03-12,93.56413269042969,58.433746337890625,54.304752349853516,97.01000213623047,32.3852653503418
2008-03-13,93.77068328857422,58.1263542175293,53.87989044189453,98.33999633789062,32.41855239868164
2008-03-14,92.31768035888672,58.72834777832031,54.54594421386719,98.70999908447266,32.37694549560547
2008-03-17,91.38457489013672,59.022884368896484,54.965065002441406,99.16999816894531,31.07853126525879
2008-03-18,95.18099212646484,58.61945724487305,54.752620697021484,96.5,31.769350051879883
2008-03-19,92.8233642578125,59.12537384033203,55.65979766845703,93.04000091552734,30.396038055419922
2008-03-20,94.542724609375,59.25342559814453,55.797607421875,89.91000366210938,29.172536849975586
2008-03-24,96.43241119384766,58.209625244140625,54.71816635131836,90.0999984741211,29.70522117614746
2008-03-25,96.5255126953125,58.41453552246094,54.9478645324707,92.7300033569336,30.00484848022461
2008-03-26,95.34439086914062,58.4593505859375,54.71816635131836,93.80000305175781,30.903749465942383
2008-03-27,95.04377746582031,58.38257598876953,54.3334846496582,93.45999908447266,31.244997024536133
2008-03-28,94.13471984863281,58.613059997558594,54.861690521240234,91.87999725341797,30.504243850708008
2008-03-31,94.46395874023438,58.715545654296875,55.056907653808594,90.41000366210938,29.77180290222168
2008-04-01,97.78529357910156,58.20212936401367,54.16089630126953,86.86000061035156,29.60533905029297
2008-04-02,97.84968566894531,58.00932693481445,54.27617263793945,89.2699966430664,30.487592697143555
2008-04-03,98.09307098388672,58.00932693481445,54.397274017333984,89.41999816894531,30.654052734375
2008-04-04,97.98571014404297,58.45273208618164,54.89317321777344,90.25,30.870450973510742
2008-04-07,98.03582000732422,58.06721878051758,54.6048698425293,91.16999816894531,31.203384399414062
2008-04-08,97.93563842773438,58.0735969543457,54.414588928222656,90.3499984741211,31.328227996826172
2008-04-09,97.2269515991211,58.42058563232422,54.97963333129883,92.29000091552734,31.852582931518555
2008-04-10,97.36296081542969,58.189266204833984,54.795162200927734,91.7699966430664,31.711084365844727
2008-04-11,95.4732437133789,58.439918518066406,55.16416549682617,91.30000305175781,31.586246490478516
2008-04-14,95.15117645263672,58.2921257019043,54.841270446777344,91.11000061035156,31.802644729614258
2008-04-15,95.37303161621094,58.02864074707031,54.16089630126953,91.66000366210938,32.18550491333008
2008-04-16,97.95709228515625,57.63665008544922,53.63039016723633,93.2699966430664,32.493465423583984
2008-04-17,98.1002426147461,57.501708984375,53.53813552856445,92.55999755859375,32.343650817871094
2008-04-18,99.12380981445312,57.443851470947266,53.492000579833984,90.62000274658203,32.360294342041016
2008-04-21,99.1739273071289,57.45036697387695,53.705360412597656,90.25,32.40190887451172
2008-04-22,98.7373275756836,57.495323181152344,53.889869689941406,90.2699966430664,32.60166931152344
2008-04-23,98.57981872558594,57.4375114440918,53.71113586425781,89.22000122070312,32.2937126159668
2008-04-24,99.00932312011719,56.98772048950195,53.25555419921875,87.22000122070312,31.752708435058594
2008-04-25,99.92549896240234,56.91061782836914,52.94420623779297,87.2699966430664,32.335323333740234
2008-04-28,99.94702911376953,57.01338577270508,53.105655670166016,87.69000244140625,32.41023254394531
2008-04-29,99.55331420898438,57.116207122802734,53.3074951171875,85.80999755859375,31.627859115600586
2008-04-30,98.96634674072266,57.29612731933594,53.68803787231445,86.6500015258789,31.569602966308594
2008-05-01,101.01354217529297,57.28968811035156,53.691505432128906,83.98999786376953,30.837160110473633
2008-05-02,101.29270935058594,56.82562255859375,53.014442443847656,84.58000183105469,31.61954116821289
2008-05-05,100.80596923828125,56.90940475463867,53.014442443847656,86.2699966430664,32.277061462402344
2008-05-06,101.67922973632812,56.72890853881836,52.63251876831055,86.62999725341797,32.701541900634766
2008-05-07,99.86825561523438,56.95451736450195,52.858219146728516,85.81999969482422,32.759803771972656
2008-05-08,99.610595703125,57.321922302246094,53.33270263671875,87.23999786376953,33.29248046875
2008-05-09,99.42446899414062,57.38636016845703,53.52946853637695,87.41999816894531,33.808509826660156
2008-05-12,100.54114532470703,57.28968811035156,53.44846725463867,86.98999786376953,33.234222412109375
2008-05-13,100.55543518066406,56.81270217895508,52.86402893066406,85.38999938964844,33.41733169555664
2008-05-14,100.76301574707031,56.793365478515625,52.887142181396484,85.19999694824219,32.8763313293457
2008-05-15,102.02283477783203,57.10921859741211,53.367488861083984,87.0,33.25086975097656
2008-05-16,102.11583709716797,57.01252365112305,53.14756393432617,89.0999984741211,33.73360824584961
2008-05-19,102.3950424194336,57.141475677490234,53.216983795166016,89.38999938964844,33.78355026245117
2008-05-20,101.56464385986328,57.315467834472656,53.494781494140625,90.9000015258789,34.2496452331543
2008-05-21,99.8467788696289,57.180118560791016,53.50628662109375,91.95999908447266,35.2484130859375
2008-05-22,99.8611068725586,56.806270599365234,52.875579833984375,90.9800033569336,34.74070739746094
2008-05-23,98.52257537841797,57.05763626098633,53.107017517089844,91.2300033569336,34.807289123535156
2008-05-27,99.252685546875,56.780494689941406,52.748233795166016,89.36000061035156,34.2496452331543
2008-05-28,99.71076202392578,56.35506057739258,52.27953338623047,89.13999938964844,34.46604537963867
2008-05-29,100.21186065673828,56.090782165527344,51.903358459472656,86.51000213623047,33.52552795410156
2008-05-30,100.46235656738281,56.27770233154297,52.24476623535156,87.44999694824219,33.7502555847168
2008-06-02,99.42446899414062,56.61211013793945,52.446327209472656,87.95999908447266,34.199703216552734
2008-06-03,98.84467315673828,56.90968322753906,52.823848724365234,86.87999725341797,33.39236068725586
2008-06-04,98.79454040527344,56.70268249511719,52.353416442871094,86.6500015258789,32.892974853515625
2008-06-05,100.77017211914062,56.405147552490234,52.03976058959961,86.44999694824219,34.14144515991211
2008-06-06,97.55622100830078,56.896751403808594,52.71350860595703,89.05999755859375,35.0153694152832
2008-06-09,97.79246520996094,56.48925018310547,52.71350860595703,87.98999786376953,35.373260498046875
2008-06-10,97.30571746826172,56.15287780761719,52.370819091796875,85.55000305175781,35.231773376464844
2008-06-11,95.87409973144531,56.21111297607422,52.24885177612305,87.0199966430664,36.53017807006836
2008-06-12,96.23918151855469,55.71950149536133,51.72612762451172,85.5999984741211,36.521854400634766
2008-06-13,97.4560317993164,55.590118408203125,51.615787506103516,85.83000183105469,36.2888069152832
2008-06-16,97.51326751708984,55.596527099609375,51.62738037109375,87.01000213623047,36.255516052246094
2008-06-17,97.04087829589844,55.784175872802734,51.73194885253906,87.25,36.621726989746094
2008-06-18,96.09598541259766,56.08818817138672,52.16752624511719,88.27999877929688,37.121116638183594
2008-06-19,96.21765899658203,55.76475143432617,51.85967254638672,88.41999816894531,36.255516052246094
2008-06-20,94.65592956542969,56.02349090576172,52.16176223754883,88.94999694824219,36.50520706176758
2008-06-23,94.56239318847656,55.99763488769531,52.27206802368164,87.08999633789062,36.76322555541992
2008-06-24,94.37539672851562,56.29515838623047,52.62056350708008,87.47000122070312,36.77155303955078
2008-06-25,94.82136535644531,56.28871536254883,52.6437873840332,87.41999816894531,36.63005447387695
2008-06-26,92.2459716796875,56.60567855834961,52.998085021972656,90.61000061035156,37.84523010253906
2008-06-27,91.74242401123047,56.8837776184082,53.619537353515625,91.47000122070312,37.945106506347656
2008-06-30,92.06614685058594,56.92264938354492,53.63117980957031,91.4000015258789,37.27093505859375
2008-07-01,92.35388946533203,56.768157958984375,53.50408172607422,92.66000366210938,37.92845916748047
2008-07-02,90.77128601074219,56.90446090698242,53.783870697021484,93.16999816894531,38.65257263183594
2008-07-03,90.86479949951172,56.92393493652344,53.66731643676758,92.05999755859375,38.63592529296875
2008-07-07,89.93678283691406,57.19003677368164,53.91210174560547,91.2300033569336,38.111572265625
2008-07-08,91.53382110595703,57.332767486572266,54.26184844970703,90.86000061035156,36.72993469238281
2008-07-09,89.77131652832031,57.60538101196289,54.50082015991211,91.5,36.70496368408203
2008-07-10,90.13822174072266,57.62482452392578,54.49504089355469,93.52999877929688,37.703731536865234
2008-07-11,89.0879135131836,57.0861701965332,53.719764709472656,95.16000366210938,38.22809982299805
2008-07-14,88.2822494506836,57.39118957519531,54.19190216064453,95.91000366210938,38.2447395324707
2008-07-15,87.03768157958984,57.598876953125,54.174400329589844,96.16999816894531,37.029563903808594
2008-07-16,89.17425537109375,57.07318115234375,53.195125579833984,94.44000244140625,36.463600158691406
2008-07-17,90.0662612915039,56.80059814453125,52.92118835449219,94.22000122070312,35.6063117980957
2008-07-18,90.62739562988281,56.60593032836914,52.72303009033203,94.16999816894531,34.99872589111328
2008-07-21,90.67776489257812,56.735679626464844,52.927032470703125,95.12000274658203,35.42320251464844
2008-07-22,91.70646667480469,56.541011810302734,52.66468811035156,93.05999755859375,34.64915466308594
2008-07-23,92.20282745361328,56.45012664794922,52.55978775024414,90.56999969482422,33.86677932739258
2008-07-24,90.28929901123047,56.93691635131836,53.07271194458008,91.33000183105469,33.89175033569336
2008-07-25,90.2677230834961,56.60593032836914,52.542327880859375,91.69000244140625,33.46726989746094
2008-07-28,88.94403076171875,56.93042755126953,53.07271194458008,91.7300033569336,33.63372802734375
2008-07-29,90.84320831298828,56.768157958984375,52.85706329345703,90.58999633789062,33.25086975097656
2008-07-30,92.46182250976562,56.87850570678711,52.909523010253906,89.5199966430664,33.908390045166016
2008-07-31,91.23888397216797,57.332767486572266,53.43412780761719,90.08000183105469,33.62541198730469
2008-08-01,90.75688171386719,57.361473083496094,53.55230712890625,89.56999969482422,33.25086975097656
2008-08-04,89.91519165039062,57.32233810424805,53.429439544677734,88.13999938964844,32.1522216796875
2008-08-05,92.33953857421875,57.02932357788086,53.03163146972656,86.08000183105469,31.927494049072266
2008-08-06,92.74955749511719,57.048885345458984,52.815189361572266,86.63999938964844,31.586246490478516
2008-08-07,91.36834716796875,57.58284378051758,53.675201416015625,86.08999633789062,31.761030197143555
2008-08-08,93.06607818603516,57.55679702758789,53.821407318115234,84.43000030517578,30.870450973510742
2008-08-11,94.03007507324219,57.276756286621094,53.30662155151367,81.12999725341797,30.837160110473633
2008-08-12,93.05169677734375,57.674041748046875,53.8038444519043,80.5199966430664,30.570825576782227
2008-08-13,92.49059295654297,57.550315856933594,53.6166877746582,81.55999755859375,31.59456443786621
2008-08-14,93.18836212158203,57.72614288330078,53.9617919921875,79.3499984741211,31.31990623474121
2008-08-15,93.64156341552734,57.94103240966797,54.429786682128906,77.62999725341797,30.895423889160156
2008-08-18,92.361083984375,58.08433151245117,54.64632034301758,78.80000305175781,31.070213317871094
2008-08-19,91.3539810180664,57.99968719482422,54.4356803894043,80.43000030517578,31.55295181274414
2008-08-20,91.7784194946289,58.16897201538086,54.58775329589844,80.05999755859375,31.802644729614258
2008-08-21,91.9366683959961,58.04525375366211,54.48832702636719,82.30000305175781,33.16763687133789
2008-08-22,93.26753234863281,57.87589645385742,54.45321273803711,81.08000183105469,32.04401397705078
2008-08-25,91.37551879882812,58.26014709472656,54.99734115600586,80.93000030517578,31.86090850830078
2008-08-26,91.64170837402344,58.27971267700195,55.04412078857422,81.2300033569336,31.877552032470703
2008-08-27,92.53375244140625,58.3643913269043,55.137725830078125,81.36000061035156,32.17718505859375
2008-08-28,93.65596008300781,58.27971267700195,55.143558502197266,82.18000030517578,31.544626235961914
2008-08-29,92.64885711669922,58.20807647705078,54.89784240722656,81.70999908447266,31.4281005859375
2008-09-02,92.07337188720703,58.52496337890625,55.40866470336914,79.19999694824219,30.612436294555664
2008-09-03,91.9942398071289,58.66872024536133,55.643531799316406,78.88999938964844,30.437654495239258
2008-09-04,89.224609375,58.96276092529297,56.089752197265625,78.38999938964844,30.00484848022461
2008-09-05,89.5051498413086,58.8320426940918,56.06041717529297,78.9800033569336,29.70522117614746
2008-09-08,91.3539810180664,58.83857727050781,56.295223236083984,78.86000061035156,29.638633728027344
2008-09-09,88.64188385009766,59.10649108886719,56.85301208496094,76.48999786376953,28.556625366210938
2008-09-10,89.00157928466797,58.95616149902344,56.500709533691406,74.22000122070312,28.59824562072754
2008-09-11,90.28929901123047,58.851627349853516,56.471405029296875,73.08000183105469,28.35687255859375
2008-09-12,90.70651245117188,58.55764389038086,55.743350982666016,75.55000305175781,28.54830551147461
2008-09-15,86.39022827148438,59.68147277832031,57.55175018310547,77.55999755859375,27.424684524536133
2008-09-16,87.83618927001953,59.51154708862305,57.5400276184082,76.79000091552734,26.867033004760742
2008-09-17,83.88683319091797,60.047386169433594,57.82767868041992,85.45999908447266,27.674379348754883
2008-09-18,86.37589263916016,59.34169006347656,56.98223114013672,82.80000305175781,27.724319458007812
2008-09-19,89.80616760253906,58.28322219848633,55.17380905151367,85.9800033569336,28.639856338500977
2008-09-22,87.77303314208984,58.159061431884766,55.167911529541016,89.18000030517578,29.630313873291016
2008-09-23,85.77601623535156,58.159061431884766,54.95657730102539,88.31999969482422,29.338998794555664
2008-09-24,86.05097961425781,58.3093376159668,55.197322845458984,86.70999908447266,29.097631454467773
2008-09-25,87.39677429199219,58.1329460144043,55.08572006225586,86.44999694824219,29.60533905029297
2008-09-26,87.44020080566406,58.09373474121094,55.4849967956543,86.63999938964844,29.25577735900879
2008-09-29,80.5882339477539,58.903892517089844,57.099639892578125,89.56999969482422,27.441329956054688
2008-09-30,83.92375946044922,58.12638854980469,55.70808410644531,85.06999969482422,28.207054138183594
2008-10-01,83.97441101074219,58.53616714477539,56.4089469909668,85.97000122070312,27.549531936645508
2008-10-02,80.92827606201172,58.86397933959961,56.86243438720703,82.33000183105469,26.026397705078125
2008-10-03,79.83575439453125,59.08689498901367,57.362998962402344,82.58999633789062,25.418813705444336
2008-10-06,75.76945495605469,59.56553268432617,58.40548324584961,84.27999877929688,24.33680534362793
2008-10-07,72.37604522705078,59.51962661743164,58.228759765625,87.2699966430664,24.636438369750977
2008-10-08,70.55267333984375,58.75907897949219,57.392486572265625,89.41999816894531,24.994333267211914
2008-10-09,65.62537384033203,58.16898727416992,56.90957260131836,89.9000015258789,23.829092025756836
2008-10-10,64.03356170654297,57.48712158203125,56.50907516479492,83.22000122070312,22.77206039428711
2008-10-13,73.33110809326172,57.09376525878906,55.784629821777344,81.98999786376953,24.037174224853516
2008-10-14,72.24577331542969,56.82492446899414,55.4254264831543,82.19999694824219,23.59604835510254
2008-10-15,65.13335418701172,57.29045104980469,55.955448150634766,83.30999755859375,22.522367477416992
2008-10-16,67.84661865234375,57.30355453491211,55.66686248779297,79.29000091552734,22.097885131835938
2008-10-17,67.44143676757812,57.6641731262207,55.284088134765625,77.20999908447266,22.34758186340332
2008-10-20,71.49330139160156,57.723140716552734,55.72578048706055,78.5,22.797029495239258
2008-10-21,69.35884857177734,58.332950592041016,56.020240783691406,76.02999877929688,21.981361389160156
2008-10-22,65.58192443847656,58.77876281738281,57.15689468383789,71.70999908447266,20.94097137451172
2008-10-23,66.34168243408203,58.8574333190918,57.580955505371094,70.6500015258789,21.024202346801758
2008-10-24,62.97718811035156,58.60824966430664,56.96846008300781,72.20999908447266,20.18356704711914
2008-10-27,60.74143981933594,58.57549285888672,57.00967788696289,72.18000030517578,20.03375244140625
2008-10-28,67.83942413330078,58.10342788696289,56.17927932739258,73.79000091552734,20.583078384399414
2008-10-29,67.34738159179688,58.1887092590332,55.89658737182617,74.0,21.798255920410156
2008-10-30,69.67719268798828,57.742855072021484,55.39005661010742,72.70999908447266,20.89935874938965
2008-10-31,70.06066131591797,57.62478256225586,54.67156219482422,71.33999633789062,21.132404327392578
2008-11-03,70.2632827758789,57.71692657470703,54.81935119628906,71.0999984741211,20.89935874938965
2008-11-04,72.6510009765625,58.40789031982422,55.848243713378906,75.4800033569336,21.848194122314453
2008-11-05,69.59761047363281,58.717140197753906,56.51053237915039,72.80000305175781,21.28221893310547
2008-11-06,65.74111938476562,58.53951644897461,56.10249710083008,72.22000122070312,20.350032806396484
2008-11-07,67.91175842285156,58.328922271728516,55.73588180541992,72.5,20.375
2008-11-10,67.02180480957031,58.38814163208008,56.007911682128906,73.58000183105469,20.50817108154297
2008-11-11,64.95247650146484,58.60531234741211,56.173465728759766,72.05000305175781,20.11698341369629
2008-11-12,62.094478607177734,58.967262268066406,56.534183502197266,70.0,19.52604103088379
2008-11-13,65.96541595458984,58.53951644897461,55.18009567260742,72.1500015258789,19.89225959777832
2008-11-14,62.67331314086914,59.11857986450195,56.27397155761719,73.30000305175781,19.767414093017578
2008-11-17,61.84120178222656,59.36864471435547,56.522315979003906,72.6500015258789,19.317962646484375
2008-11-18,63.00613784790039,59.82926940917969,57.249637603759766,72.51000213623047,19.026655197143555
2008-11-19,58.96876907348633,60.47412109375,58.71601104736328,72.26000213623047,18.810253143310547
2008-11-20,54.59132385253906,61.691497802734375,61.74939727783203,73.44999694824219,17.85309600830078
2008-11-21,57.53614807128906,61.12557601928711,60.856529235839844,78.8499984741211,18.161048889160156
2008-11-24,61.52288055419922,60.553123474121094,59.904544830322266,80.91000366210938,19.409517288208008
2008-11-25,61.978729248046875,61.59285354614258,61.666622161865234,80.87000274658203,18.760316848754883
2008-11-26,64.37360382080078,61.967899322509766,61.74939727783203,80.37999725341797,19.359577178955078
2008-11-28,65.18399047851562,62.09294128417969,62.51222610473633,80.30999755859375,18.518943786621094
2008-12-01,59.41012954711914,62.93339920043945,64.90611267089844,75.6500015258789,17.94464683532715
2008-12-02,61.69652557373047,63.263526916503906,65.1552963256836,76.94999694824219,17.952970504760742
2008-12-03,63.17977523803711,63.36256408691406,65.33924865722656,76.18000030517578,17.74489402770996
2008-12-04,61.718238830566406,63.758628845214844,66.62669372558594,75.5,16.812705993652344
2008-12-05,63.62115478515625,63.08527374267578,65.54689025878906,74.5199966430664,16.396549224853516
2008-12-08,65.8424301147461,62.84757995605469,65.4044418334961,76.19999694824219,17.153953552246094
2008-12-09,64.75711822509766,63.38233947753906,66.6978530883789,76.33000183105469,16.7794132232666
2008-12-10,65.19847869873047,63.32297897338867,66.53768157958984,79.75,17.28712272644043
2008-12-11,63.62837219238281,63.70591735839844,66.66824340820312,80.6500015258789,17.83644676208496
2008-12-12,64.38809204101562,63.884151458740234,66.66824340820312,80.80999755859375,18.22763442993164
2008-12-15,63.49091339111328,64.02285766601562,67.4276351928711,82.5999984741211,17.711917877197266
2008-12-16,66.47914123535156,65.03954315185547,69.09477996826172,84.45999908447266,17.96554946899414
2008-12-17,65.83517456054688,65.48189544677734,70.96957397460938,85.43000030517578,17.72037124633789
2008-12-18,64.60516357421875,65.92426300048828,72.45873260498047,83.87000274658203,17.449832916259766
2008-12-19,64.32723236083984,65.70632934570312,72.53581237792969,82.62999725341797,17.331470489501953
2008-12-22,63.50300598144531,65.53473663330078,71.97813415527344,83.45999908447266,16.841114044189453
2008-12-23,62.84652328491211,65.50169372558594,71.88323211669922,82.62999725341797,16.908750534057617
2008-12-24,63.21126174926758,65.43569946289062,71.72901916503906,83.45999908447266,16.646665573120117
2008-12-26,63.575923919677734,65.78565979003906,71.96631622314453,85.5999984741211,16.908750534057617
2008-12-29,63.393592834472656,65.93074035644531,71.87995910644531,86.3499984741211,17.09474754333496
2008-12-30,64.89620208740234,66.02349853515625,72.56450653076172,85.9000015258789,17.196199417114258
2008-12-31,65.82256317138672,65.29458618164062,71.04657745361328,86.5199966430664,17.914823532104492
2009-01-02,67.80659484863281,64.36016082763672,69.26073455810547,86.2300033569336,18.540447235107422
2009-01-05,67.7263412475586,64.24751281738281,67.47488403320312,84.4800033569336,18.734895706176758
2009-01-06,68.1785888671875,64.20774841308594,66.79630279541016,85.12999725341797,19.225250244140625
2009-01-07,66.13621520996094,64.22100067138672,67.05819702148438,82.75,18.24454116821289
2009-01-08,66.40608978271484,64.39334869384766,67.0046157836914,84.45999908447266,18.312177658081055
2009-01-09,64.98373413085938,64.6915054321289,67.10591125488281,83.91999816894531,18.100820541381836
2009-01-12,63.42277908325195,65.09574890136719,67.8023681640625,80.76000213623047,17.280744552612305
2009-01-13,63.53947067260742,65.14208221435547,67.87378692626953,80.87999725341797,17.568193435668945
2009-01-14,61.54087448120117,65.50662994384766,68.99282836914062,79.79000091552734,17.323017120361328
2009-01-15,61.56275939941406,65.45358276367188,69.10597229003906,80.38999938964844,17.306106567382812
2009-01-16,62.04420852661133,64.85057830810547,68.04042053222656,82.70999908447266,17.382198333740234
2009-01-20,58.769107818603516,64.75120544433594,68.02851104736328,84.5199966430664,16.841114044189453
2009-01-21,61.307491302490234,64.17460632324219,65.87959289550781,84.1500015258789,16.908750534057617
2009-01-22,60.35923385620117,63.75050735473633,64.61161041259766,84.58000183105469,16.688940048217773
2009-01-23,60.6218147277832,63.763710021972656,64.10562896728516,88.52999877929688,17.466737747192383
2009-01-26,61.037620544433594,63.60468292236328,63.54607391357422,88.94999694824219,17.500560760498047
2009-01-27,61.657596588134766,64.02220916748047,65.0402603149414,88.37999725341797,17.02711296081543
2009-01-28,63.743751525878906,63.61137008666992,63.415096282958984,87.41999816894531,17.432924270629883
2009-01-29,61.67218780517578,62.78297805786133,61.956687927246094,89.5,17.2215633392334
2009-01-30,60.41757583618164,62.756431579589844,61.76023864746094,91.30999755859375,17.12010955810547
2009-02-02,60.23525619506836,63.26551818847656,62.909278869628906,88.83999633789062,16.790390014648438
2009-02-03,61.08133316040039,62.72055435180664,61.41103744506836,88.47000122070312,16.59593963623047
2009-02-04,60.782310485839844,62.4016227722168,61.19612121582031,89.18000030517578,16.688940048217773
2009-02-05,61.6867790222168,62.54777145385742,61.24985885620117,90.12000274658203,17.060930252075195
2009-02-06,63.444671630859375,62.16898727416992,61.05885696411133,89.58999633789062,17.187744140625
2009-02-09,63.53218460083008,62.04277038574219,61.255859375,88.31999969482422,17.09474754333496
2009-02-10,60.6218147277832,62.87343215942383,62.586952209472656,90.20999908447266,16.87493324279785
2009-02-11,60.979244232177734,63.35852813720703,63.39881896972656,92.29000091552734,16.773483276367188
2009-02-12,61.02299499511719,63.338619232177734,62.80183029174805,93.16999816894531,16.79884910583496
2009-02-13,60.36653137207031,62.8402214050293,61.130489349365234,92.55000305175781,16.494489669799805
2009-02-17,57.78441619873047,63.896820068359375,63.034637451171875,95.44999694824219,15.572961807250977
2009-02-18,57.64580154418945,63.43160629272461,62.49745559692383,96.91000366210938,15.479962348937988
2009-02-19,57.025779724121094,63.079444885253906,61.43490219116211,95.7699966430664,15.8604097366333
2009-02-20,56.47145462036133,63.258846282958984,62.0318489074707,97.80000305175781,15.682867050170898
2009-02-23,54.45094680786133,63.31869888305664,62.60486602783203,97.7300033569336,15.53069019317627
2009-02-24,56.51520919799805,63.079444885253906,62.539207458496094,94.7300033569336,15.826591491699219
2009-02-25,56.07027053833008,62.507911682128906,61.81694793701172,93.1500015258789,16.012588500976562
2009-02-26,55.15850067138672,62.34840774536133,61.16631317138672,93.05999755859375,16.35076332092285
2009-02-27,53.925777435302734,62.29524612426758,60.81407928466797,92.62999725341797,16.156312942504883
2009-03-02,51.496803283691406,62.920284271240234,61.82091522216797,90.93000030517578,15.344693183898926
2009-03-03,51.1102294921875,62.84035110473633,61.40787124633789,90.04000091552734,15.446146011352539
2009-03-04,52.32106018066406,62.52045822143555,61.12654495239258,88.98999786376953,15.987224578857422
2009-03-05,50.18386459350586,63.25339889526367,62.8265380859375,91.98999786376953,15.85195541381836
2009-03-06,50.271400451660156,62.95357894897461,62.40751266479492,92.29000091552734,16.232402801513672
2009-03-09,49.680572509765625,62.9802360534668,62.0423698425293,90.56999969482422,16.139402389526367
2009-03-10,52.64200210571289,62.52045822143555,60.85126495361328,88.13999938964844,16.09713363647461
2009-03-11,52.984832763671875,62.96687698364258,61.509681701660156,89.22000122070312,15.58987045288086
2009-03-12,55.07099151611328,63.146793365478516,61.802955627441406,91.0999984741211,16.316944122314453
2009-03-13,55.50131607055664,63.10014724731445,61.49171447753906,91.30000305175781,16.1732234954834
2009-03-16,55.33354949951172,62.7403564453125,60.522037506103516,90.80000305175781,16.528305053710938
2009-03-17,57.025779724121094,62.62039566040039,60.19280242919922,90.04000091552734,16.883386611938477
2009-03-18,58.30228042602539,64.76595306396484,62.473358154296875,93.08999633789062,17.09474754333496
2009-03-19,57.58017349243164,64.54605102539062,62.55120849609375,94.3499984741211,17.449832916259766
2009-03-20,56.35403823852539,64.54605102539062,62.20403289794922,93.58999633789062,17.686555862426758
2009-03-23,60.401912689208984,64.32621002197266,61.665306091308594,92.08000183105469,18.05854606628418
2009-03-24,59.21180725097656,64.2328872680664,62.2519645690918,90.94999694824219,17.76264190673828
2009-03-25,59.83620834350586,63.846439361572266,61.41389846801758,91.9800033569336,17.492101669311523
2009-03-26,61.055728912353516,64.01304626464844,62.126197814941406,91.93000030517578,17.79646110534668
2009-03-27,59.95375442504883,63.97303009033203,62.587127685546875,90.69000244140625,17.466737747192383
2009-03-30,57.88209533691406,64.24627685546875,62.8265380859375,89.9800033569336,16.83266258239746
2009-03-31,58.418373107910156,64.3594970703125,63.275428771972656,90.27999877929688,16.908750534057617
2009-04-01,59.54971694946289,64.51719665527344,63.85292053222656,91.02999877929688,16.866479873657227
2009-04-02,61.290836334228516,64.09622955322266,63.072532653808594,88.80000305175781,17.517465591430664
2009-04-03,61.900535583496094,63.36116409301758,61.78195571899414,87.58999633789062,17.788007736206055
2009-04-06,61.41566848754883,63.21421432495117,61.51780319213867,85.2699966430664,17.568193435668945
2009-04-07,59.98314666748047,63.37459182739258,61.67388153076172,86.73999786376953,17.255382537841797
2009-04-08,60.62965774536133,63.688594818115234,62.220184326171875,86.61000061035156,17.382198333740234
2009-04-09,63.039249420166016,63.31439208984375,61.43976974487305,86.30999755859375,17.635828018188477
2009-04-13,63.053955078125,63.688594818115234,62.00403594970703,87.87999725341797,17.711917877197266
2009-04-14,61.96664810180664,64.01605224609375,62.328224182128906,87.37000274658203,17.39065170288086
2009-04-15,62.627838134765625,64.07614135742188,62.220184326171875,87.5,17.280744552612305
2009-04-16,63.54612350463867,63.82229232788086,61.72788619995117,85.80999755859375,17.20465660095215
2009-04-17,63.97224807739258,63.307735443115234,61.0495491027832,85.22000122070312,17.07784080505371
2009-04-20,61.290836334228516,63.748783111572266,61.97400665283203,86.94999694824219,16.435306549072266
2009-04-21,62.488243103027344,63.501522064208984,61.36176681518555,86.88999938964844,16.494489669799805
2009-04-22,62.10624694824219,63.34787368774414,60.989601135253906,87.37999725341797,16.519851684570312
2009-04-23,62.716026306152344,63.3344841003418,60.983543395996094,88.80000305175781,16.73966407775879
2009-04-24,63.66366958618164,63.08720779418945,60.37123107910156,89.72000122070312,16.993295669555664
2009-04-27,63.06128692626953,63.34787368774414,60.62936782836914,89.01000213623047,16.570575714111328
2009-04-28,62.862918853759766,63.040401458740234,59.63889694213867,87.75,16.45221710205078
2009-04-29,64.1999740600586,62.69964599609375,59.11063766479492,88.33000183105469,16.83266258239746
2009-04-30,64.2220230102539,62.59272384643555,58.87656784057617,87.2699966430664,16.891841888427734
2009-05-01,64.56729888916016,62.39165496826172,58.471309661865234,86.94999694824219,17.399105072021484
2009-05-04,66.76387023925781,62.45195770263672,58.66398620605469,88.63999938964844,17.737279891967773
2009-05-05,66.53611755371094,62.438533782958984,58.59177017211914,88.25,17.48365020751953
2009-05-06,67.68949127197266,62.465389251708984,58.45322799682617,89.54000091552734,17.948640823364258
2009-05-07,66.74917602539062,61.942626953125,57.0262336730957,89.44000244140625,17.98245620727539
2009-05-08,68.30660247802734,62.01634979248047,57.16475296020508,89.9800033569336,18.430540084838867
2009-05-11,67.02835083007812,62.59941864013672,57.97759246826172,89.69000244140625,18.27836036682129
2009-05-12,66.8299560546875,62.55919647216797,58.188323974609375,90.69999694824219,18.464357376098633
2009-05-13,65.14767456054688,62.84739685058594,58.82054901123047,91.08999633789062,18.25299835205078
2009-05-14,65.70598602294922,62.85411834716797,59.04938507080078,91.02999877929688,18.371360778808594
2009-05-15,65.16971588134766,62.70000076293945,59.031288146972656,91.55000305175781,17.906370162963867
2009-05-18,67.02098083496094,62.33138656616211,58.11604309082031,90.36000061035156,18.37981414794922
2009-05-19,66.94017028808594,62.24420928955078,57.80898666381836,90.95999908447266,18.37981414794922
2009-05-20,66.4920654296875,62.438533782958984,58.41708755493164,92.25,18.675718307495117
2009-05-21,65.53699493408203,61.75497055053711,56.94797134399414,93.8499984741211,18.523534774780273
2009-05-22,65.39744567871094,61.39304733276367,56.31575012207031,94.1500015258789,18.79407501220703
2009-05-26,67.0724105834961,60.98417282104492,55.466758728027344,93.76000213623047,18.83635139465332
2009-05-27,65.87496948242188,60.2938117980957,54.485347747802734,93.44999694824219,18.9208927154541
2009-05-28,66.79327392578125,60.60886001586914,55.27411651611328,94.23999786376953,19.26752281188965
2009-05-29,67.97600555419922,61.292476654052734,56.70111083984375,96.19999694824219,19.639516830444336
2009-06-01,69.62161254882812,60.292171478271484,55.0247802734375,95.7300033569336,20.180599212646484
2009-06-02,69.68037414550781,60.49390411376953,55.32081604003906,96.36000061035156,20.265138626098633
2009-06-03,68.79881286621094,60.86358642578125,55.84031295776367,94.41000366210938,19.588790893554688
2009-06-04,69.44526672363281,60.15776062011719,54.68648910522461,96.2300033569336,20.307411193847656
2009-06-05,69.45996856689453,59.559444427490234,54.26969528198242,93.70999908447266,20.19750213623047
2009-06-08,69.17345428466797,59.256996154785156,54.13075637817383,93.55999755859375,20.146778106689453
2009-06-09,69.52608489990234,59.51242446899414,54.12472152709961,93.83000183105469,20.341228485107422
2009-06-10,69.34978485107422,59.15611267089844,53.272972106933594,93.86000061035156,20.265138626098633
2009-06-11,69.6583480834961,59.559444427490234,53.864994049072266,93.69999694824219,20.45113754272461
2009-06-12,69.84935760498047,59.875431060791016,54.348201751708984,92.16999816894531,20.163686752319336
2009-06-15,68.247802734375,60.14433288574219,54.83755111694336,91.0999984741211,19.77478790283203
2009-06-16,67.32219696044922,60.48044204711914,55.79195022583008,91.93000030517578,19.69869613647461
2009-06-17,67.25605010986328,60.31913757324219,55.47785568237305,92.3499984741211,19.75787925720215
2009-06-18,67.74828338623047,59.58632278442383,54.638187408447266,91.61000061035156,19.783239364624023
2009-06-19,67.99797821044922,59.86197280883789,55.387203216552734,91.9000015258789,19.614152908325195
2009-06-22,65.95893096923828,60.18461990356445,55.924869537353516,90.54000091552734,18.954713821411133
2009-06-23,66.0106430053711,60.37958526611328,56.5832633972168,90.91999816894531,19.28443145751953
2009-06-24,66.57949829101562,60.151058197021484,56.01545715332031,91.44999694824219,19.275976181030273
2009-06-25,68.02754211425781,60.90393829345703,57.04236602783203,92.30999755859375,19.4450626373291
2009-06-26,67.85021209716797,60.98457717895508,57.13909149169922,92.29000091552734,19.28443145751953
2009-06-29,68.48558044433594,61.11231994628906,57.2236213684082,92.04000091552734,19.470426559448242
2009-06-30,67.93147277832031,60.95102310180664,57.12693405151367,91.18000030517578,19.12380027770996
2009-07-01,68.21222686767578,60.911865234375,57.013641357421875,92.38999938964844,19.047710418701172
2009-07-02,66.35049438476562,61.1141242980957,57.146942138671875,91.25,18.624990463256836
2009-07-06,66.34310913085938,61.15454864501953,57.03788375854492,90.76000213623047,18.06700325012207
2009-07-07,65.05760955810547,61.39720916748047,57.41968536376953,90.70999908447266,17.779552459716797
2009-07-08,65.01325988769531,62.10501480102539,58.48019790649414,89.2699966430664,17.55974006652832
2009-07-09,65.13887023925781,61.74101638793945,57.78330612182617,89.51000213623047,17.669645309448242
2009-07-10,64.9837417602539,62.12529373168945,58.31654739379883,89.58000183105469,17.53437614440918
2009-07-13,66.56473541259766,61.90281295776367,57.98927688598633,90.19000244140625,17.62737464904785
2009-07-14,66.94153594970703,61.491600036621094,57.02574157714844,90.80999755859375,17.62737464904785
2009-07-15,68.89932250976562,60.696189880371094,55.559226989746094,92.23999786376953,18.092365264892578
2009-07-16,68.78845977783203,61.060211181640625,56.15913009643555,91.9800033569336,18.134639739990234
2009-07-17,69.54203796386719,60.64899826049805,55.292579650878906,91.93000030517578,18.40517807006836
2009-07-20,70.28079986572266,60.871482849121094,55.58345031738281,93.27999877929688,18.70953369140625
2009-07-21,70.60590362548828,61.55230712890625,56.692447662353516,93.12999725341797,18.64189910888672
2009-07-22,70.59111785888672,61.188270568847656,56.18341064453125,93.44000244140625,18.74335289001465
2009-07-23,72.14998626708984,60.5950813293457,55.1531982421875,93.26000213623047,19.132251739501953
2009-07-24,72.44547271728516,60.72310256958008,55.4198112487793,93.41000366210938,19.149158477783203
2009-07-27,72.6597671508789,60.43999481201172,54.78353500366211,93.70999908447266,19.225250244140625
2009-07-28,72.31990051269531,60.56138229370117,55.268333435058594,92.11000061035156,19.013891220092773
2009-07-29,72.14259338378906,60.6017951965332,55.57130813598633,91.19999694824219,18.523534774780273
2009-07-30,72.8961410522461,60.844459533691406,56.35914993286133,91.62000274658203,19.098434448242188
2009-07-31,72.99956512451172,61.45791244506836,57.456031799316406,93.3499984741211,19.478885650634766
2009-08-03,74.20381164550781,60.80485534667969,56.5853157043457,93.87000274658203,20.028417587280273
2009-08-04,74.3958740234375,60.62907409667969,56.13534164428711,94.68000030517578,20.03687286376953
2009-08-05,74.1816177368164,60.28427505493164,55.29620361328125,94.77999877929688,20.24822998046875
2009-08-06,73.7974624633789,60.28427505493164,55.484718322753906,94.5999984741211,19.783239364624023
2009-08-07,74.76528930664062,59.885398864746094,55.022605895996094,93.75,19.69024085998535
2009-08-10,74.61013793945312,60.27074432373047,55.709720611572266,92.93000030517578,19.681787490844727
2009-08-11,73.67926025390625,60.68988037109375,56.35420608520508,92.79000091552734,19.385883331298828
2009-08-12,74.46977996826172,60.520912170410156,55.75224304199219,92.94999694824219,19.487337112426758
2009-08-13,75.03861999511719,60.994110107421875,56.54273986816406,93.72000122070312,19.749422073364258
2009-08-14,74.4623794555664,61.18346405029297,56.76163864135742,93.0,19.191434860229492
2009-08-17,72.63018798828125,61.602561950683594,57.600746154785156,91.61000061035156,18.90398597717285
2009-08-18,73.20643615722656,61.386253356933594,57.266326904296875,92.05999755859375,19.275976181030273
2009-08-19,73.84919738769531,61.616111755371094,57.740543365478516,92.52999877929688,19.411245346069336
2009-08-20,74.61013793945312,61.7783203125,58.21489715576172,92.2699966430664,19.250614166259766
2009-08-21,76.07293701171875,61.14960861206055,57.01701354980469,93.6500015258789,19.394338607788086
2009-08-24,76.0655517578125,61.528202056884766,58.05070495605469,92.33999633789062,19.428157806396484
2009-08-25,76.21331787109375,61.69049072265625,58.37906265258789,92.76000213623047,19.149158477783203
2009-08-26,76.22066497802734,61.77155685424805,58.6465950012207,92.79000091552734,19.098434448242188
2009-08-27,76.39064025878906,61.602561950683594,58.41554260253906,93.19000244140625,19.259071350097656
2009-08-28,76.37580871582031,61.74457931518555,58.683082580566406,93.87000274658203,19.216796875
2009-08-31,75.6961669921875,61.9271354675293,58.737762451171875,93.4000015258789,18.692625045776367
2009-09-01,74.02648162841797,62.08779525756836,58.595706939697266,93.9000015258789,18.40517807006836
2009-09-02,73.74577331542969,62.42679214477539,59.44963073730469,96.19000244140625,18.447446823120117
2009-09-03,74.35894775390625,62.202999114990234,59.083648681640625,97.45999908447266,18.354450225830078
2009-09-04,75.40064239501953,61.83012771606445,58.07717514038086,97.52999877929688,18.27836036682129
2009-09-08,76.05077362060547,61.6877555847168,57.668460845947266,97.43000030517578,18.616535186767578
2009-09-09,76.6344223022461,61.74205780029297,57.60138702392578,97.08000183105469,18.692625045776367
2009-09-10,77.41752624511719,62.202999114990234,58.66275405883789,97.69999694824219,18.79407501220703
2009-09-11,77.4027328491211,62.386070251464844,58.98609924316406,98.77999877929688,18.548898696899414
2009-09-14,77.77953338623047,62.01995086669922,58.40049362182617,97.95999908447266,18.447446823120117
2009-09-15,78.10457611083984,61.89113235473633,58.10158920288086,98.9000015258789,18.87862205505371
2009-09-16,79.28665924072266,61.843685150146484,58.205265045166016,99.91000366210938,19.12380027770996
2009-09-17,79.16847229003906,62.148807525634766,58.93726348876953,99.33999633789062,19.132251739501953
2009-09-18,79.21892547607422,61.81657028198242,58.41267776489258,98.66999816894531,18.963167190551758
2009-09-21,79.01849365234375,61.77587890625,58.5468635559082,98.36000061035156,18.548898696899414
2009-09-22,79.47872161865234,61.93865203857422,58.66884231567383,99.66999816894531,18.85325813293457
2009-09-23,78.81805419921875,62.07424545288086,58.84577560424805,98.83000183105469,18.430540084838867
2009-09-24,77.9495620727539,62.243736267089844,59.01654052734375,97.55000305175781,18.193817138671875
2009-09-25,77.53388214111328,62.494529724121094,59.76685333251953,97.0,18.050092697143555
2009-09-28,78.92202758789062,62.603057861328125,60.291446685791016,97.05000305175781,18.210725784301758
2009-09-29,78.68446350097656,62.57593536376953,60.236534118652344,97.43000030517578,18.143089294433594
2009-09-30,78.38011169433594,62.62335205078125,60.18165588378906,98.8499984741211,18.650354385375977
2009-10-01,76.43524169921875,63.09450149536133,61.005924224853516,97.88999938964844,18.531993865966797
2009-10-02,76.0789566040039,63.06728744506836,60.583683013916016,98.37000274658203,18.34599494934082
2009-10-05,77.21469116210938,63.06049346923828,60.589778900146484,99.81999969482422,18.937803268432617
2009-10-06,78.32072448730469,62.85658264160156,59.99011993408203,102.27999877929688,18.70953369140625
2009-10-07,78.5360336303711,63.25764465332031,60.69384002685547,102.36000061035156,18.74335289001465
2009-10-08,79.13723754882812,63.026466369628906,60.05742263793945,103.63999938964844,19.115345001220703
2009-10-09,79.61978149414062,62.42144012451172,58.680660247802734,102.83999633789062,19.191434860229492
2009-10-12,79.93156433105469,62.6049690246582,58.772438049316406,103.55999755859375,19.580333709716797
2009-10-13,79.76822662353516,62.74775695800781,59.078369140625,104.26000213623047,19.80014991760254
2009-10-14,81.14151763916016,62.31946563720703,58.20341110229492,104.18000030517578,19.95232582092285
2009-10-15,81.43842315673828,62.115516662597656,57.93415069580078,102.86000061035156,20.15523338317871
2009-10-16,80.82972717285156,62.40103530883789,58.405303955078125,103.18000030517578,20.205957412719727
2009-10-19,81.4978256225586,62.4962158203125,58.8642463684082,104.2300033569336,20.493406295776367
2009-10-20,81.06727600097656,62.639007568359375,59.18238067626953,103.41999816894531,20.36659049987793
2009-10-21,80.33980560302734,62.4962158203125,58.82753372192383,103.75,20.79776382446289
2009-10-22,81.1563720703125,62.31270980834961,58.53996276855469,103.91999816894531,20.966854095458984
2009-10-23,80.22846221923828,62.00680923461914,58.09939193725586,103.48999786376953,20.890762329101562
2009-10-26,79.3599853515625,61.653289794921875,57.346778869628906,101.86000061035156,20.510316848754883
2009-10-27,78.99625396728516,62.18350601196289,58.1300048828125,101.8499984741211,20.36659049987793
2009-10-28,77.50419616699219,62.37387466430664,58.405303955078125,100.7300033569336,19.84242057800293
2009-10-29,79.16698455810547,62.07476806640625,57.768943786621094,102.69000244140625,20.459592819213867
2009-10-30,76.87321472167969,62.53704833984375,58.60725402832031,102.52999877929688,19.94387435913086
2009-11-02,77.43740844726562,62.37249755859375,58.34821701049805,103.94999694824219,20.290504455566406
2009-11-03,77.68234252929688,62.228519439697266,57.76504135131836,106.45999908447266,20.57794952392578
2009-11-04,77.88275146484375,62.05712890625,57.23706817626953,107.0999984741211,20.56104278564453
2009-11-05,79.31541442871094,62.07083511352539,57.23706817626953,106.9800033569336,20.45113754272461
2009-11-06,79.52330017089844,62.25597381591797,57.29234313964844,107.43000030517578,20.087596893310547
2009-11-09,81.33448791503906,62.28334045410156,57.359859466552734,108.19000244140625,20.41731834411621
2009-11-10,81.34933471679688,62.33135986328125,57.2554931640625,108.38999938964844,20.315868377685547
2009-11-11,81.76502227783203,62.50957489013672,57.49494171142578,109.5999984741211,20.45113754272461
2009-11-12,80.93367004394531,62.53021240234375,57.390560150146484,108.20999908447266,20.146778106689453
2009-11-13,81.37162017822266,62.57817077636719,57.65453338623047,109.73999786376953,20.12986946105957
2009-11-16,82.55189514160156,62.914127349853516,58.32978820800781,111.62999725341797,20.713220596313477
2009-11-17,82.64838409423828,63.05123519897461,58.642860412597656,111.97000122070312,20.814674377441406
2009-11-18,82.59642028808594,62.89354705810547,58.29912185668945,112.25,20.83158302307129
2009-11-19,81.52008819580078,62.96894454956055,58.403438568115234,112.30000305175781,20.53567886352539
2009-11-20,81.2305908203125,62.96205520629883,58.39118194580078,112.94000244140625,20.510316848754883
2009-11-23,82.26239776611328,62.872947692871094,58.31753158569336,114.29000091552734,20.603313446044922
2009-11-24,82.38856506347656,63.19517135620117,58.68583679199219,114.7300033569336,20.36659049987793
2009-11-25,82.67805480957031,63.4077033996582,58.955936431884766,116.62000274658203,20.856945037841797
2009-11-27,81.33448791503906,63.695640563964844,59.17693328857422,115.05999755859375,20.620223999023438
2009-11-30,81.60917663574219,63.7984504699707,59.318138122558594,115.63999938964844,20.84848976135254
2009-12-01,82.61866760253906,63.446678161621094,58.657310485839844,117.37999725341797,21.000669479370117
2009-12-02,82.58158874511719,63.31608200073242,58.70658874511719,119.18000030517578,20.856945037841797
2009-12-03,81.93577575683594,63.02065658569336,58.096893310546875,118.69999694824219,20.84003448486328
2009-12-04,82.40345001220703,62.55345153808594,57.48109436035156,113.75,20.670949935913086
2009-12-07,82.27721405029297,62.725250244140625,57.555030822753906,113.11000061035156,20.484952926635742
2009-12-08,81.36422729492188,62.94508361816406,57.64126205444336,110.94999694824219,20.282047271728516
2009-12-09,81.66854095458984,62.82143783569336,57.37641525268555,110.83999633789062,20.028417587280273
2009-12-10,82.12877655029297,62.60843276977539,56.71752166748047,110.81999969482422,19.918508529663086
2009-12-11,82.47766876220703,62.29922103881836,56.71128463745117,109.31999969482422,20.019960403442383
2009-12-14,83.04181671142578,62.29922103881836,56.779056549072266,110.23999786376953,20.12986946105957
2009-12-15,82.65579223632812,62.09989929199219,56.52655029296875,110.20999908447266,20.03687286376953
2009-12-16,82.7819595336914,62.09989929199219,56.45878219604492,111.58999633789062,20.383502960205078
2009-12-17,81.78728485107422,62.6496696472168,57.38872146606445,107.33999633789062,20.07068634033203
2009-12-18,82.2500228881836,62.34042739868164,57.14236831665039,108.94999694824219,20.15523338317871
2009-12-21,83.08586883544922,61.701454162597656,56.126319885253906,106.94999694824219,19.96078109741211
2009-12-22,83.38438415527344,61.426544189453125,55.81221389770508,106.16999816894531,20.104509353637695
2009-12-23,83.548583984375,61.399131774902344,55.82455062866211,106.55000305175781,20.459592819213867
2009-12-24,83.94408416748047,61.17923355102539,55.24563980102539,108.36000061035156,20.57794952392578
2009-12-28,84.12322998046875,61.01436996459961,55.091678619384766,108.55000305175781,20.941490173339844
2009-12-29,84.00382995605469,61.175418853759766,55.45509338378906,107.47000122070312,20.89921760559082
2009-12-30,83.9739990234375,61.28557586669922,55.81971740722656,106.93000030517578,20.87385368347168
2009-12-31,83.16793823242188,60.98952865600586,55.55400085449219,107.30999755859375,20.814674377441406
2010-01-04,84.57848358154297,61.14098358154297,55.504554748535156,109.80000305175781,21.33884620666504
2010-01-05,84.80233001708984,61.40945053100586,55.86300277709961,109.69999694824219,21.364208221435547
2010-01-06,84.862060546875,61.161651611328125,55.115211486816406,111.51000213623047,21.74465560913086
2010-01-07,85.22029876708984,61.161651611328125,55.2078971862793,110.81999969482422,21.47411346435547
2010-01-08,85.5038833618164,61.237342834472656,55.183162689208984,111.37000274658203,21.45720863342285
2010-01-11,85.62329864501953,61.278648376464844,54.8803596496582,112.8499984741211,21.389570236206055
2010-01-12,84.82474517822266,61.719276428222656,55.81971740722656,110.48999786376953,20.93303680419922
2010-01-13,85.54121398925781,61.42325973510742,55.17082214355469,111.54000091552734,20.94994354248047
2010-01-14,85.77255249023438,61.71235656738281,55.9433708190918,112.02999877929688,20.84003448486328
2010-01-15,84.809814453125,61.987693786621094,56.28940200805664,110.86000061035156,20.603313446044922
2010-01-19,85.86959838867188,61.87757110595703,56.12875747680664,111.5199966430664,20.738584518432617
2010-01-20,84.99639129638672,62.0909538269043,56.69732666015625,108.94000244140625,20.34968376159668
2010-01-21,83.3620376586914,62.31809997558594,56.95685577392578,107.37000274658203,20.096050262451172
2010-01-22,81.50372314453125,62.37318801879883,56.85800552368164,107.16999816894531,19.884693145751953
2010-01-25,81.92164611816406,62.23551940917969,56.59847640991211,107.4800033569336,19.977689743041992
2010-01-26,81.57835388183594,62.35944366455078,56.616920471191406,107.55999755859375,19.75787925720215
2010-01-27,81.9664077758789,62.21484375,56.58602523803711,106.52999877929688,19.470426559448242
2010-01-28,81.02609252929688,62.19420623779297,56.55517578125,106.4800033569336,19.402793884277344
2010-01-29,80.14542388916016,62.43516540527344,57.04957580566406,105.95999908447266,19.182979583740234
2010-02-01,81.39176940917969,62.22104263305664,56.5317268371582,108.3499984741211,19.647968292236328
2010-02-02,82.37688446044922,62.32467269897461,56.6929931640625,109.12999725341797,20.07068634033203
2010-02-03,81.9664077758789,62.02764129638672,56.03554153442383,108.69999694824219,19.825511932373047
2010-02-04,79.43645477294922,62.538761138916016,56.922428131103516,104.37000274658203,19.16606903076172
2010-02-05,79.60063934326172,62.73899459838867,57.0465087890625,104.68000030517578,18.9208927154541
2010-02-08,79.02599334716797,62.683773040771484,57.12095642089844,104.04000091552734,18.92934799194336
2010-02-09,80.01856994628906,62.34535217285156,56.550315856933594,105.41000366210938,19.26752281188965
2010-02-10,79.8618392944336,62.17266845703125,56.01076126098633,105.12000274658203,19.343610763549805
2010-02-11,80.69770050048828,62.096710205078125,55.70683670043945,107.12999725341797,19.571880340576172
2010-02-12,80.63052368164062,62.24172592163086,55.936336517333984,107.04000091552734,19.461973190307617
2010-02-16,81.89926147460938,62.379905700683594,56.04176712036133,109.62000274658203,20.053781509399414
2010-02-17,82.28732299804688,62.04837417602539,55.4029541015625,109.25,19.95232582092285
2010-02-18,82.77242279052734,61.82740783691406,55.17967224121094,109.9800033569336,20.12986946105957
2010-02-19,82.94407653808594,61.861881256103516,55.47734069824219,109.47000122070312,20.24822998046875
2010-02-22,82.95903015136719,61.81350326538086,55.247901916503906,109.06999969482422,20.138322830200195
2010-02-23,81.95152282714844,62.283203125,56.110008239746094,107.88999938964844,19.808605194091797
2010-02-24,82.70527648925781,62.31769561767578,56.24639129638672,107.36000061035156,19.969236373901367
2010-02-25,82.59330749511719,62.54561233520508,56.562679290771484,108.30999755859375,19.631061553955078
2010-02-26,82.64556884765625,62.642356872558594,56.85420608520508,109.43000030517578,19.977689743041992
2010-03-01,83.50382995605469,62.70748519897461,56.829288482666016,109.43000030517578,19.77478790283203
2010-03-02,83.73515319824219,62.742027282714844,56.754669189453125,111.0199966430664,19.986143112182617
2010-03-03,83.8097915649414,62.67973327636719,56.611602783203125,111.62999725341797,20.180599212646484
2010-03-04,84.06355285644531,62.7905387878418,56.91020584106445,110.83000183105469,20.003053665161133
2010-03-05,85.26507568359375,62.492767333984375,56.163604736328125,110.80999755859375,20.239778518676758
2010-03-08,85.27999877929688,62.3265495300293,55.87116241455078,109.87999725341797,20.214412689208984
2010-03-09,85.42179870605469,62.4858283996582,55.88361740112305,109.72000122070312,19.994598388671875
2010-03-10,85.80238342285156,62.38193893432617,55.740516662597656,108.47000122070312,20.053781509399414
2010-03-11,86.16062927246094,62.3265495300293,55.945823669433594,108.5999984741211,20.003053665161133
2010-03-12,86.16812133789062,62.423526763916016,56.294273376464844,107.94999694824219,19.884693145751953
2010-03-15,86.1905288696289,62.423526763916016,56.219573974609375,108.36000061035156,19.647968292236328
2010-03-16,86.8770980834961,62.66582489013672,56.66756057739258,110.4000015258789,19.91005516052246
2010-03-17,87.39204406738281,62.742027282714844,56.91020584106445,109.58999633789062,20.087596893310547
2010-03-18,87.3472900390625,62.57583999633789,56.72359085083008,110.33999633789062,20.045326232910156
2010-03-19,86.9051284790039,62.492767333984375,56.77955627441406,108.27999877929688,19.80014991760254
2010-03-22,87.3697509765625,62.700477600097656,56.84180450439453,107.75,19.80014991760254
2010-03-23,87.98423767089844,62.56890106201172,56.5742301940918,108.31999969482422,19.71560287475586
2010-03-24,87.55706787109375,61.94563674926758,55.54145050048828,106.30000305175781,19.495790481567383
2010-03-25,87.41468811035156,61.717140197753906,55.186805725097656,106.77999877929688,19.385883331298828
2010-03-26,87.36223602294922,61.8625373840332,55.34235763549805,108.58999633789062,19.419700622558594
2010-03-29,87.91679382324219,61.7725715637207,55.130767822265625,108.75,19.859329223632812
2010-03-30,87.97674560546875,61.834800720214844,55.305015563964844,107.97000122070312,19.901599884033203
2010-03-31,87.67698669433594,61.980308532714844,55.68455123901367,108.94999694824219,19.884693145751953
2010-04-01,88.27648162841797,61.85182189941406,55.548404693603516,110.26000213623047,20.273591995239258
2010-04-05,88.99591064453125,61.296234130859375,54.62416076660156,110.88999938964844,20.59486198425293
2010-04-06,89.20571899414062,61.47675704956055,54.71158218383789,111.02999877929688,20.57794952392578
2010-04-07,88.69612121582031,61.85875701904297,55.41099166870117,112.48999786376953,20.501859664916992
2010-04-08,89.00335693359375,61.789283752441406,55.43595504760742,112.6500015258789,20.468042373657227
2010-04-09,89.587890625,61.85875701904297,55.56710433959961,113.63999938964844,20.510316848754883
2010-04-12,89.73030090332031,62.025447845458984,55.86066818237305,113.01000213623047,20.493406295776367
2010-04-13,89.7977294921875,62.143497467041016,56.04176330566406,112.69000244140625,20.569496154785156
2010-04-14,90.81687927246094,61.976844787597656,55.6483268737793,113.02999877929688,20.80622100830078
2010-04-15,90.89179229736328,62.08098602294922,55.71077346801758,113.6500015258789,20.882308959960938
2010-04-16,89.44551849365234,62.45603561401367,56.11665344238281,111.23999786376953,20.501859664916992
2010-04-19,89.78276062011719,62.303218841552734,55.97930145263672,111.1500015258789,20.239778518676758
2010-04-20,90.58456420898438,62.330970764160156,56.17914581298828,111.45999908447266,20.400407791137695
2010-04-21,90.41973114013672,62.53239440917969,56.64126968383789,112.30999755859375,20.501859664916992
2010-04-22,90.68946838378906,62.38660430908203,56.47264099121094,111.83999633789062,20.55258560180664
2010-04-23,91.2815170288086,62.21295928955078,56.27280807495117,113.19000244140625,20.68785858154297
2010-04-26,90.93675994873047,62.25458908081055,56.335243225097656,112.75,20.586406707763672
2010-04-27,88.78605651855469,62.83799743652344,57.12839126586914,114.62999725341797,20.273591995239258
2010-04-28,89.46047973632812,62.5185432434082,56.64126968383789,114.30999755859375,20.341228485107422
2010-04-29,90.56957244873047,62.62267303466797,56.87855529785156,114.27999877929688,20.501859664916992
2010-04-30,89.03336334228516,63.00465774536133,57.5343017578125,115.36000061035156,20.66249656677246
2010-05-03,90.18738555908203,62.83959197998047,57.45905303955078,115.7300033569336,20.763948440551758
2010-05-04,88.06665802001953,63.26451873779297,58.493072509765625,114.87000274658203,20.205957412719727
2010-05-05,87.5421142578125,63.50833511352539,58.837730407714844,115.08999633789062,19.749422073364258
2010-05-06,84.63455200195312,64.20489501953125,60.655094146728516,118.48999786376953,19.36052131652832
2010-05-07,83.37559509277344,64.03072357177734,59.89677047729492,118.2699966430664,19.259071350097656
2010-05-10,87.04750061035156,63.543113708496094,58.656063079833984,117.56999969482422,19.631061553955078
2010-05-11,86.80022430419922,63.61980056762695,58.505584716796875,120.66000366210938,19.597244262695312
2010-05-12,88.01419067382812,63.459537506103516,58.06063461303711,121.4000015258789,19.75787925720215
2010-05-13,86.92013549804688,63.6336555480957,58.44295883178711,120.55999755859375,19.588790893554688
2010-05-14,85.3464126586914,64.04469299316406,59.4581184387207,120.37000274658203,19.08997917175293
2010-05-17,85.39138793945312,63.90532302856445,59.238826751708984,119.36000061035156,18.548898696899414
2010-05-18,84.22985076904297,64.3720474243164,60.14749526977539,119.48999786376953,18.523534774780273
2010-05-19,83.75025177001953,64.42779541015625,60.34804916381836,116.62999725341797,18.354450225830078
2010-05-20,80.5879135131836,65.0547103881836,61.62015914916992,115.83999633789062,17.9740047454834
2010-05-21,81.7644271850586,65.0895767211914,61.68284225463867,115.22000122070312,18.15999984741211
2010-05-24,80.71527862548828,65.0895767211914,61.46970748901367,116.83999633789062,18.143089294433594
2010-05-25,80.7977294921875,65.3124771118164,61.7705192565918,117.36000061035156,17.999366760253906
2010-05-26,80.31062316894531,65.18012237548828,61.59510803222656,118.47000122070312,18.193817138671875
2010-05-27,83.00088500976562,64.56012725830078,60.197669982910156,118.69000244140625,18.726444244384766
2010-05-28,81.95922088623047,64.85271453857422,60.47332000732422,118.87999725341797,18.565807342529297
2010-06-01,80.58039855957031,64.9365463256836,60.898406982421875,119.91000366210938,18.21917724609375
2010-06-02,82.67864227294922,64.56632232666016,60.319915771484375,119.77999877929688,18.438995361328125
2010-06-03,82.96341705322266,64.47554779052734,59.87977981567383,117.95999908447266,18.540447235107422
2010-06-04,80.0483627319336,65.36963653564453,61.489463806152344,119.19000244140625,17.96554946899414
2010-06-07,79.05168914794922,65.63509368896484,61.9610595703125,121.48999786376953,17.999366760253906
2010-06-08,79.89845275878906,65.43254089355469,61.65297317504883,121.0,18.143089294433594
2010-06-09,79.47132873535156,65.43952941894531,61.583831787109375,120.55999755859375,18.22763442993164
2010-06-10,81.7944107055664,64.8317642211914,60.483402252197266,118.97000122070312,18.531993865966797
2010-06-11,82.1915512084961,65.2439193725586,61.25053787231445,120.01000213623047,18.557357788085938
2010-06-14,82.06417083740234,65.18804168701172,60.936134338378906,119.5999984741211,18.608083724975586
2010-06-15,83.93011474609375,64.9854965209961,60.68459701538086,120.98999786376953,18.9208927154541
2010-06-16,83.90013122558594,65.16706085205078,61.03046798706055,120.33000183105469,18.963167190551758
2010-06-17,84.0350341796875,65.47445678710938,61.52717590332031,121.9000015258789,18.97161865234375
2010-06-18,84.12615203857422,65.34170532226562,61.426570892333984,122.83000183105469,18.937803268432617
2010-06-21,83.88519287109375,65.29280090332031,61.25053787231445,120.38999938964844,18.861711502075195
2010-06-22,82.499755859375,65.68400573730469,61.97992706298828,121.44999694824219,18.819440841674805
2010-06-23,82.2437973022461,65.92849731445312,62.4012451171875,120.94999694824219,18.506629943847656
2010-06-24,80.88094329833984,65.87255859375,62.030208587646484,121.30000305175781,18.548898696899414
2010-06-25,81.2197494506836,65.97740173339844,62.281761169433594,122.76000213623047,18.88707733154297
2010-06-28,80.9637680053711,66.44541931152344,62.86652374267578,121.08999633789062,18.68416976928711
2010-06-29,78.46400451660156,66.7317886352539,63.55189514160156,121.2699966430664,18.168453216552734
2010-06-30,77.7186050415039,66.82967376708984,63.979496002197266,121.68000030517578,18.2360897064209
2010-07-01,77.37225341796875,66.80017852783203,64.0804214477539,117.04000091552734,17.957096099853516
2010-07-02,76.95059967041016,66.68109130859375,63.569557189941406,118.48999786376953,17.923276901245117
2010-07-06,77.4550552368164,66.84226989746094,64.09297943115234,116.51000213623047,17.9740047454834
2010-07-07,79.89459228515625,66.63214874267578,63.34247970581055,117.7300033569336,18.37981414794922
2010-07-08,80.68521881103516,66.47103118896484,62.93882369995117,117.20999908447266,18.548898696899414
2010-07-09,81.28754425048828,66.29595947265625,62.57932662963867,118.36000061035156,18.582717895507812
2010-07-12,81.34025573730469,66.40795135498047,62.554073333740234,117.33999633789062,18.371360778808594
2010-07-13,82.56754302978516,66.07884979248047,62.0179443359375,118.36000061035156,18.66726303100586
2010-07-14,82.55997467041016,66.40795135498047,62.64235305786133,118.30000305175781,18.63344383239746
2010-07-15,82.58259582519531,66.75117492675781,63.266822814941406,118.2300033569336,18.81098747253418
2010-07-16,80.30870819091797,67.13636016845703,63.57581329345703,116.66999816894531,18.574262619018555
2010-07-19,80.78306579589844,66.96129608154297,63.18478012084961,115.7300033569336,18.557357788085938
2010-07-20,81.67906951904297,67.03131866455078,63.2794303894043,116.6500015258789,18.70953369140625
2010-07-21,80.61742401123047,67.45843505859375,64.35160827636719,115.8499984741211,18.6588077545166
2010-07-22,82.41693878173828,67.0873031616211,63.60739517211914,116.86000061035156,19.030799865722656
2010-07-23,83.13227081298828,66.8702392578125,62.93251419067383,116.08999633789062,18.97161865234375
2010-07-26,83.99813842773438,66.84918975830078,62.82528305053711,115.5199966430664,18.954713821411133
2010-07-27,83.99059295654297,66.61809539794922,62.21978759765625,113.51000213623047,18.751806259155273
2010-07-28,83.44847869873047,66.90523529052734,62.42164611816406,113.77999877929688,18.827896118164062
2010-07-29,83.04188537597656,67.04528045654297,62.402740478515625,114.29000091552734,19.098434448242188
2010-07-30,83.02680969238281,67.4375228881836,63.373992919921875,115.48999786376953,19.352067947387695
2010-08-02,84.9016342163086,67.22896575927734,62.48432159423828,115.54000091552734,19.724058151245117
2010-08-03,84.49506378173828,67.54493713378906,62.84499740600586,115.98999786376953,19.79169273376465
2010-08-04,85.0597915649414,67.2640609741211,62.36412811279297,116.72000122070312,19.96078109741211
2010-08-05,84.96939849853516,67.5871353149414,62.655181884765625,116.9800033569336,19.86778450012207
2010-08-06,84.62305450439453,68.02945709228516,63.3386116027832,117.83999633789062,19.69024085998535
2010-08-09,85.07482147216797,68.01547241210938,63.104427337646484,117.4000015258789,19.75787925720215
2010-08-10,84.61554718017578,68.3595199584961,63.23734664916992,117.7300033569336,19.54651641845703
2010-08-11,82.29647827148438,68.74569702148438,64.085205078125,117.33999633789062,19.106889724731445
2010-08-12,81.79199981689453,68.57015228271484,63.927066802978516,118.7699966430664,18.963167190551758
2010-08-13,81.55105590820312,68.86505889892578,64.72430419921875,118.73999786376953,18.946256637573242
2010-08-16,81.513427734375,69.36369323730469,66.3441390991211,119.7300033569336,18.88707733154297
2010-08-17,82.51483154296875,69.01258850097656,65.9644775390625,119.75,19.157615661621094
2010-08-18,82.66544342041016,68.94232177734375,66.14160919189453,120.22000122070312,19.081525802612305
2010-08-19,81.2273178100586,69.25127410888672,67.17304229736328,120.38999938964844,18.88707733154297
2010-08-20,80.9637680053711,69.0266342163086,67.09715270996094,119.97000122070312,18.768714904785156
2010-08-23,80.65509033203125,69.117919921875,67.10979461669922,119.77999877929688,18.64189910888672
2010-08-24,79.45787048339844,69.6656265258789,68.18547821044922,120.36000061035156,18.430540084838867
2010-08-25,79.76657104492188,69.34956359863281,67.96402740478516,121.36000061035156,18.523534774780273
2010-08-26,79.23200225830078,69.6656265258789,68.60307312011719,120.95999908447266,18.734895706176758
2010-08-27,80.45929718017578,68.86505889892578,66.66056823730469,121.01000213623047,19.05616569519043
2010-08-30,79.29225158691406,69.3917236328125,67.93867492675781,120.91000366210938,19.022348403930664
2010-08-31,79.29225158691406,69.70066833496094,68.6916275024414,122.08000183105469,18.768714904785156
2010-09-01,81.66400909423828,69.19881439208984,67.27132415771484,121.69000244140625,19.14070701599121
2010-09-02,82.4244613647461,68.91019439697266,66.56058502197266,122.29000091552734,19.275976181030273
2010-09-03,83.49366760253906,68.51595306396484,65.73553466796875,121.86000061035156,19.377429962158203
2010-09-07,82.55248260498047,69.0580062866211,67.08094787597656,122.69999694824219,19.478885650634766
2010-09-08,83.13227081298828,68.86795043945312,66.54784393310547,122.70999908447266,19.521154403686523
2010-09-09,83.5162582397461,68.32591247558594,65.2341079711914,121.55999755859375,19.411245346069336
2010-09-10,83.93789672851562,68.1287612915039,64.93586730957031,121.7300033569336,19.614152908325195
2010-09-13,84.87154388427734,68.45259857177734,65.25318908691406,121.62000274658203,19.75787925720215
2010-09-14,84.81880187988281,68.79755401611328,65.88146209716797,124.0199966430664,19.817058563232422
2010-09-15,85.1426010131836,68.55818939208984,64.9041748046875,123.94000244140625,19.783239364624023
2010-09-16,85.12003326416016,68.31884765625,64.26317596435547,124.62999725341797,19.681787490844727
2010-09-17,85.15179443359375,68.47370910644531,64.52336120605469,124.54000091552734,19.749422073364258
2010-09-20,86.45378112792969,68.68494415283203,64.89781951904297,124.87000274658203,19.91005516052246
2010-09-21,86.27970886230469,69.3255386352539,65.79896545410156,126.01000213623047,19.69869613647461
2010-09-22,85.8558120727539,69.43106079101562,66.38916778564453,126.19999694824219,19.817058563232422
2010-09-23,85.15937042236328,69.52972412109375,66.57962799072266,126.30000305175781,19.833967208862305
2010-09-24,86.91556549072266,69.18476104736328,65.68473052978516,126.69000244140625,20.138322830200195
2010-09-27,86.49918365478516,69.71973419189453,66.82713317871094,126.72000122070312,20.003053665161133
2010-09-28,86.802001953125,69.95206451416016,67.28402709960938,127.8499984741211,20.003053665161133
2010-09-29,86.6506118774414,69.7830810546875,67.00476837158203,127.94999694824219,20.265138626098633
2010-09-30,86.39326477050781,69.6985855102539,66.96036529541016,127.91000366210938,20.383502960205078
2010-10-01,86.75657653808594,69.73600006103516,66.63680267333984,128.91000366210938,20.42577362060547
2010-10-04,86.1055908203125,69.9830093383789,66.80874633789062,128.4600067138672,20.358139038085938
2010-10-05,87.83904266357422,69.9970474243164,66.40744018554688,130.99000549316406,20.772397994995117
2010-10-06,87.83147430419922,70.44869232177734,67.24191284179688,131.80999755859375,20.78085708618164
2010-10-07,87.72549438476562,70.51918029785156,66.68135070800781,130.3699951171875,20.569496154785156
2010-10-08,88.21755981445312,70.54745483398438,66.38836669921875,131.66000366210938,21.25429916381836
2010-10-11,88.3008041381836,70.61805725097656,66.40109252929688,132.2899932861328,21.152847290039062
2010-10-12,88.57332611083984,70.41339111328125,65.74498748779297,131.9600067138672,21.25429916381836
2010-10-13,89.26217651367188,70.41339111328125,65.64308166503906,134.07000732421875,21.35575294494629
2010-10-14,88.91392517089844,70.01122283935547,64.66205596923828,134.75,21.321935653686523
2010-10-15,89.09563446044922,69.70777893066406,63.8721809387207,133.67999267578125,21.085214614868164
2010-10-18,89.5346450805664,70.03944396972656,64.38815307617188,134.27999877929688,21.296573638916016
2010-10-19,88.36138916015625,70.27933502197266,64.7767562866211,130.11000061035156,20.670949935913086
2010-10-20,89.22430419921875,70.23695373535156,64.91687774658203,131.32000732421875,21.161306381225586
2010-10-21,89.42109680175781,69.84890747070312,64.1460952758789,129.47000122070312,20.89921760559082
2010-10-22,89.587646484375,69.87007904052734,64.57923126220703,129.72999572753906,21.076759338378906
2010-10-25,89.85258483886719,69.84890747070312,64.76395416259766,130.85000610351562,21.18666648864746
2010-10-26,89.86775207519531,69.38321685791016,63.76388931274414,130.8800048828125,21.296573638916016
2010-10-27,89.61035919189453,68.98101043701172,63.203369140625,129.52000427246094,21.228939056396484
2010-10-28,89.62551879882812,69.38321685791016,63.37535095214844,131.24000549316406,21.33884620666504
2010-10-29,89.69363403320312,69.69367218017578,63.96774673461914,132.6199951171875,21.288118362426758
2010-11-01,89.7238998413086,69.57699584960938,63.692298889160156,131.9199981689453,21.423385620117188
2010-11-02,90.43543243408203,69.81034851074219,64.52941131591797,132.49000549316406,21.617839813232422
2010-11-03,90.79879760742188,70.0367202758789,63.213016510009766,131.57000732421875,21.71929359436035
2010-11-04,92.54740142822266,70.60258483886719,63.7050895690918,136.02999877929688,22.235008239746094
2010-11-05,92.89562225341797,70.30546569824219,62.61237335205078,136.3800048828125,22.3280086517334
2010-11-08,92.72151184082031,70.32670593261719,62.89353942871094,137.77999877929688,22.387187957763672
2010-11-09,92.0553970336914,69.73258972167969,61.5068244934082,135.58999633789062,22.235008239746094
2010-11-10,92.42631530761719,69.99425506591797,61.58993148803711,137.24000549316406,22.471731185913086
2010-11-11,92.07811737060547,69.91647338867188,61.55791473388672,137.66000366210938,22.285736083984375
2010-11-12,90.9880599975586,69.3365249633789,61.225616455078125,133.69000244140625,21.35575294494629
2010-11-15,90.85936737060547,68.4452896118164,59.9475212097168,132.4199981689453,21.389570236206055
2010-11-16,89.44384002685547,68.9544906616211,61.4365234375,130.97000122070312,20.755495071411133
2010-11-17,89.48924255371094,68.75651550292969,61.09782028198242,130.3800048828125,20.59486198425293
2010-11-18,90.80638122558594,68.59381103515625,61.347103118896484,132.08999633789062,21.152847290039062
2010-11-19,91.05619812011719,68.73524475097656,61.72412872314453,132.1999969482422,20.84848976135254
2010-11-22,90.98049926757812,69.10307312011719,61.986087799072266,133.47999572753906,20.916126251220703
2010-11-23,89.66334533691406,69.24451446533203,62.29281997680664,134.41000366210938,20.865400314331055
2010-11-24,90.9880599975586,68.50186920166016,61.1809196472168,134.17999267578125,21.25429916381836
2010-11-26,89.92827606201172,68.79894256591797,62.03084182739258,133.11000061035156,21.35575294494629
2010-11-29,90.20083618164062,68.94747924804688,62.56124496459961,133.50999450683594,21.39802360534668
2010-11-30,89.69363403320312,69.06771850585938,62.887142181396484,135.4199981689453,21.195119857788086
2010-12-01,91.60120391845703,68.15947723388672,61.48920440673828,135.3800048828125,21.820743560791016
2010-12-02,92.77452850341797,67.98927307128906,61.32891845703125,135.1999969482422,22.006742477416992
2010-12-03,93.02429962158203,67.996337890625,60.84793472290039,138.07000732421875,22.285736083984375
2010-12-06,92.92589569091797,68.42172241210938,61.70724105834961,139.11000061035156,22.260372161865234
2010-12-07,92.97888946533203,67.28733825683594,60.386287689208984,136.5,22.108192443847656
2010-12-08,93.31954193115234,66.71299743652344,59.80270004272461,134.7899932861328,22.277280807495117
2010-12-09,93.68289947509766,66.85478973388672,60.09769821166992,135.3699951171875,22.21809959411621
2010-12-10,94.22789764404297,66.28759002685547,59.732173919677734,135.41000366210938,22.184282302856445
2010-12-13,94.2884750366211,66.50028228759766,59.956626892089844,136.0500030517578,22.404096603393555
2010-12-14,94.37171173095703,65.79833221435547,59.08453369140625,136.17999267578125,22.34491539001465
2010-12-15,93.94026947021484,65.52890014648438,58.31507110595703,134.6999969482422,22.285736083984375
2010-12-16,94.48526000976562,65.91886901855469,58.71902847290039,133.80999755859375,22.209646224975586
2010-12-17,94.58650970458984,66.48612213134766,59.7899055480957,134.1999969482422,22.378732681274414
2010-12-20,94.81475830078125,66.47903442382812,59.72573471069336,135.11000061035156,22.581636428833008
2010-12-21,95.41593170166016,66.62079620361328,60.142581939697266,135.32000732421875,22.725360870361328
2010-12-22,95.71271514892578,66.43647766113281,59.71296310424805,135.0500030517578,22.843727111816406
2010-12-23,95.57572937011719,66.20243835449219,59.59111022949219,134.66000366210938,22.928266525268555
2010-12-27,95.6137466430664,66.45775604248047,60.12338638305664,135.02000427246094,22.885997772216797
2010-12-28,95.75074768066406,65.75965881347656,58.94588088989258,137.22000122070312,23.13117218017578
2010-12-29,95.81922912597656,66.49897766113281,59.94319534301758,137.7100067138672,23.139629364013672
2010-12-30,95.66705322265625,66.3639144897461,59.89812469482422,137.02999877929688,22.860633850097656
2010-12-31,95.68985748291016,66.69805145263672,60.56086349487305,138.72000122070312,23.291805267333984
2011-01-03,96.6791000366211,66.4918441772461,60.10401153564453,138.0,23.39325714111328
2011-01-04,96.6258316040039,66.64826202392578,60.174827575683594,134.75,23.080446243286133
2011-01-05,97.12806701660156,65.93020629882812,58.84933853149414,134.3699951171875,23.32562255859375
2011-01-06,96.93782806396484,66.27147674560547,59.106719970703125,133.8300018310547,23.0128116607666
2011-01-07,96.74758911132812,66.7122573852539,59.42201614379883,133.5800018310547,22.928266525268555
2011-01-10,96.6258316040039,66.93968963623047,59.74373245239258,134.1199951171875,23.198808670043945
2011-01-11,96.96825408935547,66.67671203613281,59.40914535522461,134.91000366210938,23.460895538330078
2011-01-12,97.84337615966797,66.4848403930664,58.94588088989258,135.4600067138672,23.61307144165039
2011-01-13,97.68355560302734,66.93266296386719,59.47349548339844,134.0500030517578,23.579252243041992
2011-01-14,98.39126586914062,66.74781799316406,59.0938835144043,132.69000244140625,23.689163208007812
2011-01-18,98.55866241455078,66.58431243896484,58.81715774536133,133.42999267578125,23.663799285888672
2011-01-19,97.59221649169922,66.75492858886719,59.241825103759766,133.72000122070312,23.63843536376953
2011-01-20,97.46287536621094,66.23595428466797,58.4246940612793,131.1999969482422,23.40171241760254
2011-01-21,97.68355560302734,66.45633697509766,58.8879508972168,131.02999877929688,23.63843536376953
2011-01-24,98.23905944824219,66.46348571777344,58.913665771484375,130.36000061035156,23.435531616210938
2011-01-25,98.29230499267578,66.79762268066406,59.47349548339844,130.10000610351562,23.139629364013672
2011-01-26,98.67280578613281,66.39236450195312,58.57269287109375,131.16000366210938,23.655344009399414
2011-01-27,98.91633605957031,66.64115142822266,58.83644104003906,127.93000030517578,23.452438354492188
2011-01-28,97.18892669677734,66.94685363769531,59.14528274536133,130.27999877929688,23.748340606689453
2011-01-31,97.9194564819336,66.683837890625,58.694881439208984,129.8699951171875,24.12033462524414
2011-02-01,99.48703002929688,66.37380981445312,58.40433120727539,130.8000030517578,24.297876358032227
2011-02-02,99.29678344726562,66.21703338623047,58.41724395751953,130.4499969482422,24.53459930419922
2011-02-03,99.51746368408203,65.83931732177734,57.93299865722656,132.1999969482422,24.373964309692383
2011-02-04,99.79901123046875,65.43304443359375,57.34537124633789,131.66000366210938,24.238697052001953
2011-02-07,100.4229736328125,65.40447998046875,57.64236068725586,131.67999267578125,24.171062469482422
2011-02-08,100.87958526611328,64.95555877685547,57.112892150878906,133.13999938964844,24.331693649291992
2011-02-09,100.65127563476562,65.32614135742188,57.61015319824219,133.07000732421875,24.450054168701172
2011-02-10,100.68934631347656,65.11234283447266,56.94504165649414,132.85000610351562,24.306331634521484
2011-02-11,101.29048156738281,65.41165924072266,57.76507568359375,132.32000732421875,24.22178840637207
2011-02-14,101.53402709960938,65.43304443359375,57.80384063720703,132.9499969482422,24.340150833129883
2011-02-15,101.21437072753906,65.58264923095703,58.06210708618164,133.97000122070312,24.027334213256836
2011-02-16,101.85356140136719,65.49008178710938,57.87486267089844,134.10000610351562,24.204875946044922
2011-02-17,102.157958984375,65.73235321044922,57.965232849121094,135.0399932861328,24.280967712402344
2011-02-18,102.37103271484375,65.71810913085938,57.78447723388672,135.41000366210938,24.255603790283203
2011-02-22,100.31645965576172,66.35242462158203,58.64967346191406,136.2899932861328,24.22178840637207
2011-02-23,99.70008850097656,66.18851470947266,58.86283874511719,137.50999450683594,24.76287078857422
2011-02-24,99.63157653808594,66.35955047607422,59.237300872802734,136.47999572753906,24.543052673339844
2011-02-25,100.69695281982422,66.5733642578125,59.58599090576172,137.3800048828125,25.08413314819336
2011-02-28,101.32090759277344,66.54484558105469,59.6634635925293,137.66000366210938,25.12640380859375
2011-03-01,99.63157653808594,66.62055969238281,59.8364143371582,140.02999877929688,25.506853103637695
2011-03-02,99.8447036743164,66.2705078125,58.91656494140625,139.9199981689453,25.608304977416992
2011-03-03,101.5644302368164,65.82051086425781,58.34002685546875,138.08999633789062,25.599849700927734
2011-03-04,100.803466796875,66.2919692993164,58.82584762573242,139.35000610351562,25.726665496826172
2011-03-07,100.01207733154297,66.12767028808594,58.4501953125,139.72000122070312,25.608304977416992
2011-03-08,100.88716888427734,65.97042846679688,58.09385299682617,139.36000061035156,25.388492584228516
2011-03-09,100.74260711669922,66.35621643066406,58.657440185546875,139.41000366210938,25.48994255065918
2011-03-10,98.87826538085938,66.92063903808594,59.642093658447266,137.77000427246094,25.0756778717041
2011-03-11,99.56309509277344,66.763427734375,59.30522537231445,138.22000122070312,24.931955337524414
2011-03-14,98.96197509765625,66.9134292602539,59.279327392578125,138.86000061035156,24.999589920043945
2011-03-15,97.82811737060547,67.15633392333984,60.16679000854492,136.27000427246094,24.086517333984375
2011-03-16,96.01708221435547,67.7278060913086,60.84696960449219,136.24000549316406,24.230239868164062
2011-03-17,97.28784942626953,67.52070617675781,60.38057327270508,136.97000122070312,24.98267936706543
2011-03-18,97.6417236328125,67.47779846191406,60.54253387451172,138.3699951171875,25.12640380859375
2011-03-21,99.15495300292969,67.12773895263672,60.18626403808594,139.13999938964844,25.244766235351562
2011-03-22,98.8110580444336,67.16349792480469,60.387027740478516,139.0500030517578,25.430761337280273
2011-03-23,99.09382629394531,67.07776641845703,60.30933380126953,140.33999633789062,25.481489181518555
2011-03-24,100.04146575927734,66.73489379882812,59.85586929321289,139.22000122070312,25.56603240966797
2011-03-25,100.34719848632812,66.5562515258789,59.70687484741211,139.25999450683594,25.6336669921875
2011-03-28,100.1026382446289,66.57768249511719,59.791114807128906,138.5399932861328,25.287036895751953
2011-03-29,100.77519989013672,66.38480377197266,59.331119537353516,138.2100067138672,25.430761337280273
2011-03-30,101.47066497802734,66.6134262084961,59.804012298583984,138.6699981689453,25.396947860717773
2011-03-31,101.33304595947266,66.44197845458984,59.680931091308594,139.86000061035156,25.794301986694336
2011-04-01,101.76106262207031,66.58382415771484,59.971107482910156,139.1999969482422,25.97184181213379
2011-04-04,101.84513854980469,66.7342529296875,60.03615188598633,139.83999633789062,26.208566665649414
2011-04-05,101.82987976074219,66.39759063720703,59.79543685913086,142.0500030517578,26.233930587768555
2011-04-06,102.15084838867188,66.11107635498047,58.89778518676758,142.3800048828125,26.31001853942871
2011-04-07,101.89099884033203,66.11827087402344,58.7806396484375,142.50999450683594,26.36074447631836
2011-04-08,101.53945922851562,65.92478942871094,58.468379974365234,143.66000366210938,26.98636817932129
2011-04-11,101.2337417602539,66.01077270507812,58.52045822143555,142.63999938964844,26.487558364868164
2011-04-12,100.47711181640625,66.38326263427734,59.15143966674805,141.61000061035156,25.94647979736328
2011-04-13,100.46946716308594,66.64111328125,59.52229309082031,141.89999389648438,26.149385452270508
2011-04-14,100.54591369628906,66.41907501220703,59.476688385009766,143.80999755859375,26.217021942138672
2011-04-15,100.91272735595703,66.90609741210938,60.28334426879883,145.0500030517578,26.3522891998291
2011-04-18,99.7816390991211,67.07091522216797,60.419960021972656,145.92999267578125,26.1916561126709
2011-04-19,100.3548355102539,67.15685272216797,60.680171966552734,145.92999267578125,26.20011329650879
2011-04-20,101.7228775024414,66.89175415039062,60.2898063659668,146.5,26.614376068115234
2011-04-21,102.2425308227539,66.94190979003906,60.237770080566406,146.74000549316406,26.80882453918457
2011-04-25,102.13556671142578,67.17829895019531,60.46546936035156,146.8699951171875,26.732736587524414
2011-04-26,103.01446533203125,67.46477508544922,61.05096435546875,146.3800048828125,26.72428321838379
2011-04-27,103.68701171875,67.27140808105469,60.42649459838867,149.1999969482422,26.88491439819336
2011-04-28,104.02326202392578,67.52928924560547,60.88834762573242,149.82000732421875,26.69046401977539
2011-04-29,104.26787567138672,67.66535949707031,61.076927185058594,152.3699951171875,26.969459533691406
2011-05-02,104.10734558105469,67.64452362060547,61.17495346069336,150.41000366210938,26.69891929626465
2011-05-03,103.73286437988281,67.8240737915039,61.52122497558594,149.8800048828125,26.419925689697266
2011-05-04,103.04502868652344,67.99642181396484,61.795616149902344,147.72999572753906,25.997207641601562
2011-05-05,102.11265563964844,68.33390045166016,62.38357925415039,143.47000122070312,24.255603790283203
2011-05-06,102.56350708007812,68.36979675292969,62.10919952392578,145.3000030517578,24.179515838623047
2011-05-09,102.9609603881836,68.47029876708984,62.043853759765625,147.3800048828125,25.067224502563477
2011-05-10,103.8398666381836,68.14005279541016,61.59955596923828,147.89999389648438,25.295494079589844
2011-05-11,102.74697875976562,68.38417053222656,61.95237731933594,146.5399932861328,24.483871459960938
2011-05-12,103.23612976074219,68.23332977294922,61.5604362487793,146.58999633789062,24.509233474731445
2011-05-13,102.4412612915039,68.49907684326172,62.11577224731445,145.6300048828125,24.551509857177734
2011-05-16,101.79166412353516,68.66423034667969,62.461936950683594,145.3699951171875,24.230239868164062
2011-05-17,101.77632141113281,68.86528015136719,63.102210998535156,144.74000549316406,24.2894229888916
2011-05-18,102.68582153320312,68.47029876708984,62.26602554321289,145.60000610351562,24.779773712158203
2011-05-19,102.93037414550781,68.54217529296875,62.239845275878906,145.64999389648438,24.585325241088867
2011-05-20,102.11265563964844,68.70736694335938,62.272483825683594,147.49000549316406,24.813594818115234
2011-05-23,100.92801666259766,68.8006362915039,62.57304000854492,147.8300018310547,24.41623878479004
2011-05-24,100.8439712524414,68.87251281738281,62.808231353759766,148.58999633789062,24.74595832824707
2011-05-25,101.18024444580078,68.87967681884766,62.51420974731445,148.5800018310547,25.194040298461914
2011-05-26,101.64642333984375,69.26024627685547,63.049922943115234,148.22000122070312,25.287036895751953
2011-05-27,102.03620147705078,69.25304412841797,63.023834228515625,149.6999969482422,25.430761337280273
2011-05-31,103.0984878540039,69.36077117919922,63.16751480102539,149.63999938964844,25.574487686157227
2011-06-01,100.78280639648438,69.93242645263672,64.02120971679688,149.91000366210938,25.25322151184082
2011-06-02,100.67581939697266,69.51486206054688,62.801673889160156,149.5,25.473033905029297
2011-06-03,99.67461395263672,69.78843688964844,63.16225814819336,150.22000122070312,25.574487686157227
2011-06-06,98.61994934082031,69.74523162841797,62.68364715576172,150.47999572753906,25.27858543395996
2011-06-07,98.558837890625,69.87481689453125,62.97212219238281,150.4199981689453,25.515308380126953
2011-06-08,98.14610290527344,70.02598571777344,63.463836669921875,149.80999755859375,25.726665496826172
2011-06-09,98.89509582519531,69.74523162841797,63.20820999145508,150.55999755859375,25.870389938354492
2011-06-10,97.51946258544922,69.96837615966797,63.693389892578125,149.24000549316406,25.599849700927734
2011-06-13,97.59585571289062,69.81721496582031,63.372047424316406,147.77000427246094,25.430761337280273
2011-06-14,98.83396911621094,69.26288604736328,62.41477584838867,148.6699981689453,25.608304977416992
2011-06-15,97.07615661621094,70.01151275634766,63.54914093017578,149.1199951171875,24.92350196838379
2011-06-16,97.2901382446289,70.20587158203125,63.83766174316406,148.97000122070312,24.822050094604492
2011-06-17,97.58049774169922,70.15557861328125,63.53599166870117,149.94000244140625,24.712142944335938
2011-06-20,98.07971954345703,70.04759979248047,63.61467361450195,150.02999877929688,24.576871871948242
2011-06-21,99.42375946044922,69.9540023803711,63.332767486572266,150.75999450683594,24.593782424926758
2011-06-22,98.82471466064453,69.92520904541016,63.372047424316406,150.99000549316406,24.703683853149414
2011-06-23,98.5405044555664,70.29239654541016,63.857322692871094,148.33999633789062,24.179515838623047
2011-06-24,97.39616394042969,70.58747863769531,63.588470458984375,146.25999450683594,23.892066955566406
2011-06-27,98.2640151977539,70.31395721435547,62.7164192199707,145.72999572753906,23.883609771728516
2011-06-28,99.54667663574219,69.6659927368164,62.21151351928711,146.24000549316406,24.306331634521484
2011-06-29,100.39921569824219,69.24846649169922,61.798465728759766,147.17999267578125,24.74595832824707
2011-06-30,101.35928344726562,69.01089477539062,61.7000846862793,146.0,24.483871459960938
2011-07-01,102.85697174072266,68.83843994140625,61.60144805908203,144.92999267578125,24.51769256591797
2011-07-05,102.77249145507812,69.27143859863281,61.739601135253906,147.6300048828125,24.847410202026367
2011-07-06,102.8953628540039,69.3940658569336,62.05536651611328,148.91000366210938,24.83895492553711
2011-07-07,103.96295928955078,69.1270523071289,61.87115478515625,149.14999389648438,25.363126754760742
2011-07-08,103.22564697265625,69.86319732666016,62.746212005615234,150.25,25.3377628326416
2011-07-11,101.35928344726562,70.39723205566406,63.68701934814453,151.58999633789062,25.1433162689209
2011-07-12,100.92145538330078,70.49821472167969,63.904136657714844,152.77000427246094,25.363126754760742
2011-07-13,101.2594223022461,70.61373901367188,64.08172607421875,154.13999938964844,25.70975685119629
2011-07-14,100.56050109863281,70.20954132080078,63.16728591918945,154.5399932861328,25.56603240966797
2011-07-15,101.14419555664062,70.49821472167969,63.27253341674805,155.1999969482422,25.794301986694336
2011-07-18,100.31472778320312,70.45498657226562,62.66065979003906,156.57000732421875,25.650577545166016
2011-07-19,101.9429931640625,70.72196960449219,63.963409423828125,154.66000366210938,25.82811737060547
2011-07-20,101.88155364990234,70.37551879882812,63.20672607421875,156.02000427246094,25.912660598754883
2011-07-21,103.29475402832031,69.98590087890625,62.71992492675781,154.8300018310547,25.785846710205078
2011-07-22,103.36388397216797,70.25288391113281,63.19358825683594,156.1199951171875,25.997207641601562
2011-07-25,102.78779602050781,70.0291976928711,62.50275802612305,157.33999633789062,25.870389938354492
2011-07-26,102.40380859375,70.32505798339844,62.930458068847656,157.77000427246094,26.07329559326172
2011-07-27,100.30707550048828,70.20954132080078,62.936973571777344,157.19000244140625,25.895751953125
2011-07-28,100.01521301269531,70.34673309326172,63.173805236816406,157.32000732421875,25.81121063232422
2011-07-29,99.33165740966797,71.1982650756836,64.42391204833984,158.2899932861328,25.599849700927734
2011-08-01,98.90919494628906,71.45721435546875,65.07411193847656,157.72000122070312,25.599849700927734
2011-08-02,96.3823471069336,72.11550903320312,67.0280532836914,161.52000427246094,25.599849700927734
2011-08-03,96.90460205078125,72.1733627319336,67.16006469726562,161.49000549316406,25.219402313232422
2011-08-04,92.36544799804688,73.12825775146484,69.54969787597656,160.63999938964844,24.26405906677246
2011-08-05,92.2271957397461,72.28189849853516,67.54295349121094,161.75,24.36551284790039
2011-08-08,86.22103881835938,73.43208312988281,69.67510986328125,167.1199951171875,23.460895538330078
2011-08-09,90.23025512695312,73.85890197753906,69.88634490966797,168.61000061035156,23.689163208007812
2011-08-10,86.24408721923828,74.8354721069336,71.9656753540039,174.5800018310547,23.790613174438477
2011-08-11,90.11504364013672,73.7359619140625,68.3350830078125,170.75,24.306331634521484
2011-08-12,90.72181701660156,74.24949645996094,69.6883773803711,169.97000122070312,24.27251434326172
2011-08-15,92.64192199707031,73.974609375,68.98194885253906,171.8000030517578,24.568416595458984
2011-08-16,91.85086059570312,74.31465148925781,70.12406158447266,173.9199981689453,24.568416595458984
2011-08-17,91.91230010986328,74.8354721069336,71.35182189941406,174.4199981689453,24.779773712158203
2011-08-18,87.94918060302734,75.22608947753906,72.81724548339844,177.72000122070312,24.171062469482422
2011-08-19,86.5129165649414,75.30570220947266,73.40478515625,179.9499969482422,24.60223388671875
2011-08-22,86.5820541381836,75.16825866699219,73.21990966796875,184.58999633789062,24.644506454467773
2011-08-23,89.43151092529297,74.86438751220703,72.20991516113281,177.6699981689453,24.89813995361328
2011-08-24,90.69110107421875,74.0614242553711,70.15702056884766,171.64999389648438,24.644506454467773
2011-08-25,89.3086166381836,74.51715850830078,70.91614532470703,172.36000061035156,24.754411697387695
2011-08-26,90.60661315917969,74.75585174560547,71.61589050292969,177.47000122070312,25.03340721130371
2011-08-29,93.21028900146484,74.26396942138672,70.62565612792969,173.88999938964844,25.117952346801758
2011-08-30,93.4560546875,74.77758026123047,71.76107025146484,179.10000610351562,25.456125259399414
2011-08-31,93.8708267211914,74.50994110107422,70.65210723876953,177.72000122070312,25.498397827148438
2011-09-01,92.8876953125,75.10371398925781,72.14976501464844,177.8699951171875,25.32085609436035
2011-09-02,90.51441192626953,75.79251098632812,74.4936294555664,183.24000549316406,25.185585021972656
2011-09-06,89.85394287109375,75.89401245117188,75.26832580566406,182.89999389648438,25.101043701171875
2011-09-07,92.38848114013672,75.48799133300781,73.83149719238281,177.0800018310547,25.329309463500977
2011-09-08,91.42840576171875,75.85775756835938,74.4936294555664,181.80999755859375,25.16022300720215
2011-09-09,89.0320816040039,76.22750091552734,75.28813934326172,180.6999969482422,24.76287078857422
2011-09-12,89.60814666748047,75.99546813964844,75.36766815185547,176.6699981689453,24.703683853149414
2011-09-13,90.4299545288086,75.770751953125,74.2950210571289,178.5399932861328,24.62759780883789
2011-09-14,91.681884765625,75.81423950195312,74.9239730834961,177.2100067138672,24.509233474731445
2011-09-15,93.26404571533203,75.24872589111328,73.77854919433594,174.39999389648438,24.610687255859375
2011-09-16,93.81604766845703,75.39373779296875,74.31487274169922,176.02999877929688,24.50078010559082
2011-09-19,92.88190460205078,76.0099868774414,75.73180389404297,173.30999755859375,24.086517333984375
2011-09-20,92.7738265991211,76.11152648925781,76.04953002929688,175.77999877929688,24.044246673583984
2011-09-21,90.04086303710938,76.4377212524414,78.5655517578125,173.58999633789062,23.689163208007812
2011-09-22,87.13032531738281,77.14822387695312,81.51856231689453,169.0500030517578,22.85218048095703
2011-09-23,87.65530395507812,76.51025390625,80.00235748291016,159.8000030517578,22.446367263793945
2011-09-26,89.73976135253906,76.19121551513672,78.71784973144531,157.5800018310547,22.5224552154541
2011-09-27,90.74340057373047,75.68374633789062,77.51282501220703,160.6300048828125,22.902904510498047
2011-09-28,88.89054107666016,75.69825744628906,77.48633575439453,156.22000122070312,22.285736083984375
2011-09-29,89.59309387207031,75.69825744628906,78.02261352539062,157.6999969482422,22.547819137573242
2011-09-30,87.3542251586914,76.1767578125,79.98249053955078,158.05999755859375,21.770017623901367
2011-10-03,84.8683090209961,76.88211822509766,82.18362426757812,160.9600067138672,21.660110473632812
2011-10-04,86.72888946533203,76.4898910522461,81.14147186279297,157.63999938964844,21.617839813232422
2011-10-05,88.33467864990234,76.17022705078125,80.55733489990234,159.4600067138672,21.922197341918945
2011-10-06,89.93274688720703,75.6398696899414,79.07046508789062,160.49000549316406,22.378732681274414
2011-10-07,89.33061218261719,75.24759674072266,78.48631286621094,159.17999267578125,22.277280807495117
2011-10-10,92.31834411621094,74.4557113647461,77.37775421142578,163.27000427246094,22.77608871459961
2011-10-11,92.41095733642578,74.70272064208984,77.11891174316406,162.10000610351562,22.94517707824707
2011-10-12,93.22158813476562,74.44844818115234,75.99710845947266,163.25999450683594,22.987449645996094
2011-10-13,93.03631591796875,74.746337890625,76.75382995605469,162.3000030517578,23.03817367553711
2011-10-14,94.62666320800781,74.37583923339844,75.63862609863281,163.39999389648438,23.562347412109375
2011-10-17,92.82012939453125,74.8625717163086,76.94636535644531,162.6199951171875,23.224170684814453
2011-10-18,94.63440704345703,74.78263854980469,76.4684066772461,161.83999633789062,23.35098648071289
2011-10-19,93.51494598388672,74.89887237548828,76.44186401367188,159.8699951171875,22.894451141357422
2011-10-20,93.92412567138672,74.746337890625,75.89755249023438,157.77000427246094,22.860633850097656
2011-10-21,95.70750427246094,74.6082992553711,75.09439086914062,159.52000427246094,22.978994369506836
2011-10-24,96.88096618652344,74.57198333740234,75.22047424316406,161.02000427246094,23.342531204223633
2011-10-25,94.99725341796875,75.21125030517578,77.13219451904297,165.58999633789062,23.418622970581055
2011-10-26,95.96226501464844,74.65912628173828,75.78463745117188,167.39999389648438,23.28335189819336
2011-10-27,99.30510711669922,73.75836181640625,73.2157974243164,169.5500030517578,23.900522232055664
2011-10-28,99.28196716308594,74.20149230957031,73.9858627319336,169.6199951171875,23.799068450927734
2011-10-31,96.8886947631836,75.19666290283203,76.91975402832031,167.33999633789062,23.435531616210938
2011-11-01,94.18660736083984,76.09864044189453,79.49462127685547,167.3800048828125,23.15653419494629
2011-11-02,95.72293853759766,75.91669464111328,78.5030288696289,169.05999755859375,23.30025863647461
2011-11-03,97.46772003173828,75.55999755859375,77.42491912841797,171.72000122070312,23.587709426879883
2011-11-04,96.87325286865234,75.78562927246094,77.51806640625,170.85000610351562,23.663799285888672
2011-11-07,97.4754409790039,75.87301635742188,78.01054382324219,174.97999572753906,24.01043128967285
2011-11-08,98.72608184814453,75.53081512451172,77.01229095458984,173.52999877929688,24.1287899017334
2011-11-09,95.08218383789062,76.20059204101562,78.60952758789062,172.07000732421875,23.59616470336914
2011-11-10,95.97773742675781,75.82929229736328,77.43817901611328,171.13999938964844,23.57080078125
2011-11-11,97.78422546386719,75.47989654541016,76.96571350097656,173.9600067138672,23.799068450927734
2011-11-14,96.85783386230469,75.9530258178711,78.2035140991211,173.1999969482422,23.545438766479492
2011-11-15,97.33645629882812,75.8511734008789,78.09699249267578,173.36000061035156,23.71452522277832
2011-11-16,95.79243469238281,76.12776947021484,78.80914306640625,171.50999450683594,23.655344009399414
2011-11-17,94.27155303955078,76.28060150146484,79.4413833618164,167.10000610351562,23.105806350708008
2011-11-18,94.17118835449219,75.99676513671875,79.42142486572266,167.6199951171875,23.071992874145508
2011-11-21,92.38011169433594,76.20783996582031,79.8939437866211,163.5,22.902904510498047
2011-11-22,92.01724243164062,76.4407958984375,80.78569793701172,165.30999755859375,23.055084228515625
2011-11-23,89.98681640625,76.70285034179688,81.57764434814453,164.8300018310547,22.70845603942871
2011-11-25,89.81695556640625,76.21505737304688,80.3930435180664,163.39999389648438,22.5224552154541
2011-11-28,92.41868591308594,76.22232055664062,80.3531265258789,166.6300048828125,22.801448822021484
2011-11-29,92.68116760253906,76.07684326171875,79.69429016113281,166.8800048828125,23.097352981567383
2011-11-30,96.49495697021484,75.63275909423828,78.4497299194336,170.1300048828125,23.36789321899414
2011-12-01,96.47952270507812,75.61090850830078,78.05615997314453,169.6300048828125,23.28335189819336
2011-12-02,96.39459228515625,75.94636535644531,79.1502914428711,169.82000732421875,23.486257553100586
2011-12-05,97.44454956054688,75.90263366699219,78.9901123046875,167.32000732421875,23.35944175720215
2011-12-06,97.4754409790039,75.70569610595703,78.23625946044922,168.17999267578125,23.486257553100586
2011-12-07,97.83827209472656,76.04844665527344,78.51649475097656,169.39999389648438,23.28335189819336
2011-12-08,95.69204711914062,76.4350357055664,79.4972152709961,165.97999572753906,22.987449645996094
2011-12-09,97.31331634521484,75.9098892211914,77.8626480102539,166.39999389648438,23.071992874145508
2011-12-12,95.89279174804688,76.1724853515625,78.72996520996094,161.99000549316406,22.77608871459961
2011-12-13,94.99725341796875,76.5225830078125,79.4638900756836,158.4499969482422,22.86908721923828
2011-12-14,93.98587799072266,76.84349822998047,80.96492004394531,152.88999938964844,22.05746841430664
2011-12-15,94.3255844116211,76.77781677246094,80.66471099853516,152.3300018310547,21.947559356689453
2011-12-16,94.46542358398438,77.14979553222656,81.60538482666016,155.22999572753906,22.12510108947754
2011-12-19,93.4554443359375,77.41236114501953,82.63947296142578,154.8699951171875,22.023651123046875
2011-12-20,96.28343200683594,76.7122573852539,80.57799530029297,156.97999572753906,22.53091049194336
2011-12-21,96.4698715209961,76.46421813964844,79.4571533203125,157.16000366210938,22.691543579101562
2011-12-22,97.32447052001953,76.55901336669922,79.79074096679688,156.0399932861328,22.716907501220703
2011-12-23,98.19463348388672,76.24539184570312,78.90347290039062,156.30999755859375,22.826812744140625
2011-12-27,98.27230834960938,76.28858184814453,79.27822875976562,154.91000366210938,22.928266525268555
2011-12-28,96.9826431274414,76.77074432373047,80.74397277832031,151.02999877929688,22.65772819519043
2011-12-29,97.98485565185547,76.86573028564453,80.8912353515625,150.33999633789062,22.725360870361328
2011-12-30,97.503173828125,77.13606262207031,81.15226745605469,151.99000549316406,22.691543579101562
2012-01-03,99.0569839477539,76.64654541015625,79.93413543701172,155.9199981689453,23.36789321899414
2012-01-04,99.21240234375,76.40545654296875,78.98373413085938,156.7100067138672,23.545438766479492
2012-01-05,99.47655487060547,76.4200210571289,78.84321594238281,157.77999877929688,23.224170684814453
2012-01-06,99.22016906738281,76.71965026855469,79.46566772460938,157.1999969482422,23.32562255859375
2012-01-09,99.46101379394531,76.73424530029297,79.32506561279297,156.5,23.35098648071289
2012-01-10,100.3233871459961,76.58077239990234,79.19125366210938,158.63999938964844,23.52007484436035
2012-01-11,100.37776184082031,77.0265121459961,80.22196960449219,159.6699981689453,23.452438354492188
2012-01-12,100.61859893798828,76.86573028564453,80.108154296875,160.3800048828125,23.12272071838379
2012-01-13,100.09806823730469,77.20918273925781,80.9046630859375,159.25999450683594,23.071992874145508
2012-01-17,100.48654174804688,77.28221893310547,81.27944946289062,160.5,23.232622146606445
2012-01-18,101.59752655029297,77.0411148071289,80.29557800292969,161.60000610351562,23.241079330444336
2012-01-19,102.13360595703125,76.58077239990234,79.19125366210938,161.22000122070312,23.342531204223633
2012-01-20,102.51429748535156,76.31776428222656,78.29437255859375,162.07000732421875,23.173444747924805
2012-01-23,102.25013732910156,76.14970397949219,77.79911041259766,163.16000366210938,23.44398307800293
2012-01-24,102.13360595703125,76.23731994628906,77.9396743774414,162.00999450683594,23.486257553100586
2012-01-25,102.98821258544922,76.6026840209961,77.75225830078125,166.4199981689453,23.680707931518555
2012-01-26,102.45989990234375,77.01187133789062,78.78298950195312,167.27000427246094,23.748340606689453
2012-01-27,102.41329956054688,77.24567413330078,79.03062438964844,168.97000122070312,23.8328857421875
2012-01-30,102.06365966796875,77.5087661743164,79.96090698242188,168.02999877929688,23.587709426879883
2012-01-31,102.02482604980469,77.80099487304688,80.88455963134766,169.30999755859375,23.528528213500977
2012-02-01,102.91828918457031,77.5309066772461,79.95806121826172,169.55999755859375,23.604618072509766
2012-02-02,103.0814437866211,77.64068603515625,79.92447662353516,171.0500030517578,23.663799285888672
2012-02-03,104.52652740478516,77.02586364746094,78.20697784423828,167.63999938964844,23.942792892456055
2012-02-06,104.4565658569336,77.2380599975586,78.9852523803711,167.17999267578125,24.061155319213867
2012-02-07,104.72075653076172,76.74036407470703,78.00569152832031,169.6999969482422,24.044246673583984
2012-02-08,105.03153991699219,76.77696228027344,78.06610107421875,168.5,24.154151916503906
2012-02-09,105.16357421875,76.60133361816406,77.48243713378906,168.02000427246094,24.280967712402344
2012-02-10,104.38665771484375,77.03307342529297,78.48876190185547,167.13999938964844,24.052698135375977
2012-02-13,105.16357421875,76.98192596435547,78.58940124511719,167.50999450683594,24.11188316345215
2012-02-14,105.03153991699219,77.14295959472656,79.00536346435547,167.1199951171875,24.103425979614258
2012-02-15,104.54203796386719,77.20150756835938,78.864501953125,168.11000061035156,24.187969207763672
2012-02-16,105.69966888427734,76.85018157958984,78.23377990722656,168.0,24.297876358032227
2012-02-17,105.9793472290039,76.76963806152344,78.21372985839844,167.35000610351562,24.255603790283203
2012-02-21,106.02597045898438,76.491455078125,77.34829711914062,171.02000427246094,24.636049270629883
2012-02-22,105.6841049194336,76.79161834716797,78.32103729248047,172.94000244140625,24.864320755004883
2012-02-23,106.1502456665039,76.90142059326172,78.32103729248047,173.02000427246094,24.94040870666504
2012-02-24,106.38331604003906,76.95994567871094,78.8309097290039,172.22999572753906,25.09259033203125
2012-02-27,106.56204986572266,77.21615600585938,79.5286865234375,171.6999969482422,24.88968276977539
2012-02-28,106.8728256225586,77.25276947021484,79.26699829101562,173.49000549316406,24.881229400634766
2012-02-29,106.45329284667969,76.94532775878906,78.78395080566406,164.2899932861328,24.788230895996094
2012-03-01,107.00486755371094,76.69600677490234,78.04224395751953,166.61000061035156,25.177133560180664
2012-03-02,106.6785888671875,77.00398254394531,78.77525329589844,166.33999633789062,24.92350196838379
2012-03-05,106.24351501464844,76.8499984741211,78.14986419677734,165.64999389648438,24.805139541625977
2012-03-06,104.68968200683594,77.172607421875,79.09799194335938,162.6999969482422,24.399328231811523
2012-03-07,105.41996765136719,77.02595520019531,78.61380004882812,163.6300048828125,24.509233474731445
2012-03-08,106.46878051757812,76.7987289428711,77.82708740234375,165.27999877929688,24.712142944335938
2012-03-09,106.88056945800781,76.74004364013672,77.98176574707031,166.3800048828125,24.779773712158203
2012-03-12,106.88836669921875,76.7180404663086,77.96830749511719,165.07000732421875,24.74595832824707
2012-03-13,108.81510162353516,76.16815948486328,76.59654235839844,162.3000030517578,24.855865478515625
2012-03-14,108.69859313964844,75.29568481445312,74.6666259765625,159.57000732421875,24.686779022216797
2012-03-15,109.32787322998047,75.2736587524414,74.7809829711914,161.0800018310547,24.703683853149414
2012-03-16,109.47925567626953,75.25170135498047,74.92888641357422,161.3000030517578,25.00804328918457
2012-03-19,109.90843200683594,74.78987121582031,74.0345687866211,161.58999633789062,24.96577262878418
2012-03-20,109.58848571777344,74.82653045654297,74.33045959472656,160.1300048828125,24.661413192749023
2012-03-21,109.4090347290039,75.20775604248047,75.17095184326172,160.2100067138672,24.60223388671875
2012-03-22,108.62088775634766,75.30303192138672,75.4130630493164,159.57000732421875,24.407785415649414
2012-03-23,108.97203063964844,75.5816650390625,76.12586975097656,161.52999877929688,24.644506454467773
2012-03-26,110.50148010253906,75.49365997314453,75.73585510253906,164.39999389648438,24.754411697387695
2012-03-27,110.15811157226562,75.91150665283203,76.280517578125,163.24000549316406,24.65296173095703
2012-03-28,109.61193084716797,75.77962493896484,76.17288970947266,161.50999450683594,24.41623878479004
2012-03-29,109.42459869384766,76.09484100341797,76.74446868896484,161.27999877929688,24.078062057495117
2012-03-30,109.87722778320312,75.7209243774414,75.44668579101562,162.1199951171875,24.348602294921875
2012-04-02,110.68096160888672,75.90233612060547,75.86474609375,162.94000244140625,24.661413192749023
2012-04-03,110.22832489013672,75.34420013427734,74.55006408691406,159.88999938964844,24.551509857177734
2012-04-04,109.13587188720703,75.72604370117188,75.57476043701172,157.2100067138672,24.171062469482422
2012-04-05,109.08126831054688,76.06391906738281,76.12085723876953,158.30999755859375,24.26405906677246
2012-04-09,107.85616302490234,76.84237670898438,77.9006576538086,159.3699951171875,24.154151916503906
2012-04-10,106.04580688476562,77.2022933959961,78.78382110595703,161.10000610351562,23.8328857421875
2012-04-11,106.9041976928711,76.90120697021484,77.83999633789062,161.07000732421875,23.892066955566406
2012-04-12,108.30097198486328,76.74689483642578,77.51641082763672,162.6999969482422,24.204875946044922
2012-04-13,107.01342010498047,77.2095718383789,78.77034759521484,160.85000610351562,23.959701538085938
2012-04-16,106.94320678710938,77.18756103515625,78.65576171875,160.4600067138672,23.722978591918945
2012-04-17,108.52723693847656,77.10681915283203,78.60858154296875,160.25,23.8328857421875
2012-04-18,108.16049194335938,77.26103210449219,78.83778381347656,159.30999755859375,23.604618072509766
2012-04-19,107.46605682373047,77.34916687011719,78.91194152832031,159.42999267578125,23.61307144165039
2012-04-20,107.64547729492188,77.35649108886719,78.92543029785156,159.5399932861328,23.706073760986328
2012-04-23,106.74031066894531,77.51070404052734,79.49845886230469,159.07000732421875,23.663799285888672
2012-04-24,107.1460952758789,77.31243896484375,78.93890380859375,159.3000030517578,23.663799285888672
2012-04-25,108.61308288574219,77.21697998046875,78.53446197509766,159.6199951171875,23.799068450927734
2012-04-26,109.37000274658203,77.4739990234375,79.00633239746094,161.02999877929688,23.84979248046875
2012-04-27,109.54945373535156,77.55479431152344,79.07371520996094,161.3800048828125,23.92588233947754
2012-04-30,109.14369201660156,77.6208724975586,79.09400939941406,161.8800048828125,24.018882751464844
2012-05-01,109.8226089477539,77.47965240478516,78.68375396728516,161.32000732421875,24.018882751464844
2012-05-02,109.49482727050781,77.62681579589844,79.2379150390625,160.58999633789062,23.706073760986328
2012-05-03,108.65994262695312,77.61943817138672,79.21762084960938,158.97000122070312,23.44398307800293
2012-05-04,106.9041976928711,77.92840576171875,79.83935546875,159.47000122070312,23.029720306396484
2012-05-07,106.98222351074219,77.90628814697266,79.85293579101562,159.0800018310547,22.978994369506836
2012-05-08,106.55302429199219,78.08287811279297,80.27862548828125,156.0,22.894451141357422
2012-05-09,105.92096710205078,78.14906311035156,80.33271026611328,154.47000122070312,22.716907501220703
2012-05-10,106.13945007324219,78.0386962890625,80.09617614746094,154.77000427246094,22.725360870361328
2012-05-11,105.81954193115234,78.29615783691406,80.75845336914062,153.55999755859375,22.556276321411133
2012-05-14,104.64908599853516,78.64189910888672,81.88706970214844,151.3300018310547,22.260372161865234
2012-05-15,104.04822540283203,78.66398620605469,82.2182388305664,149.74000549316406,22.302644729614258
2012-05-16,103.65025329589844,78.7228012084961,82.45469665527344,149.4600067138672,22.277280807495117
2012-05-17,102.11296081542969,79.01698303222656,83.91448211669922,152.8000030517578,22.226552963256836
2012-05-18,101.23902130126953,78.965576171875,83.93473052978516,154.5500030517578,22.209646224975586
2012-05-21,102.9791259765625,78.75959777832031,83.75901794433594,154.64999389648438,22.50554847717285
2012-05-22,103.15860748291016,78.59041595458984,82.82642364501953,152.0800018310547,22.184282302856445
2012-05-23,103.21324157714844,78.79634094238281,83.40081024169922,151.6199951171875,21.939104080200195
2012-05-24,103.4161376953125,78.627197265625,83.083251953125,151.41000366210938,21.947559356689453
2012-05-25,103.08057403564453,78.85517120361328,83.3941421508789,152.67999267578125,22.023651123046875
2012-05-29,104.32908630371094,78.78900146484375,83.13728332519531,151.02000427246094,21.93065071105957
2012-05-30,102.81525421142578,79.53929901123047,85.24579620361328,151.91000366210938,21.524839401245117
2012-05-31,102.5890121459961,79.84825134277344,86.23246765136719,151.6199951171875,21.33884620666504
2012-06-01,100.00614166259766,80.53418731689453,88.27964782714844,157.5,20.89921760559082
2012-06-04,99.95929718017578,80.07003784179688,87.5821304321289,157.32000732421875,21.017578125
2012-06-05,100.71621704101562,79.80475616455078,86.41056823730469,157.13999938964844,20.941490173339844
2012-06-06,102.9791259765625,79.28166198730469,84.68370056152344,157.2100067138672,21.33039093017578
2012-06-07,103.04158020019531,79.47325134277344,84.81239318847656,154.5,21.18666648864746
2012-06-08,103.86090850830078,79.53218841552734,84.7921371459961,154.72999572753906,21.25429916381836
2012-06-11,102.54217529296875,79.74585723876953,85.17807006835938,155.36000061035156,20.865400314331055
2012-06-12,103.72047424316406,79.31855010986328,84.3992919921875,156.4600067138672,20.966854095458984
2012-06-13,103.05718994140625,79.73846435546875,85.23226165771484,157.1199951171875,20.80622100830078
2012-06-14,104.14962005615234,79.5247802734375,85.12391662597656,157.75,21.051395416259766
2012-06-15,105.21481323242188,79.89317321777344,85.5979232788086,157.83999633789062,21.017578125
2012-06-18,105.41873931884766,79.87106323242188,86.0584487915039,157.92999267578125,21.034488677978516
2012-06-19,106.43843078613281,79.59851837158203,84.93427276611328,157.16000366210938,21.212032318115234
2012-06-20,106.26583099365234,79.43641662597656,85.3541488647461,155.97000122070312,20.865400314331055
2012-06-21,103.88138580322266,79.60588836669922,85.8078384399414,152.02000427246094,20.41731834411621
2012-06-22,104.68146514892578,79.25960540771484,84.66337585449219,152.63999938964844,20.620223999023438
2012-06-25,103.00292205810547,79.69425964355469,85.89586639404297,153.75999450683594,20.83158302307129
2012-06-26,103.52058410644531,79.51750946044922,85.55730438232422,152.6199951171875,20.975305557250977
2012-06-27,104.45396423339844,79.62798309326172,85.69278717041016,152.8300018310547,21.09366798400879
2012-06-28,104.15591430664062,79.88579559326172,85.90265655517578,151.0500030517578,20.865400314331055
2012-06-29,106.75215911865234,79.51750946044922,84.78533935546875,155.19000244140625,21.770017623901367
2012-07-02,107.07379150390625,79.88636016845703,85.66008758544922,155.08999633789062,21.727746963500977
2012-07-03,107.77970123291016,79.6871109008789,85.00179290771484,157.4600067138672,22.336462020874023
2012-07-05,107.29336547851562,79.90113067626953,85.43612670898438,155.67999267578125,22.421005249023438
2012-07-06,106.27368927001953,80.1814956665039,86.23014831542969,153.7100067138672,21.90528678894043
2012-07-09,106.14032745361328,80.40283203125,86.99024200439453,154.0399932861328,22.294191360473633
2012-07-10,105.21481323242188,80.43973541259766,87.16661071777344,152.14999389648438,22.006742477416992
2012-07-11,105.23049926757812,80.365966796875,87.27525329589844,152.99000549316406,22.251916885375977
2012-07-12,104.72069549560547,80.55042266845703,87.89290618896484,152.58999633789062,22.302644729614258
2012-07-13,106.4776840209961,80.48406219482422,87.66214752197266,154.13999938964844,22.573184967041016
2012-07-16,106.22660827636719,80.66110229492188,88.0693588256836,154.2100067138672,22.85218048095703
2012-07-17,106.95610809326172,80.45452880859375,87.37708282470703,153.47000122070312,22.877540588378906
2012-07-18,107.748291015625,80.53567504882812,87.42456817626953,153.0500030517578,23.080446243286133
2012-07-19,108.03069305419922,80.41758728027344,87.20059967041016,153.3800048828125,23.35944175720215
2012-07-20,107.0423812866211,80.7348861694336,88.26615905761719,153.6699981689453,23.35944175720215
2012-07-23,105.95997619628906,80.8676528930664,88.76155090332031,153.02999877929688,22.86908721923828
2012-07-24,105.05011749267578,81.02265167236328,89.46060180664062,153.52000427246094,22.73381805419922
2012-07-25,105.0736312866211,81.06687927246094,89.6913070678711,155.6699981689453,22.902904510498047
2012-07-26,106.80709838867188,80.81603240966797,88.87013244628906,156.77000427246094,22.94517707824707
2012-07-27,108.77582550048828,80.23316192626953,87.19385528564453,157.5399932861328,23.18189811706543
2012-07-30,108.77582550048828,80.49141693115234,87.84532165527344,157.42999267578125,23.317169189453125
2012-07-31,108.01502227783203,80.63156127929688,88.02175903320312,156.49000549316406,23.03817367553711
2012-08-01,107.92086791992188,80.3375015258789,87.58185577392578,155.13999938964844,23.071992874145508
2012-08-02,107.17574310302734,80.52961730957031,88.07831573486328,154.1300048828125,22.877540588378906
2012-08-03,109.30133819580078,80.10839080810547,86.65689086914062,155.5500030517578,23.266441345214844
2012-08-06,109.51312255859375,80.1601791381836,86.69094848632812,156.3000030517578,23.40171241760254
2012-08-07,110.06217956542969,79.73894500732422,85.57555389404297,156.27999877929688,23.579252243041992
2012-08-08,110.19554138183594,79.62815856933594,85.1198959350586,156.47999572753906,23.646886825561523
2012-08-09,110.28965759277344,79.56905364990234,85.05870819091797,156.99000549316406,23.84134292602539
2012-08-10,110.47005462646484,79.79806518554688,85.48710632324219,157.17999267578125,23.71452522277832
2012-08-13,110.4151382446289,79.74634552001953,85.34431457519531,155.99000549316406,23.528528213500977
2012-08-14,110.43082427978516,79.35472869873047,84.1881332397461,155.1300048828125,23.553892135620117
2012-08-15,110.55635070800781,78.95569610595703,83.00482940673828,155.6300048828125,23.75679588317871
2012-08-16,111.37208557128906,78.76360321044922,82.29753875732422,156.55999755859375,23.84979248046875
2012-08-17,111.52112579345703,78.85962677001953,82.69877624511719,156.72000122070312,23.883609771728516
2012-08-20,111.52894592285156,78.90396118164062,82.8687515258789,157.25999450683594,23.993518829345703
2012-08-21,111.19166564941406,78.97044372558594,83.23601531982422,158.8300018310547,24.21333122253418
2012-08-22,111.23876953125,79.58378601074219,84.60980987548828,160.5399932861328,24.340150833129883
2012-08-23,110.328857421875,79.72416687011719,84.96347045898438,161.88999938964844,24.22178840637207
2012-08-24,110.99560546875,79.68720245361328,84.8818588256836,161.97000122070312,24.11188316345215
2012-08-27,111.01912689208984,79.89411163330078,85.37828826904297,161.36000061035156,24.00197410583496
2012-08-28,110.90929412841797,79.92367553710938,85.5822982788086,161.63999938964844,24.018882751464844
2012-08-29,110.99560546875,79.87198638916016,85.20831298828125,160.58999633789062,24.061155319213867
2012-08-30,110.19554138183594,80.01982116699219,85.65033721923828,160.52000427246094,24.086517333984375
2012-08-31,110.72106170654297,80.53697967529297,86.86089324951172,164.22000122070312,24.340150833129883
2012-09-04,110.61907958984375,80.35272979736328,86.77372741699219,164.47999572753906,24.348602294921875
2012-09-05,110.52498626708984,80.32322692871094,86.36474609375,164.30999755859375,24.230239868164062
2012-09-06,112.76826477050781,79.77560424804688,84.92672729492188,164.88999938964844,24.22178840637207
2012-09-07,113.20751190185547,79.87916564941406,84.53137969970703,168.44000244140625,24.492326736450195
2012-09-10,112.5643081665039,79.91612243652344,84.73589324951172,167.2899932861328,24.526147842407227
2012-09-11,112.87808227539062,79.76818084716797,84.20426177978516,167.89999389648438,24.576871871948242
2012-09-12,113.25457000732422,79.37598419189453,83.15469360351562,167.9199981689453,24.703683853149414
2012-09-13,114.98014831542969,79.60542297363281,82.82756805419922,171.30999755859375,24.872774124145508
2012-09-14,115.49004364013672,78.85803985595703,80.62614440917969,171.8000030517578,25.134859085083008
2012-09-17,115.09785461425781,79.02082061767578,81.59396362304688,170.39999389648438,24.441600799560547
2012-09-18,115.00370788574219,79.2205581665039,82.00283813476562,171.72000122070312,24.26405906677246
2012-09-19,115.06644439697266,79.40560913085938,82.54129028320312,171.74000549316406,23.908973693847656
2012-09-20,115.07430267333984,79.4499740600586,82.7458267211914,171.47000122070312,24.044246673583984
2012-09-21,115.0261459350586,79.62010192871094,82.84121704101562,171.9600067138672,24.204875946044922
2012-09-24,114.85269927978516,79.79778289794922,83.4886703491211,171.0500030517578,23.95124626159668
2012-09-25,113.63044738769531,80.09373474121094,84.31331634521484,170.77000427246094,23.976612091064453
2012-09-26,112.99170684814453,80.42670440673828,85.21977996826172,169.80999755859375,23.80752182006836
2012-09-27,114.05625915527344,80.25657653808594,84.61318969726562,172.33999633789062,24.103425979614258
2012-09-28,113.52796173095703,80.25657653808594,84.660888671875,171.88999938964844,24.247154235839844
2012-10-01,113.82760620117188,80.40546417236328,84.97504425048828,172.2899932861328,24.280967712402344
2012-10-02,113.94589233398438,80.35362243652344,84.85895538330078,172.10000610351562,24.154151916503906
2012-10-03,114.41109466552734,80.43511962890625,84.88629913330078,172.41000366210938,23.73988914489746
2012-10-04,115.23124694824219,80.11652374267578,83.82769775390625,173.61000061035156,24.255603790283203
2012-10-05,115.2391128540039,79.75344848632812,82.74179077148438,172.6199951171875,24.1287899017334
2012-10-08,114.84478759765625,80.0127944946289,83.43836975097656,172.0500030517578,24.061155319213867
2012-10-09,113.70931243896484,79.84980010986328,83.28813934326172,170.99000549316406,24.238697052001953
2012-10-10,112.98388671875,80.04246520996094,83.87554931640625,170.83999633789062,24.19642448425293
2012-10-11,113.0468978881836,80.11652374267578,84.45598602294922,171.32000732421875,24.475419998168945
2012-10-12,112.67628479003906,80.12396240234375,84.66769409179688,170.05999755859375,24.137243270874023
2012-10-15,113.61469268798828,80.1461410522461,84.47652435302734,168.35000610351562,24.018882751464844
2012-10-16,114.76595306396484,79.76830291748047,83.3086166381836,169.4199981689453,24.03579330444336
2012-10-17,115.28644561767578,79.26443481445312,82.536865234375,169.5399932861328,24.044246673583984
2012-10-18,114.98682403564453,79.12371063232422,82.03146362304688,168.7899932861328,24.03579330444336
2012-10-19,113.0705795288086,79.45706939697266,83.14470672607422,166.97000122070312,23.672250747680664
2012-10-22,113.08636474609375,79.1904067993164,82.61196899414062,167.5800018310547,23.562347412109375
2012-10-23,111.51712799072266,79.56824493408203,83.79352569580078,165.42999267578125,23.2748966217041
2012-10-24,111.20172882080078,79.39788818359375,82.96713256835938,164.86000061035156,23.207260131835938
2012-10-25,111.5250015258789,79.10887145996094,82.54371643066406,166.02000427246094,23.266441345214844
2012-10-26,111.4619140625,79.61273193359375,83.7593994140625,165.92999267578125,23.317169189453125
2012-10-31,111.4619140625,79.93865966796875,84.2511215209961,166.8300018310547,23.30025863647461
2012-11-01,112.62898254394531,79.7791976928711,83.56134796142578,166.07000732421875,23.342531204223633
2012-11-02,111.6275405883789,79.84596252441406,83.49987030029297,162.60000610351562,22.94517707824707
2012-11-05,111.8562240600586,80.03885650634766,83.97110748291016,163.22999572753906,23.139629364013672
2012-11-06,112.73152160644531,79.67535400390625,83.17890167236328,166.3000030517578,23.553892135620117
2012-11-07,110.17659759521484,80.34309387207031,84.68820190429688,166.49000549316406,23.1142635345459
2012-11-08,108.8517837524414,80.69918060302734,85.94488525390625,167.99000549316406,23.148080825805664
2012-11-09,108.94644927978516,80.7065658569336,86.0405044555664,167.82000732421875,23.334075927734375
2012-11-12,109.03321075439453,80.7585220336914,86.18397521972656,167.4499969482422,23.224170684814453
2012-11-13,108.6546859741211,80.8550033569336,86.4708023071289,167.10000610351562,23.18189811706543
2012-11-14,107.18798065185547,80.87728118896484,86.55271911621094,167.13999938964844,23.249534606933594
2012-11-15,107.0066146850586,80.84010314941406,86.38196563720703,166.08999633789062,23.15653419494629
2012-11-16,107.53495025634766,80.89205932617188,86.30683135986328,165.8800048828125,23.25798988342285
2012-11-19,109.71135711669922,80.72883605957031,85.82190704345703,167.8699951171875,23.697616577148438
2012-11-20,109.75865936279297,80.39501953125,84.96138000488281,167.38999938964844,23.536983489990234
2012-11-21,109.96367645263672,80.27627563476562,84.91363525390625,167.55999755859375,23.63843536376953
2012-11-23,111.4619140625,80.2318115234375,84.83163452148438,169.61000061035156,23.722978591918945
2012-11-26,111.22537994384766,80.36529541015625,85.23458862304688,169.42999267578125,23.689163208007812
2012-11-27,110.65763092041016,80.5508041381836,85.56924438476562,168.7100067138672,23.655344009399414
2012-11-28,111.54867553710938,80.65467834472656,85.44627380371094,166.5500030517578,23.579252243041992
2012-11-29,112.06910705566406,80.7363052368164,85.46001434326172,167.17999267578125,23.73988914489746
2012-11-30,112.09278106689453,80.72142791748047,85.22777557373047,166.0500030517578,23.75679588317871
2012-12-03,111.54075622558594,80.68948364257812,85.30647277832031,166.1300048828125,23.815977096557617
2012-12-04,111.38309478759766,80.83061218261719,85.79915618896484,164.4199981689453,23.604618072509766
2012-12-05,111.5801773071289,80.89749908447266,85.75812530517578,164.1199951171875,23.579252243041992
2012-12-06,111.95874786376953,80.94202423095703,85.94287109375,164.5,23.36789321899414
2012-12-07,112.29777526855469,80.71173858642578,85.1490478515625,165.16000366210938,23.342531204223633
2012-12-10,112.34514617919922,80.78604125976562,85.52543640136719,165.8000030517578,23.291805267333984
2012-12-11,113.11000061035156,80.63008880615234,84.8753433227539,165.64999389648438,23.249534606933594
2012-12-12,113.16520690917969,80.28838348388672,83.8899154663086,165.77000427246094,23.35944175720215
2012-12-13,112.4713134765625,80.13240051269531,83.95153045654297,164.3699951171875,23.148080825805664
2012-12-14,112.05332946777344,80.31060791015625,84.58110046386719,164.1300048828125,23.291805267333984
2012-12-17,113.3702163696289,79.88719940185547,83.31510925292969,164.44000244140625,23.2748966217041
2012-12-18,114.63191223144531,79.57516479492188,82.46659851074219,162.0800018310547,23.334075927734375
2012-12-19,113.78028106689453,79.68660736083984,82.74028015136719,161.69000244140625,23.418622970581055
2012-12-20,114.43476104736328,79.73863220214844,82.75395965576172,159.72999572753906,23.308713912963867
2012-12-21,113.39598846435547,79.95405578613281,83.65728759765625,160.3300018310547,23.266441345214844
2012-12-24,113.04659271240234,79.87240600585938,83.50672149658203,160.6199951171875,23.190357208251953
2012-12-26,112.57011413574219,80.03672790527344,83.80714416503906,160.77999877929688,23.42707633972168
2012-12-27,112.41921997070312,80.20039367675781,84.08829498291016,161.16000366210938,23.42707633972168
2012-12-28,111.2042236328125,80.3863754272461,84.56836700439453,160.5399932861328,23.35944175720215
2012-12-31,113.09427642822266,79.96239471435547,83.10755920410156,162.02000427246094,23.486257553100586
2013-01-02,115.99284362792969,79.59785461425781,81.99657440185547,163.1699981689453,23.57080078125
2013-01-03,115.73085021972656,79.1886978149414,80.88549041748047,161.1999969482422,23.3763484954834
2013-01-04,116.23906707763672,79.22594451904297,81.2010269165039,160.44000244140625,23.2748966217041
2013-01-07,115.92141723632812,79.27054595947266,81.23529815673828,159.42999267578125,23.317169189453125
2013-01-08,115.58786010742188,79.46393585205078,81.77017974853516,160.55999755859375,23.3763484954834
2013-01-09,115.8817138671875,79.50857543945312,81.6948013305664,160.49000549316406,23.342531204223633
2013-01-10,116.80290222167969,79.27796173095703,81.468505859375,161.97999572753906,23.42707633972168
2013-01-11,116.79496002197266,79.5309066772461,82.19544982910156,161.05999755859375,23.32562255859375
2013-01-14,116.71560668945312,79.50112915039062,81.96914672851562,161.5399932861328,23.477802276611328
2013-01-15,116.79496002197266,79.69451141357422,82.34630584716797,162.55999755859375,23.3763484954834
2013-01-16,116.77914428710938,79.79871368408203,82.51776885986328,162.64999389648438,23.40171241760254
2013-01-17,117.5335464477539,79.43421173095703,81.6948013305664,163.35000610351562,23.503164291381836
2013-01-18,117.79557800292969,79.65736389160156,82.32572937011719,163.08999633789062,23.655344009399414
2013-01-22,118.43094635009766,79.72431182861328,82.48348999023438,163.6699981689453,23.722978591918945
2013-01-23,118.62149810791016,79.76152801513672,82.36006164550781,163.2100067138672,23.748340606689453
2013-01-24,118.6532974243164,79.62763214111328,82.07199096679688,161.4199981689453,23.731433868408203
2013-01-25,119.32040405273438,79.09939575195312,80.9472427368164,160.64999389648438,23.680707931518555
2013-01-28,119.17742919921875,78.93577575683594,80.6523208618164,160.2899932861328,23.672250747680664
2013-01-29,119.64596557617188,78.81674194335938,80.20654296875,160.99000549316406,23.80752182006836
2013-01-30,119.17742919921875,78.86138153076172,80.06940460205078,162.19000244140625,24.078062057495117
2013-01-31,118.88358306884766,78.92833709716797,80.4603271484375,161.1999969482422,24.069608688354492
2013-02-01,120.10655975341797,78.66018676757812,79.41556549072266,161.4499969482422,24.16260528564453
2013-02-04,118.7564926147461,79.11455535888672,80.43283081054688,162.0,24.078062057495117
2013-02-05,119.9556884765625,78.83149719238281,79.71800231933594,161.9600067138672,24.171062469482422
2013-02-06,120.04300689697266,79.0698013305664,80.37095642089844,162.38999938964844,24.137243270874023
2013-02-07,119.88423919677734,79.10709381103516,80.19225311279297,161.83999633789062,24.044246673583984
2013-02-08,120.5512924194336,79.16674041748047,80.50151062011719,161.57000732421875,24.137243270874023
2013-02-11,120.52742004394531,79.08473205566406,80.43968200683594,159.6999969482422,24.052698135375977
2013-02-12,120.72594451904297,79.0028076171875,80.24037170410156,159.88999938964844,24.094970703125
2013-02-13,120.82920837402344,78.72723388671875,79.58736419677734,159.0500030517578,24.103425979614258
2013-02-14,120.94043731689453,79.06241607666016,80.30909729003906,158.35000610351562,24.069608688354492
2013-02-15,120.7974853515625,78.9879379272461,80.07539367675781,155.75999450683594,23.968156814575195
2013-02-19,121.70278930664062,78.86129760742188,79.6767578125,155.3300018310547,23.875158309936523
2013-02-20,120.18598937988281,79.03265380859375,79.91728973388672,151.44000244140625,23.604618072509766
2013-02-21,119.45537567138672,79.18902587890625,80.38469696044922,152.6199951171875,23.334075927734375
2013-02-22,120.62278747558594,79.285888671875,80.43968200683594,152.97000122070312,23.334075927734375
2013-02-25,118.32766723632812,79.8967056274414,82.02056884765625,154.33999633789062,23.224170684814453
2013-02-26,119.13775634765625,79.74774169921875,81.54629516601562,156.22000122070312,23.18189811706543
2013-02-27,120.63861083984375,79.71045684814453,81.30574035644531,154.57000732421875,23.03817367553711
2013-02-28,120.400390625,79.82215118408203,81.45697784423828,153.0,22.936721801757812
2013-03-01,120.7974853515625,80.02128601074219,81.90055084228516,152.44000244140625,22.77608871459961
2013-03-04,121.44076538085938,79.8348388671875,81.46654510498047,152.3000030517578,22.691543579101562
2013-03-05,122.52873229980469,79.7528076171875,81.23239135742188,152.3800048828125,22.902904510498047
2013-03-06,122.69550323486328,79.4992904663086,80.49537658691406,153.22999572753906,22.77608871459961
2013-03-07,122.9178695678711,79.1935043334961,79.87545013427734,152.69000244140625,22.928266525268555
2013-03-08,123.44197845458984,78.7907943725586,79.04194641113281,152.7100067138672,22.995901107788086
2013-03-11,123.91053009033203,78.8280258178711,79.11772155761719,152.99000549316406,23.0128116607666
2013-03-12,123.6325454711914,79.04436492919922,79.68942260742188,154.19000244140625,23.06353759765625
2013-03-13,123.8072509765625,78.97721862792969,79.60678100585938,153.66000366210938,22.94517707824707
2013-03-14,124.46641540527344,78.99958038330078,79.36566925048828,153.67999267578125,23.1142635345459
2013-03-15,124.30208587646484,79.27550506591797,79.73768615722656,154.0,23.16499137878418
2013-03-18,123.61612701416016,79.53657531738281,80.3438491821289,155.3800048828125,23.029720306396484
2013-03-19,123.32892608642578,79.78264617919922,80.88800048828125,156.0800018310547,22.860633850097656
2013-03-20,124.1904296875,79.47689819335938,79.98561096191406,155.3699951171875,23.021265029907227
2013-03-21,123.12952423095703,79.68572235107422,80.75711822509766,156.25,22.919815063476562
2013-03-22,124.1186294555664,79.7155532836914,80.81910705566406,155.5500030517578,22.962085723876953
2013-03-25,123.60012817382812,79.77523040771484,80.74333953857422,155.24000549316406,22.978994369506836
2013-03-26,124.58927917480469,79.85726165771484,80.83976745605469,154.72000122070312,23.190357208251953
2013-03-27,124.58927917480469,80.20027923583984,81.52860260009766,155.36000061035156,23.308713912963867
2013-03-28,124.97216033935547,80.0511703491211,81.11531066894531,154.4499969482422,23.08890151977539
2013-04-01,124.4776382446289,80.26400756835938,81.72622680664062,154.6699981689453,23.08890151977539
2013-04-02,125.09183502197266,80.107177734375,81.39486694335938,152.42999267578125,22.978994369506836
2013-04-03,123.82350158691406,80.44322204589844,82.12660217285156,150.72999572753906,22.590091705322266
2013-04-04,124.32601165771484,80.76435089111328,83.10684204101562,150.2899932861328,22.56473159790039
2013-04-05,123.76766967773438,81.01823425292969,84.78433227539062,152.80999755859375,22.547819137573242
2013-04-08,124.6052017211914,80.75689697265625,84.13543701171875,152.16000366210938,22.615455627441406
2013-04-09,125.03593444824219,80.78673553466797,83.9283218383789,153.33999633789062,22.759180068969727
2013-04-10,126.5675048828125,80.45068359375,82.77552795410156,150.75,22.70845603942871
2013-04-11,126.98231506347656,80.54029846191406,82.93427276611328,151.0500030517578,22.615455627441406
2013-04-12,126.67125701904297,80.9883804321289,84.1699447631836,143.9499969482422,22.336462020874023
2013-04-15,123.73575592041016,81.16755676269531,84.90168762207031,131.30999755859375,21.668563842773438
2013-04-16,125.56243133544922,80.93608856201172,84.20447540283203,132.8000030517578,21.896833419799805
2013-04-17,123.72779846191406,81.08548736572266,84.76364135742188,132.8699951171875,21.57556915283203
2013-04-18,122.95401000976562,81.13026428222656,84.97069549560547,134.3000030517578,21.803834915161133
2013-04-19,124.02285766601562,81.08548736572266,84.79124450683594,135.47000122070312,21.753108978271484
2013-04-22,124.57328796386719,81.13026428222656,84.8533935546875,137.89999389648438,21.820743560791016
2013-04-23,125.85763549804688,81.07794189453125,84.55651092529297,136.8800048828125,21.685474395751953
2013-04-24,125.93733978271484,81.11530303955078,84.7705078125,138.3699951171875,21.922197341918945
2013-04-25,126.44790649414062,81.02568054199219,84.40465545654297,141.6300048828125,22.209646224975586
2013-04-26,126.22453308105469,81.31695556640625,85.17780303955078,140.91000366210938,22.08283233642578
2013-04-29,127.07006072998047,81.28703308105469,84.86715698242188,142.3000030517578,22.378732681274414
2013-04-30,127.37317657470703,81.27213287353516,84.91546630859375,142.77000427246094,22.209646224975586
2013-05-01,126.25643157958984,81.53758239746094,85.787841796875,141.11000061035156,21.81229019165039
2013-05-02,127.42903137207031,81.53758239746094,85.6771011352539,141.9199981689453,22.091285705566406
2013-05-03,128.72122192382812,80.84222412109375,83.65713500976562,142.08999633789062,22.336462020874023
2013-05-06,129.0482635498047,80.73750305175781,83.44962310791016,142.14999389648438,22.361825942993164
2013-05-07,129.70233154296875,80.62537384033203,83.12443542480469,140.3800048828125,22.285736083984375
2013-05-08,130.2926483154297,80.72256469726562,83.25589752197266,142.4600067138672,22.387187957763672
2013-05-09,129.9257354736328,80.70759582519531,83.04141235351562,140.80999755859375,22.378732681274414
2013-05-10,130.34849548339844,80.25151062011719,82.14905548095703,139.60000610351562,22.277280807495117
2013-05-13,130.45211791992188,80.10945892333984,81.51956176757812,138.42999267578125,22.175825119018555
2013-05-14,131.80026245117188,79.78797149658203,80.634033203125,137.80999755859375,22.09973907470703
2013-05-15,132.5101776123047,79.99734497070312,81.17363739013672,134.6300048828125,22.04901123046875
2013-05-16,131.88803100585938,80.37860107421875,82.017578125,134.08999633789062,22.023651123046875
2013-05-17,133.16432189941406,79.94496154785156,80.97994995117188,131.07000732421875,22.13355827331543
2013-05-20,133.15628051757812,79.88508605957031,80.88314819335938,135.1199951171875,22.277280807495117
2013-05-21,133.34776306152344,80.09449768066406,81.51956176757812,132.8800048828125,22.15046501159668
2013-05-22,132.358642578125,79.45896911621094,80.30894470214844,131.94000244140625,22.04901123046875
2013-05-23,131.9757537841797,79.54117584228516,80.68936920166016,134.61000061035156,22.15046501159668
2013-05-24,131.86407470703125,79.57107543945312,80.8000717163086,133.75999450683594,22.0659236907959
2013-05-28,132.65379333496094,78.63646697998047,78.75241088867188,133.49000549316406,22.268827438354492
2013-05-29,131.79229736328125,78.9580078125,79.63789367675781,134.8300018310547,22.12510108947754
2013-05-30,132.27882385253906,78.9654541015625,79.44416046142578,136.6999969482422,22.12510108947754
2013-05-31,130.3804168701172,78.74860382080078,79.17440032958984,133.9199981689453,21.863018035888672
2013-06-03,131.09832763671875,78.86243438720703,79.59391021728516,136.50999450683594,22.13355827331543
2013-06-04,130.46815490722656,78.66026306152344,78.85887145996094,135.22999572753906,22.21809959411621
2013-06-05,128.64149475097656,79.04215240478516,79.94757080078125,135.52000427246094,22.116647720336914
2013-06-06,129.80609130859375,79.13941192626953,79.8990249633789,136.52999877929688,22.201190948486328
2013-06-07,131.45726013183594,78.52550506591797,78.47056579589844,133.27999877929688,22.251916885375977
2013-06-10,131.45726013183594,78.3308334350586,78.09607696533203,133.94000244140625,22.167373657226562
2013-06-11,130.10118103027344,78.52550506591797,79.02529907226562,133.25,21.972923278808594
2013-06-12,129.0243682861328,78.1736068725586,77.89493560791016,134.25,21.998289108276367
2013-06-13,130.98663330078125,78.76509094238281,79.11541748046875,133.74000549316406,22.142011642456055
2013-06-14,130.16500854492188,78.86992645263672,78.92822265625,134.42999267578125,22.235008239746094
2013-06-17,131.17010498046875,78.6827392578125,78.51214599609375,133.77000427246094,22.285736083984375
2013-06-18,132.2070770263672,78.6378173828125,78.55374908447266,132.1300048828125,22.3280086517334
2013-06-19,130.3804168701172,77.55970001220703,77.74242401123047,130.58999633789062,22.361825942993164
2013-06-20,127.14984130859375,77.20775604248047,76.46650695800781,123.5999984741211,21.634748458862305
2013-06-21,127.55803680419922,76.39163208007812,75.16974639892578,125.05000305175781,21.49947738647461
2013-06-24,125.9461441040039,76.20448303222656,75.48176574707031,123.93000030517578,21.406478881835938
2013-06-25,127.15705108642578,76.11460876464844,74.80909729003906,123.47000122070312,21.423385620117188
2013-06-26,128.4160614013672,76.42162322998047,75.2945556640625,118.27999877929688,21.364208221435547
2013-06-27,129.16978454589844,76.83342742919922,76.06427001953125,115.94000244140625,21.35575294494629
2013-06-28,128.64051818847656,76.74353790283203,76.58440399169922,119.11000061035156,21.245847702026367
2013-07-01,129.3944091796875,76.77283477783203,76.73863220214844,121.12999725341797,21.381118774414062
2013-07-02,129.2739715576172,76.80281066894531,76.69000244140625,120.05000305175781,21.465660095214844
2013-07-03,129.33021545410156,76.6528549194336,76.46070861816406,120.73999786376953,21.660110473632812
2013-07-05,130.72547912597656,75.36327362060547,73.85427856445312,118.08999633789062,21.609384536743164
2013-07-08,131.47125244140625,75.80562591552734,74.57014465332031,119.51000213623047,21.71929359436035
2013-07-09,132.41746520996094,75.93304443359375,74.6466064453125,120.62000274658203,21.854562759399414
2013-07-10,132.46556091308594,75.66317749023438,74.06278228759766,120.94999694824219,21.922197341918945
2013-07-11,134.2698974609375,76.42041015625,74.93156433105469,124.23999786376953,22.032106399536133
2013-07-12,134.32603454589844,76.36039733886719,74.8690185546875,124.12999725341797,22.116647720336914
2013-07-15,134.83921813964844,76.60034942626953,75.26518249511719,124.18000030517578,22.05746841430664
2013-07-16,134.3340301513672,76.63780975341797,75.52235412597656,124.88999938964844,22.08283233642578
2013-07-17,134.6788330078125,76.9752426147461,75.66134643554688,123.31999969482422,22.0659236907959
2013-07-18,135.4165802001953,76.61534881591797,74.71611022949219,124.01000213623047,22.15892219543457
2013-07-19,135.65711975097656,77.03520965576172,75.8976821899414,125.11000061035156,22.175825119018555
2013-07-22,135.92176818847656,77.02770233154297,76.00889587402344,128.83999633789062,22.15892219543457
2013-07-23,135.63311767578125,76.93775177001953,75.68916320800781,129.7100067138672,22.192737579345703
2013-07-24,135.1359100341797,76.42041015625,74.7300033569336,127.4800033569336,22.015195846557617
2013-07-25,135.46466064453125,76.53289031982422,74.70219421386719,128.6699981689453,21.989830017089844
2013-07-26,135.6090545654297,76.60034942626953,75.16098022460938,128.77999877929688,21.854562759399414
2013-07-29,135.19204711914062,76.44290161132812,74.61185455322266,128.47000122070312,21.846107482910156
2013-07-30,135.19204711914062,76.42041015625,74.58406829833984,128.1199951171875,21.770017623901367
2013-07-31,135.28823852539062,76.47286987304688,74.85511779785156,127.95999908447266,21.922197341918945
2013-08-01,136.85198974609375,75.79792022705078,73.41278839111328,126.61000061035156,21.972923278808594
2013-08-02,137.08453369140625,76.44361114501953,74.22102355957031,126.36000061035156,21.88838005065918
2013-08-05,136.88406372070312,76.20338439941406,73.64969635009766,125.69999694824219,21.778470993041992
2013-08-06,136.10623168945312,76.22589111328125,73.86566162109375,123.97000122070312,21.600929260253906
2013-08-07,135.6652374267578,76.50367736816406,74.41614532470703,124.1500015258789,21.45720863342285
2013-08-08,136.16236877441406,76.61627197265625,74.61824035644531,126.86000061035156,21.567113876342773
2013-08-09,135.7694091796875,76.66890716552734,74.73670196533203,126.86000061035156,21.71929359436035
2013-08-12,135.6090545654297,76.51868438720703,74.22804260253906,129.1300048828125,21.98137855529785
2013-08-13,136.00999450683594,75.8280029296875,73.15498352050781,127.73999786376953,21.972923278808594
2013-08-14,135.31236267089844,75.89557647705078,73.26647186279297,129.0,22.15046501159668
2013-08-15,133.41989135742188,75.47514343261719,72.27703094482422,131.69000244140625,22.361825942993164
2013-08-16,132.97877502441406,75.18230438232422,72.0261459350586,132.5800018310547,22.37027931213379
2013-08-19,132.1288299560547,74.85948181152344,71.39904022216797,132.00999450683594,22.34491539001465
2013-08-20,132.77833557128906,75.26493072509766,71.94953918457031,132.4499969482422,22.302644729614258
2013-08-21,131.96035766601562,74.79190826416016,71.16213989257812,132.07000732421875,22.277280807495117
2013-08-22,133.1632537841797,74.76185607910156,71.8868179321289,132.80999755859375,22.285736083984375
2013-08-23,133.6123046875,75.18230438232422,72.6672134399414,134.89999389648438,22.46327781677246
2013-08-26,133.1151580810547,75.33251190185547,73.029541015625,135.4499969482422,22.590091705322266
2013-08-27,130.9739990234375,75.76044464111328,73.94927978515625,136.75,22.809906005859375
2013-08-28,131.4391326904297,75.45259857177734,73.35003662109375,136.7100067138672,22.843727111816406
2013-08-29,131.64761352539062,75.52765655517578,73.93537902832031,135.8699951171875,22.60700225830078
2013-08-30,131.230712890625,75.38500213623047,73.85177612304688,134.6199951171875,22.53936767578125
2013-09-03,131.8240509033203,74.95719146728516,72.81011199951172,136.4199981689453,22.65772819519043
2013-09-04,132.91464233398438,74.70906066894531,72.64947509765625,134.66000366210938,22.46327781677246
2013-09-05,133.08306884765625,74.13761901855469,71.63646697998047,132.1999969482422,22.41254997253418
2013-09-06,133.14718627929688,74.58876037597656,71.99274444580078,134.14999389648438,22.53936767578125
2013-09-09,134.42222595214844,74.73915100097656,72.02766418457031,133.91000366210938,22.395641326904297
2013-09-10,135.4165802001953,74.39325714111328,71.52467346191406,131.74000549316406,22.192737579345703
2013-09-11,135.84153747558594,74.76924133300781,72.16040802001953,131.6999969482422,22.226552963256836
2013-09-12,135.48074340820312,74.77677154541016,72.06258392333984,127.66999816894531,22.336462020874023
2013-09-13,135.7854461669922,74.87442016601562,72.34202575683594,127.81999969482422,22.268827438354492
2013-09-16,136.57131958007812,75.03986358642578,71.85997772216797,126.44999694824219,21.989830017089844
2013-09-17,137.18075561523438,75.19027709960938,72.45384979248047,126.5,21.761564254760742
2013-09-18,138.7685546875,76.12263488769531,73.34803771972656,132.00999450683594,22.235008239746094
2013-09-19,138.53594970703125,75.85943603515625,72.91488647460938,131.75,22.15046501159668
2013-09-20,137.56739807128906,75.93467712402344,73.2991943359375,127.95999908447266,21.947559356689453
2013-09-23,136.93080139160156,76.22045135498047,73.83708953857422,127.55000305175781,21.786930084228516
2013-09-24,136.60848999023438,76.49861907958984,74.63348388671875,127.66000366210938,21.778470993041992
2013-09-25,136.21363830566406,76.7091293334961,74.78720092773438,128.7899932861328,21.81229019165039
2013-09-26,136.73739624023438,76.54373168945312,74.26326751708984,127.79000091552734,21.98137855529785
2013-09-27,136.10887145996094,76.6489486694336,74.44489288330078,128.97000122070312,21.871469497680664
2013-09-30,135.3836212158203,76.7768325805664,74.33311462402344,128.17999267578125,21.778470993041992
2013-10-01,136.45535278320312,76.6058578491211,74.10755920410156,124.58999633789062,21.634748458862305
2013-10-02,136.3264923095703,76.73387908935547,74.2195816040039,127.05999755859375,21.846107482910156
2013-10-03,135.06935119628906,76.83931732177734,74.10054016113281,127.18000030517578,21.81229019165039
2013-10-04,136.0927276611328,76.62847900390625,74.04454803466797,126.52999877929688,21.87992286682129
2013-10-07,134.91629028320312,76.69622802734375,74.345703125,127.63999938964844,22.032106399536133
2013-10-08,133.34498596191406,76.65858459472656,74.3667221069336,127.4000015258789,22.108192443847656
2013-10-09,133.4416961669922,76.52298736572266,73.77133178710938,126.11000061035156,21.947559356689453
2013-10-10,136.318359375,76.3573989868164,73.89039611816406,124.2699966430664,22.226552963256836
2013-10-11,137.1967315673828,76.4703140258789,73.8693618774414,122.5999984741211,22.108192443847656
2013-10-14,137.7447052001953,76.21430969238281,73.27400970458984,122.83000183105469,22.09973907470703
2013-10-15,136.7454376220703,76.22936248779297,73.2249984741211,123.7300033569336,22.023651123046875
2013-10-16,138.65525817871094,76.59832763671875,74.14254760742188,123.54000091552734,22.192737579345703
2013-10-17,139.58187866210938,77.03506469726562,74.81500244140625,127.41999816894531,22.07437515258789
2013-10-18,140.52468872070312,77.0426025390625,74.9760971069336,126.8499984741211,22.201190948486328
2013-10-21,140.53277587890625,76.98993682861328,74.73797607421875,126.9800033569336,22.15046501159668
2013-10-22,141.3466339111328,77.52458953857422,75.57147216796875,129.33999633789062,22.12510108947754
2013-10-23,140.66978454589844,77.66010284423828,75.8656997680664,128.69000244140625,21.786930084228516
2013-10-24,141.1371307373047,77.50196075439453,75.57147216796875,129.89999389648438,21.795381546020508
2013-10-25,141.78175354003906,77.63749694824219,75.85169982910156,130.4600067138672,21.863018035888672
2013-10-28,142.00735473632812,77.56220245361328,75.59247589111328,130.55999755859375,21.947559356689453
2013-10-29,142.76486206054688,77.66764068603516,75.69058227539062,129.77000427246094,21.88838005065918
2013-10-30,142.0557861328125,77.46426391601562,75.23527526855469,129.60000610351562,21.956012725830078
2013-10-31,141.65284729003906,77.37397766113281,75.3963623046875,127.73999786376953,21.770017623901367
2013-11-01,141.9912567138672,76.94481658935547,74.58029174804688,126.94999694824219,21.49947738647461
2013-11-04,142.49090576171875,77.09563446044922,74.6505126953125,126.80999755859375,21.406478881835938
2013-11-05,142.0396270751953,76.74874877929688,73.75857543945312,126.55999755859375,21.347299575805664
2013-11-06,142.76486206054688,76.98251342773438,73.79364776611328,127.19999694824219,21.364208221435547
2013-11-07,140.9598388671875,77.18616485595703,74.41868591308594,126.16000366210938,21.212032318115234
2013-11-08,142.86155700683594,76.31883239746094,72.62783813476562,124.27999877929688,21.33039093017578
2013-11-11,142.88572692871094,76.2810287475586,72.35389709472656,123.87000274658203,21.423385620117188
2013-11-12,142.5956268310547,76.21322631835938,72.69099426269531,122.44999694824219,21.279664993286133
2013-11-13,143.73989868164062,76.52999877929688,72.95789337158203,122.8499984741211,21.372663497924805
2013-11-14,144.45704650878906,76.89957427978516,73.40739440917969,124.2699966430664,21.465660095214844
2013-11-15,145.08558654785156,76.8392333984375,73.55487823486328,124.31999969482422,21.431842803955078
2013-11-18,144.57794189453125,77.11077117919922,73.99732208251953,122.9000015258789,21.288118362426758
2013-11-19,144.26365661621094,76.82413482666016,73.43551635742188,122.94999694824219,21.25429916381836
2013-11-20,143.81236267089844,76.40181732177734,72.18534088134766,120.12000274658203,21.271211624145508
2013-11-21,144.9727783203125,76.46964263916016,72.30477142333984,119.94000244140625,21.541749954223633
2013-11-22,145.69796752929688,76.68840789794922,72.97898864746094,119.91999816894531,21.609384536743164
2013-11-25,145.55296325683594,76.74874877929688,73.18966674804688,120.45999908447266,21.584022521972656
2013-11-26,145.59320068359375,76.9146499633789,73.46354675292969,119.81999969482422,21.57556915283203
2013-11-27,145.94778442382812,76.74120330810547,73.3371810913086,119.45999908447266,21.57556915283203
2013-11-29,145.85108947753906,76.6959228515625,73.35822296142578,120.69999694824219,21.567113876342773
2013-12-02,145.47230529785156,76.3665542602539,72.78767395019531,117.58000183105469,21.541749954223633
2013-12-03,144.84385681152344,76.50253295898438,73.05534362792969,117.95999908447266,21.668563842773438
2013-12-04,144.8276824951172,76.15503692626953,72.35794067382812,119.95999908447266,21.71083641052246
2013-12-05,144.19114685058594,75.96614837646484,72.1536636352539,118.30000305175781,21.685474395751953
2013-12-06,145.802734375,76.03419494628906,72.49885559082031,118.55000305175781,21.761564254760742
2013-12-09,146.1733856201172,76.12481689453125,72.66787719726562,119.72000122070312,21.685474395751953
2013-12-10,145.649658203125,76.44208526611328,73.1891860961914,121.81999969482422,21.753108978271484
2013-12-11,144.0138397216797,76.14749908447266,72.6256332397461,120.86000061035156,21.753108978271484
2013-12-12,143.5384521484375,75.92839050292969,72.3509292602539,118.29000091552734,21.55020523071289
2013-12-13,143.5222930908203,76.04174041748047,72.7031478881836,119.37999725341797,21.465660095214844
2013-12-16,144.41673278808594,76.00389099121094,72.4354248046875,119.69000244140625,21.533294677734375
2013-12-17,143.95741271972656,76.24564361572266,72.75945281982422,118.6500015258789,21.431842803955078
2013-12-18,146.4152069091797,75.95866394042969,72.3931655883789,117.61000061035156,21.47411346435547
2013-12-19,146.24595642089844,75.6413345336914,72.32268524169922,114.81999969482422,21.524839401245117
2013-12-20,147.09664916992188,75.87551879882812,73.43575286865234,115.94000244140625,21.693927764892578
2013-12-23,147.8824920654297,75.6337661743164,73.0201416015625,115.56999969482422,21.693927764892578
2013-12-24,148.20655822753906,75.33914947509766,72.4354248046875,116.0999984741211,21.761564254760742
2013-12-26,148.95999145507812,75.27410888671875,72.15631866455078,116.73999786376953,21.795381546020508
2013-12-27,148.95196533203125,75.22864532470703,71.95133209228516,117.12000274658203,21.854562759399414
2013-12-30,148.92762756347656,75.43297576904297,72.44602966308594,115.38999938964844,21.727746963500977
2013-12-31,149.6324462890625,75.09248352050781,71.98667907714844,116.12000274658203,21.693927764892578
2014-01-02,148.1984405517578,75.38764190673828,72.20574188232422,118.0,21.381118774414062
2014-01-03,148.1741943359375,75.34220886230469,72.20574188232422,119.29000091552734,21.245847702026367
2014-01-06,147.74478149414062,75.55403900146484,72.50965118408203,119.5,21.271211624145508
2014-01-07,148.65216064453125,75.67510223388672,72.69339752197266,118.81999969482422,21.25429916381836
2014-01-08,148.68453979492188,75.30436706542969,72.4955062866211,118.12000274658203,21.051395416259766
2014-01-09,148.7818145751953,75.5010757446289,72.91954040527344,118.45999908447266,20.882308959960938
2014-01-10,149.18690490722656,76.13666534423828,73.7888412475586,120.26000213623047,21.017578125
2014-01-13,147.2019805908203,76.35615539550781,74.15629577636719,121.0199966430664,21.009122848510742
2014-01-14,148.8060760498047,76.06859588623047,73.81707763671875,119.88999938964844,21.009122848510742
2014-01-15,149.608154296875,76.00049591064453,73.73936462402344,119.66000366210938,21.06830406188965
2014-01-16,149.41383361816406,76.21240234375,74.23404693603516,119.79000091552734,21.034488677978516
2014-01-17,148.7818145751953,76.39393615722656,74.54500579833984,120.93000030517578,21.059850692749023
2014-01-21,149.21926879882812,76.31074523925781,74.60154724121094,119.69999694824219,21.110578536987305
2014-01-22,149.31654357910156,76.09886169433594,74.41783142089844,119.19000244140625,21.212032318115234
2014-01-23,148.09312438964844,76.6134262084961,75.4708023071289,121.79000091552734,21.195119857788086
2014-01-24,144.93345642089844,76.92366027832031,75.95840454101562,122.29000091552734,21.203575134277344
2014-01-27,144.22048950195312,76.68910217285156,75.42842102050781,120.95999908447266,21.059850692749023
2014-01-28,145.07928466796875,76.80257415771484,75.61214447021484,120.94999694824219,21.161306381225586
2014-01-29,143.68572998046875,77.1657485961914,76.23405456542969,122.47000122070312,21.144393920898438
2014-01-30,145.2088623046875,77.09011840820312,76.01496124267578,119.7699966430664,21.059850692749023
2014-01-31,144.35818481445312,77.39277648925781,76.52383422851562,120.08999633789062,21.034488677978516
2014-02-03,141.10934448242188,77.81343841552734,77.45623016357422,121.31999969482422,21.034488677978516
2014-02-04,142.0978240966797,77.57845306396484,76.63439178466797,120.98999786376953,21.195119857788086
2014-02-05,141.9196014404297,77.29804229736328,75.92581939697266,121.29000091552734,21.237394332885742
2014-02-06,143.79115295410156,77.15400695800781,75.59989929199219,121.23999786376953,21.321935653686523
2014-02-07,145.57350158691406,77.35868072509766,75.66363525390625,122.16999816894531,21.567113876342773
2014-02-10,145.8408203125,77.39654541015625,75.87620544433594,122.91999816894531,21.448753356933594
2014-02-11,147.43690490722656,77.05550384521484,75.43695068359375,124.36000061035156,21.558658599853516
2014-02-12,147.5098419189453,76.87357330322266,75.0472412109375,124.43000030517578,21.600929260253906
2014-02-13,148.27133178710938,77.23741149902344,75.4723892211914,125.48999786376953,21.71929359436035
2014-02-14,149.0896759033203,77.18429565429688,75.51488494873047,127.1500015258789,21.795381546020508
2014-02-18,149.26792907714844,77.37381744384766,75.6849136352539,127.4000015258789,22.108192443847656
2014-02-19,148.27944946289062,77.22223663330078,75.36605072021484,126.2699966430664,22.167373657226562
2014-02-20,149.1544952392578,77.13882446289062,75.18184661865234,127.5999984741211,22.209646224975586
2014-02-21,148.9843292236328,77.23741149902344,75.57860565185547,127.58000183105469,22.15046501159668
2014-02-24,149.8107147216797,77.16155242919922,75.38736724853516,128.99000549316406,22.24346160888672
2014-02-25,149.75396728515625,77.42689514160156,76.06040954589844,129.2100067138672,22.142011642456055
2014-02-26,149.7621307373047,77.65423583984375,76.46430206298828,128.11000061035156,22.08283233642578
2014-02-27,150.54803466796875,77.74527740478516,76.8823471069336,128.1999969482422,22.015195846557617
2014-02-28,150.9287872314453,77.66942596435547,76.9248046875,127.62000274658203,22.091285705566406
2014-03-03,149.867431640625,78.0535659790039,77.43831634521484,130.2899932861328,22.395641326904297
2014-03-04,151.973876953125,77.45378112792969,76.27357482910156,128.67999267578125,22.311098098754883
2014-03-05,152.1116943359375,77.537353515625,76.4369125366211,128.88999938964844,22.12510108947754
2014-03-06,152.46002197265625,77.2032699584961,75.68403625488281,130.1699981689453,22.3280086517334
2014-03-07,152.52481079101562,76.8692398071289,75.20819091796875,129.08999633789062,22.226552963256836
2014-03-10,152.44384765625,76.95274353027344,75.31475067138672,129.1300048828125,22.040557861328125
2014-03-11,151.6903533935547,77.0286865234375,75.5135498046875,129.86000061035156,22.04901123046875
2014-03-12,151.7308807373047,77.33234405517578,76.03917694091797,131.75999450683594,21.989830017089844
2014-03-13,150.0294647216797,77.78787994384766,77.06194305419922,132.2100067138672,21.88838005065918
2014-03-14,149.608154296875,77.79547119140625,77.07608795166016,133.10000610351562,22.006742477416992
2014-03-17,150.96121215820312,77.48419952392578,76.50079345703125,131.63999938964844,21.761564254760742
2014-03-18,152.0386962890625,77.67404174804688,76.77777862548828,130.6199951171875,21.871469497680664
2014-03-19,151.2285614013672,76.95274353027344,76.18118286132812,128.08999633789062,21.863018035888672
2014-03-20,152.1116943359375,76.96792602539062,76.0462875366211,127.86000061035156,21.761564254760742
2014-03-21,151.5216522216797,77.11215209960938,76.8701400756836,128.47000122070312,21.778470993041992
2014-03-24,150.8950958251953,77.14258575439453,77.41705322265625,126.18000030517578,21.770017623901367
2014-03-25,151.61119079589844,77.09701538085938,77.1258544921875,126.41000366210938,21.913742065429688
2014-03-26,150.52073669433594,77.42344665527344,77.72955322265625,125.41000366210938,21.896833419799805
2014-03-27,150.20333862304688,77.49938201904297,78.12019348144531,124.58999633789062,22.091285705566406
2014-03-28,150.94387817382812,77.22605895996094,77.67982482910156,124.55999755859375,22.09973907470703
2014-03-31,152.18081665039062,77.233642578125,77.48802947998047,123.61000061035156,22.08283233642578
2014-04-01,153.18991088867188,77.07390594482422,76.82583618164062,123.38999938964844,21.81229019165039
2014-04-02,153.70257568359375,76.73926544189453,76.38435363769531,124.31999969482422,21.761564254760742
2014-04-03,153.49908447265625,76.79247283935547,76.718994140625,123.91999816894531,21.939104080200195
2014-04-04,151.68441772460938,77.26406860351562,77.23173522949219,125.56999969482422,22.040557861328125
2014-04-07,150.00807189941406,77.44661712646484,77.69461059570312,124.91000366210938,21.989830017089844
2014-04-08,150.62652587890625,77.55316162109375,77.87972259521484,126.08999633789062,22.24346160888672
2014-04-09,152.2459259033203,77.53031158447266,77.49520874023438,126.31999969482422,22.302644729614258
2014-04-10,149.04783630371094,77.85733795166016,78.2143783569336,127.01000213623047,22.311098098754883
2014-04-11,147.7051239013672,78.01710510253906,78.84814453125,126.93000030517578,22.209646224975586
2014-04-14,148.8688507080078,77.8953628540039,78.64163208007812,127.8499984741211,22.41254997253418
2014-04-15,149.89419555664062,77.9866943359375,79.13300323486328,125.48999786376953,22.429460525512695
2014-04-16,151.46470642089844,77.86493682861328,79.232666015625,125.54000091552734,22.471731185913086
2014-04-17,151.67628479003906,77.423828125,78.36392974853516,124.75,22.5224552154541
2014-04-21,152.2052459716797,77.40860748291016,78.29981994628906,124.23999786376953,22.446367263793945
2014-04-22,152.89691162109375,77.378173828125,78.56329345703125,123.77999877929688,22.437915802001953
2014-04-23,152.5388641357422,77.57596588134766,79.01190185546875,123.76000213623047,22.421005249023438
2014-04-24,152.84815979003906,77.55316162109375,79.16145324707031,124.55999755859375,22.556276321411133
2014-04-25,151.5948944091797,77.65960693359375,79.27540588378906,125.43000030517578,22.46327781677246
2014-04-28,152.07501220703125,77.54551696777344,78.89087677001953,124.87999725341797,22.387187957763672
2014-04-29,152.78302001953125,77.6139907836914,78.78406524658203,124.86000061035156,22.446367263793945
2014-04-30,153.2387237548828,77.81932830810547,79.11156463623047,124.22000122070312,22.3280086517334
2014-05-01,153.25494384765625,78.0433349609375,79.96028900146484,123.80000305175781,22.15892219543457
2014-05-02,153.03524780273438,78.15772247314453,80.45285034179688,125.05999755859375,22.21809959411621
2014-05-05,153.32821655273438,78.11198425292969,79.96745300292969,126.22000122070312,22.167373657226562
2014-05-06,151.99368286132812,78.20342254638672,80.28864288330078,125.9800033569336,22.184282302856445
2014-05-07,152.88880920410156,78.26441955566406,80.003173828125,124.16999816894531,22.24346160888672
2014-05-08,152.7260284423828,78.34819793701172,79.66053009033203,124.16999816894531,22.175825119018555
2014-05-09,152.9539031982422,78.28726959228516,79.40353393554688,124.0999984741211,22.0659236907959
2014-05-12,154.4430389404297,78.08150482177734,79.0823745727539,124.94000244140625,22.116647720336914
2014-05-13,154.58140563964844,78.38630676269531,79.76758575439453,124.5999984741211,22.21809959411621
2014-05-14,153.8489990234375,78.74449920654297,80.63130187988281,125.80999755859375,22.319551467895508
2014-05-15,152.49819946289062,79.02642059326172,81.27371215820312,124.7699966430664,22.184282302856445
2014-05-16,153.02716064453125,78.85887145996094,81.0453109741211,124.5,22.209646224975586
2014-05-19,153.58860778808594,78.75975799560547,80.4457015991211,124.58000183105469,22.192737579345703
2014-05-20,152.6202392578125,78.98834991455078,80.6241683959961,124.69000244140625,22.235008239746094
2014-05-21,153.90599060058594,78.8664321899414,80.13164520263672,124.38999938964844,22.277280807495117
2014-05-22,154.28028869628906,78.78258514404297,80.01739501953125,124.66999816894531,22.294191360473633
2014-05-23,154.8987579345703,78.94266510009766,80.4457015991211,124.51000213623047,22.34491539001465
2014-05-27,155.85089111328125,78.96550750732422,80.91683959960938,121.8499984741211,22.15892219543457
2014-05-28,155.73696899414062,79.39990234375,81.91617584228516,121.19999694824219,22.167373657226562
2014-05-29,156.5425567626953,79.30079650878906,81.480712890625,120.94000244140625,22.175825119018555
2014-05-30,156.79476928710938,79.23985290527344,81.44503784179688,120.43000030517578,22.006742477416992
2014-06-02,156.97384643554688,78.87725067138672,80.83961486816406,119.69999694824219,21.98137855529785
2014-06-03,156.8925018310547,78.48028564453125,79.84486389160156,120.01000213623047,21.964468002319336
2014-06-04,157.20980834960938,78.41919708251953,79.82335662841797,119.76000213623047,21.90528678894043
2014-06-05,158.23516845703125,78.53375244140625,79.85914611816406,120.66000366210938,21.93065071105957
2014-06-06,158.99195861816406,78.4726791381836,79.85914611816406,120.61000061035156,22.023651123046875
2014-06-09,159.1547393798828,78.35816192626953,79.74467468261719,120.6500015258789,22.116647720336914
2014-06-10,159.1710205078125,78.2207260131836,79.45122528076172,121.38999938964844,22.05746841430664
2014-06-11,158.61767578125,78.32765197753906,79.59437561035156,121.41000366210938,21.998289108276367
2014-06-12,157.4946746826172,78.63302612304688,80.30286407470703,122.63999938964844,22.311098098754883
2014-06-13,157.97474670410156,78.48028564453125,80.25991821289062,122.95999908447266,22.311098098754883
2014-06-16,158.10501098632812,78.48028564453125,80.4603271484375,122.41999816894531,22.378732681274414
2014-06-17,158.54437255859375,78.15202331542969,79.82335662841797,122.27999877929688,22.404096603393555
2014-06-18,159.70803833007812,78.56425476074219,80.43883514404297,122.66999816894531,22.497095108032227
2014-06-19,159.88711547851562,78.36580657958984,79.40834045410156,126.94000244140625,22.716907501220703
2014-06-20,160.211669921875,78.45738220214844,80.00945281982422,126.5,22.759180068969727
2014-06-23,160.1626434326172,78.40394592285156,79.75895690917969,126.8499984741211,22.674638748168945
2014-06-24,159.1978302001953,78.72455596923828,80.56765747070312,126.9800033569336,22.70845603942871
2014-06-25,159.91734313964844,78.80094146728516,80.77519989013672,126.98999786376953,22.742271423339844
2014-06-26,159.80282592773438,79.00701904296875,81.16163635253906,126.7300033569336,22.649274826049805
2014-06-27,160.11355590820312,79.00701904296875,81.03999328613281,126.66000366210938,22.60700225830078
2014-06-30,160.03184509277344,79.0680923461914,81.2403564453125,128.0399932861328,22.471731185913086
2014-07-01,161.10296630859375,78.8095932006836,80.56017303466797,127.69999694824219,22.404096603393555
2014-07-02,161.26646423339844,78.48834228515625,79.69918823242188,127.69999694824219,22.361825942993164
2014-07-03,162.05960083007812,78.32779693603516,79.41217803955078,127.16000366210938,22.319551467895508
2014-07-07,161.4954376220703,78.51895904541016,79.99334716796875,127.0199966430664,22.142011642456055
2014-07-08,160.45700073242188,78.87841033935547,80.89019012451172,127.06999969482422,22.08283233642578
2014-07-09,161.17652893066406,78.89375305175781,80.95480346679688,127.83999633789062,21.93065071105957
2014-07-10,160.53872680664062,79.06195068359375,80.97630310058594,128.5399932861328,21.964468002319336
2014-07-11,160.75953674316406,79.19194793701172,81.492919921875,128.77999877929688,21.770017623901367
2014-07-14,161.56900024414062,79.0160903930664,81.141357421875,125.72000122070312,21.854562759399414
2014-07-15,161.26646423339844,78.94719696044922,80.97630310058594,124.52999877929688,21.651657104492188
2014-07-16,161.8634033203125,79.06195068359375,81.40684509277344,124.97000122070312,21.685474395751953
2014-07-17,160.0236358642578,79.52083587646484,82.4328384399414,127.08999633789062,21.7362003326416
2014-07-18,161.6589813232422,79.36018371582031,82.16735076904297,126.12999725341797,21.59247589111328
2014-07-21,161.3563995361328,79.38314056396484,82.57632446289062,126.33999633789062,21.693927764892578
2014-07-22,162.05960083007812,79.48257446289062,82.74854278564453,125.73999786376953,21.600929260253906
2014-07-23,162.4193572998047,79.47496032714844,82.64091491699219,125.62000274658203,21.660110473632812
2014-07-24,162.42755126953125,79.15373229980469,82.02388000488281,124.3499984741211,21.634748458862305
2014-07-25,161.6671905517578,79.45967864990234,82.99246978759766,125.79000091552734,21.71929359436035
2014-07-28,161.73252868652344,79.36788177490234,82.87770080566406,125.58000183105469,21.677019119262695
2014-07-29,161.03753662109375,79.47496032714844,83.1790542602539,125.19999694824219,21.609384536743164
2014-07-30,161.0620880126953,78.91664123535156,82.02388000488281,124.83000183105469,21.516389846801758
2014-07-31,157.88137817382812,78.89375305175781,81.77992248535156,123.38999938964844,21.406478881835938
2014-08-01,157.3989715576172,79.35806274414062,82.41297149658203,124.37999725341797,21.237394332885742
2014-08-04,158.5354766845703,79.40399169921875,82.19715118408203,123.98999786376953,21.39802360534668
2014-08-05,156.99830627441406,79.44231414794922,82.46334838867188,123.87000274658203,21.296573638916016
2014-08-06,157.04737854003906,79.51126098632812,82.513671875,125.66999816894531,21.431842803955078
2014-08-07,156.19699096679688,79.87139892578125,83.28343963623047,126.18000030517578,21.47411346435547
2014-08-08,158.00405883789062,79.80242919921875,83.1036605834961,126.19000244140625,21.372663497924805
2014-08-11,158.46189880371094,79.7641372680664,83.09642791748047,125.95999908447266,21.406478881835938
2014-08-12,158.24114990234375,79.64920043945312,82.5568618774414,125.98999786376953,21.271211624145508
2014-08-13,159.3123016357422,79.90973663330078,83.09642791748047,126.19999694824219,21.25429916381836
2014-08-14,160.0644989013672,80.07063293457031,83.76541137695312,126.30999755859375,21.000669479370117
2014-08-15,160.03184509277344,80.39247131347656,84.67902374267578,125.4800033569336,21.085214614868164
2014-08-18,161.37274169921875,80.13959503173828,83.83734130859375,124.95999908447266,20.907670974731445
2014-08-19,162.21498107910156,80.05534362792969,83.5783462524414,124.68000030517578,20.94994354248047
2014-08-20,162.64830017089844,79.81783294677734,83.44173431396484,124.22000122070312,21.009122848510742
2014-08-21,163.12257385253906,79.98633575439453,83.90928649902344,122.87999725341797,21.059850692749023
2014-08-22,162.86912536621094,79.9940185546875,84.3768539428711,123.19000244140625,21.026033401489258
2014-08-25,163.6949462890625,80.05534362792969,84.69344329833984,122.73999786376953,21.059850692749023
2014-08-26,163.80123901367188,80.04003143310547,84.4200439453125,123.3499984741211,21.06830406188965
2014-08-27,163.73577880859375,80.2621841430664,85.13946533203125,123.31999969482422,21.102121353149414
2014-08-28,163.64584350585938,80.36945343017578,85.58544921875,124.0,21.119028091430664
2014-08-29,164.11195373535156,80.37716674804688,85.64302062988281,123.86000061035156,21.161306381225586
2014-09-02,164.03016662597656,79.8636474609375,84.16563415527344,121.6500015258789,20.856945037841797
2014-09-03,163.94027709960938,79.97877502441406,84.63428497314453,122.1500015258789,20.941490173339844
2014-09-04,163.703125,79.69475555419922,83.60322570800781,121.4800033569336,20.856945037841797
2014-09-05,164.43899536132812,79.71783447265625,83.4446029663086,122.05999755859375,20.82312774658203
2014-09-08,164.01382446289062,79.63336944580078,83.48065185546875,120.7300033569336,20.721675872802734
2014-09-09,162.97540283203125,79.44918060302734,83.4157485961914,120.87000274658203,20.55258560180664
2014-09-10,163.58865356445312,79.24956512451172,82.88938903808594,120.26000213623047,20.408864974975586
2014-09-11,163.77676391601562,79.14983367919922,82.6154556274414,119.47000122070312,20.307411193847656
2014-09-12,162.82003784179688,78.85047149658203,81.75019073486328,118.37999725341797,20.146778106689453
2014-09-15,162.69740295410156,78.9963150024414,81.87274169921875,118.63999938964844,20.172142028808594
2014-09-16,163.92381286621094,78.97328186035156,81.5411148071289,118.83000183105469,20.358139038085938
2014-09-17,164.14466857910156,78.7736587524414,81.33198547363281,117.54000091552734,20.273591995239258
2014-09-18,165.01954650878906,78.719970703125,81.59156799316406,117.77999877929688,20.079145431518555
2014-09-19,164.87081909179688,79.01936340332031,82.62984466552734,117.08999633789062,20.019960403442383
2014-09-22,163.59754943847656,79.18818664550781,82.73078918457031,116.8499984741211,19.850872039794922
2014-09-23,162.6610870361328,79.35704803466797,83.24273681640625,117.5999984741211,19.850872039794922
2014-09-24,163.93441772460938,79.13446807861328,82.78128051757812,117.05000305175781,19.9354190826416
2014-09-25,161.2891845703125,79.51824188232422,83.76187133789062,117.38999938964844,19.89314842224121
2014-09-26,162.57069396972656,79.34937286376953,83.63928985595703,117.05999755859375,19.859329223632812
2014-09-29,162.2749786376953,79.6026840209961,84.30979919433594,117.02999877929688,19.977689743041992
2014-09-30,161.84776306152344,79.53359985351562,83.83402252197266,116.20999908447266,19.631061553955078
2014-10-01,159.6544952392578,80.20183563232422,85.4595947265625,116.7699966430664,19.563426971435547
2014-10-02,159.67909240722656,79.96343994140625,84.71508026123047,116.73999786376953,19.487337112426758
2014-10-03,161.4370574951172,79.94031524658203,85.07649993896484,114.61000061035156,19.301340103149414
2014-10-06,161.24810791015625,80.0710678100586,85.12706756591797,116.02999877929688,19.54651641845703
2014-10-07,158.75906372070312,80.54017639160156,86.27635955810547,116.36000061035156,19.470426559448242
2014-10-08,161.53564453125,80.82467651367188,86.29805755615234,117.47000122070312,19.394338607788086
2014-10-09,158.33189392089844,80.68626403808594,85.92219543457031,117.63999938964844,19.16606903076172
2014-10-10,156.52462768554688,81.00149536132812,86.77516174316406,117.58999633789062,19.098434448242188
2014-10-13,153.95338439941406,81.42440795898438,87.30278778076172,118.5199966430664,19.098434448242188
2014-10-14,154.19163513183594,81.5859146118164,87.87380981445312,118.58999633789062,18.81098747253418
2014-10-15,153.14833068847656,82.04727172851562,88.56770324707031,118.98999786376953,18.574262619018555
2014-10-16,153.01686096191406,81.82433319091797,88.0038833618164,119.22000122070312,18.7602596282959
2014-10-17,154.82415771484375,81.5859146118164,87.51244354248047,118.98999786376953,18.827896118164062
2014-10-20,156.32752990722656,81.70126342773438,87.83051300048828,119.80000305175781,18.692625045776367
2014-10-21,159.42445373535156,81.4782943725586,87.12932586669922,120.0199966430664,18.844804763793945
2014-10-22,158.29078674316406,81.45518493652344,87.22325897216797,119.33999633789062,18.63344383239746
2014-10-23,160.13092041015625,81.11686706542969,86.44989776611328,118.5199966430664,18.85325813293457
2014-10-24,161.3631134033203,81.1860580444336,86.53656005859375,118.3499984741211,18.734895706176758
2014-10-27,161.14137268066406,81.27066040039062,86.69560241699219,118.05999755859375,18.68416976928711
2014-10-28,162.9896240234375,81.07073974609375,86.15351867675781,118.0999984741211,18.83635139465332
2014-10-29,162.7432403564453,80.80159759521484,86.3486328125,116.41000366210938,19.05616569519043
2014-10-30,163.7864990234375,80.88618469238281,86.42098236083984,115.19000244140625,18.89552879333496
2014-10-31,165.6595001220703,80.75544738769531,86.19682312011719,112.66000366210938,18.87016487121582
2014-11-03,165.74984741210938,80.7254409790039,86.19684600830078,112.1500015258789,18.701082229614258
2014-11-04,165.17478942871094,80.71770477294922,86.46498107910156,112.22000122070312,18.430540084838867
2014-11-05,166.21807861328125,80.74082946777344,86.34180450439453,109.79000091552734,18.481266021728516
2014-11-06,166.88345336914062,80.49432373046875,85.78386688232422,109.87999725341797,18.498172760009766
2014-11-07,167.03952026367188,81.01040649414062,86.769287109375,112.97000122070312,18.582717895507812
2014-11-10,167.56533813476562,80.67919921875,85.97225952148438,110.45999908447266,18.40517807006836
2014-11-11,167.72952270507812,80.68688201904297,86.03022003173828,112.04000091552734,18.498172760009766
2014-11-12,167.5489044189453,80.65607452392578,85.9577865600586,111.5,18.438995361328125
2014-11-13,167.73780822753906,80.78700256347656,86.1606674194336,111.66999816894531,18.100820541381836
2014-11-14,167.77883911132812,80.95648193359375,86.58089447021484,114.47000122070312,18.295269012451172
2014-11-17,167.8856964111328,80.86405944824219,86.3635482788086,114.05000305175781,18.21917724609375
2014-11-18,168.85501098632812,80.95648193359375,86.60266876220703,115.05000305175781,18.126184463500977
2014-11-19,168.58395385742188,80.74082946777344,86.05197143554688,113.68000030517578,18.033184051513672
2014-11-20,168.87966918945312,80.8871841430664,86.50118255615234,114.86000061035156,18.18536376953125
2014-11-21,169.78323364257812,81.04891967773438,87.0229263305664,115.38999938964844,18.37981414794922
2014-11-24,170.25978088378906,81.14136505126953,87.09536743164062,115.11000061035156,18.21917724609375
2014-11-25,170.13648986816406,81.34162139892578,87.8199462890625,115.37999725341797,18.134639739990234
2014-11-26,170.57192993164062,81.48027801513672,88.05903625488281,115.16000366210938,18.092365264892578
2014-11-28,170.2104949951172,81.79608917236328,88.75464630126953,112.11000061035156,17.263835906982422
2014-12-01,169.02755737304688,81.59550476074219,88.23685455322266,116.58000183105469,17.618921279907227
2014-12-02,170.12010192871094,81.23287200927734,87.37993621826172,115.13999938964844,17.24692726135254
2014-12-03,170.77731323242188,81.26366424560547,87.72126007080078,116.33000183105469,17.14547348022461
2014-12-04,170.5883331298828,81.54920196533203,88.4547348022461,115.87999725341797,17.09474754333496
2014-12-05,170.86761474609375,81.09394836425781,87.93912506103516,114.43000030517578,17.052474975585938
2014-12-08,169.72581481933594,81.364013671875,89.013916015625,115.77999877929688,16.756574630737305
2014-12-09,169.61082458496094,81.66493225097656,89.47146606445312,118.19000244140625,16.87493324279785
2014-12-10,166.8917236328125,82.03531646728516,90.12512969970703,117.95999908447266,16.61284828186035
2014-12-11,167.73780822753906,81.89640045166016,90.49547576904297,117.69000244140625,16.460670471191406
2014-12-12,165.0269317626953,82.56767272949219,91.72277069091797,117.41000366210938,16.325397491455078
2014-12-15,163.893310546875,82.2667465209961,91.53392791748047,114.38999938964844,16.063312530517578
2014-12-16,162.57899475097656,82.68342590332031,92.66687774658203,114.94999694824219,15.970315933227539
2014-12-17,165.76625061035156,82.11248016357422,91.83172607421875,114.2699966430664,16.063312530517578
2014-12-18,169.86544799804688,81.64949035644531,90.19764709472656,115.1500015258789,16.012588500976562
2014-12-19,170.5882110595703,81.9504165649414,91.41051483154297,114.7699966430664,16.249309539794922
2014-12-22,171.37294006347656,81.9504165649414,91.53392791748047,112.55000305175781,15.953408241271973
2014-12-23,171.60414123535156,81.27143096923828,89.7183609008789,112.73999786376953,16.114042282104492
2014-12-24,171.6207275390625,81.33014678955078,90.2066879272461,112.7699966430664,15.902682304382324
2014-12-26,172.1741485595703,81.43831634521484,90.54149627685547,114.83000183105469,15.885773658752441
2014-12-29,172.40538024902344,81.71652221679688,91.21829223632812,113.66999816894531,15.733592987060547
2014-12-30,171.48031616210938,81.80924224853516,91.46571350097656,115.19999694824219,15.716683387756348
2014-12-31,169.77874755859375,81.90191650390625,91.64036560058594,113.58000183105469,15.5983247756958
2015-01-02,169.6878662109375,82.31925201416016,92.65929412841797,114.08000183105469,15.412327766418457
2015-01-05,166.6233673095703,82.82154083251953,94.11480712890625,115.80000305175781,15.192512512207031
2015-01-06,165.05392456054688,83.37786865234375,95.81050872802734,117.12000274658203,15.048789978027344
2015-01-07,167.11068725585938,83.36247253417969,95.62132263183594,116.43000030517578,14.955792427062988
2015-01-08,170.07606506347656,83.02243041992188,94.3549575805664,115.94000244140625,15.014972686767578
2015-01-09,168.71315002441406,83.43199157714844,95.38844299316406,117.26000213623047,14.989609718322754
2015-01-12,167.3915557861328,83.72563171386719,95.93429565429688,118.55999755859375,14.659887313842773
2015-01-13,166.9207305908203,83.8028793334961,95.93429565429688,118.16000366210938,14.600707054138184
2015-01-14,165.91294860839844,84.18924713134766,96.66206359863281,117.97000122070312,14.761340141296387
2015-01-15,164.3931427001953,84.90789794921875,98.1830062866211,120.94000244140625,14.55843448638916
2015-01-16,166.54901123046875,84.2820053100586,96.93126678466797,122.5199966430664,14.837428092956543
2015-01-20,166.9041748046875,84.47515869140625,98.21942138671875,124.19999694824219,14.634523391723633
2015-01-21,167.74671936035156,84.07334899902344,97.08415222167969,124.2300033569336,14.727522850036621
2015-01-22,170.24130249023438,83.8647232055664,96.73473358154297,125.2300033569336,14.710615158081055
2015-01-23,169.307861328125,84.41336059570312,98.08118438720703,124.2300033569336,14.6176176071167
2015-01-26,169.70440673828125,84.22016143798828,97.78274536132812,122.98999786376953,14.566889762878418
2015-01-27,167.46592712402344,84.3360824584961,97.93556213378906,124.4000015258789,14.642979621887207
2015-01-28,165.31822204589844,84.98516845703125,99.53662872314453,123.41999816894531,14.431620597839355
2015-01-29,166.84634399414062,84.68380737304688,98.88168334960938,120.76000213623047,14.363983154296875
2015-01-30,164.748291015625,85.42564392089844,100.63558197021484,123.44999694824219,14.710615158081055
2015-02-02,166.78857421875,85.31884765625,100.25569152832031,122.41999816894531,14.913517951965332
2015-02-03,169.2004852294922,84.59902954101562,98.13358306884766,121.05000305175781,15.327783584594727
2015-02-04,168.55618286132812,84.73833465576172,98.30132293701172,121.58000183105469,14.989609718322754
2015-02-05,170.2577667236328,84.42871856689453,97.22207641601562,121.79000091552734,15.192512512207031
2015-02-06,169.78695678710938,83.48441314697266,95.5009994506836,118.63999938964844,15.234785079956055
2015-02-09,169.0270538330078,83.4457015991211,95.34786224365234,119.16999816894531,15.38696575164795
2015-02-10,170.82774353027344,83.23675537109375,94.58949279785156,118.47000122070312,15.192512512207031
2015-02-11,170.92684936523438,83.20574951171875,94.76451873779297,117.06999969482422,15.074152946472168
2015-02-12,172.57061767578125,83.23675537109375,94.45094299316406,117.33999633789062,15.302422523498535
2015-02-13,173.28102111816406,82.95805358886719,93.48108673095703,117.9800033569336,15.471508026123047
2015-02-17,173.5535888671875,82.36988830566406,92.0735855102539,116.01000213623047,15.479962348937988
2015-02-18,173.5701141357422,82.76459503173828,92.62053680419922,116.33999633789062,15.293968200683594
2015-02-19,173.4461669921875,82.55558776855469,92.00799560546875,115.94000244140625,15.243240356445312
2015-02-20,174.4870147705078,82.5091552734375,92.27780151367188,115.27999877929688,15.184057235717773
2015-02-23,174.46218872070312,82.88846588134766,93.33523559570312,115.43000030517578,15.08260726928711
2015-02-24,174.95779418945312,83.43801879882812,94.56031036376953,115.26000213623047,15.09106159210205
2015-02-25,174.8091278076172,83.51537322998047,94.96868896484375,115.69999694824219,15.319331169128418
2015-02-26,174.60263061523438,83.02001190185547,93.67064666748047,116.06999969482422,15.192512512207031
2015-02-27,174.00790405273438,83.31410217285156,94.45823669433594,116.16000366210938,15.361602783203125
2015-03-02,175.1065216064453,82.69398498535156,92.69878387451172,115.68000030517578,15.1417875289917
2015-03-03,174.3878173828125,82.51564025878906,92.36268615722656,115.47000122070312,15.234785079956055
2015-03-04,173.65274047851562,82.57766723632812,92.39196014404297,115.11000061035156,15.099515914916992
2015-03-05,173.8426971435547,82.62419891357422,92.2750015258789,115.0,15.040335655212402
2015-03-06,171.397705078125,81.77921295166016,90.23644256591797,111.86000061035156,14.854339599609375
2015-03-09,172.10804748535156,82.1590347290039,91.06942749023438,111.97000122070312,14.812066078186035
2015-03-10,169.3161163330078,82.50792694091797,92.26774597167969,111.41999816894531,14.6176176071167
2015-03-11,168.91964721679688,82.65521240234375,92.93993377685547,110.75,14.693703651428223
2015-03-12,171.06727600097656,82.73271179199219,92.87420654296875,110.72000122070312,14.626069068908691
2015-03-13,170.01828002929688,82.60868072509766,92.58920288085938,110.87999725341797,14.330167770385742
2015-03-16,172.28977966308594,82.8955307006836,93.48062896728516,110.80999755859375,14.313258171081543
2015-03-17,171.77767944335938,83.06610107421875,94.25508880615234,110.20999908447266,14.211806297302246
2015-03-18,173.8426971435547,84.01959228515625,96.0744400024414,112.37000274658203,14.600707054138184
2015-03-19,173.04974365234375,83.62425994873047,95.58490753173828,112.29000091552734,14.35552978515625
2015-03-20,174.5772247314453,83.96527862548828,96.08904266357422,113.56999969482422,14.549980163574219
2015-03-23,174.2370147705078,84.07383728027344,95.97216033935547,114.29000091552734,14.71906852722168
2015-03-24,173.2579803466797,84.32975006103516,96.9000473022461,114.56999969482422,14.600707054138184
2015-03-25,170.71910095214844,83.96527862548828,96.08177947998047,114.7300033569336,14.642979621887207
2015-03-26,170.3125457763672,83.492431640625,94.58392333984375,115.4800033569336,14.82052230834961
2015-03-27,170.70249938964844,83.81808471679688,95.76025390625,115.05999755859375,14.524619102478027
2015-03-30,172.78506469726562,83.81031036376953,95.28533172607422,113.75,14.600707054138184
2015-03-31,171.2749786376953,84.02737426757812,95.48992156982422,113.66000366210938,14.431620597839355
2015-04-01,170.66929626464844,84.42729949951172,96.7441635131836,115.5999984741211,14.693703651428223
2015-04-02,171.2832489013672,84.1865234375,95.71910858154297,115.27999877929688,14.6176176071167
2015-04-06,172.4365234375,84.29521942138672,95.18460083007812,116.69000244140625,14.80361270904541
2015-04-07,171.9802703857422,84.36510467529297,95.98270416259766,116.11000061035156,14.8797025680542
2015-04-08,172.56100463867188,84.28744506835938,96.0119857788086,115.47000122070312,14.592254638671875
2015-04-09,173.32435607910156,83.94583129882812,94.76722717285156,114.66999816894531,14.592254638671875
2015-04-10,174.27023315429688,83.9224853515625,94.90635681152344,115.97000122070312,14.744434356689453
2015-04-13,173.48202514648438,84.09334564208984,95.03813171386719,115.13999938964844,14.676797866821289
2015-04-14,173.8139190673828,84.34178161621094,95.7117691040039,114.44000244140625,14.744434356689453
2015-04-15,174.59378051757812,84.38842010498047,95.63123321533203,115.43000030517578,15.040335655212402
2015-04-16,174.5440216064453,84.4505386352539,95.15531158447266,115.02999877929688,15.200966835021973
2015-04-17,172.53610229492188,84.621337890625,96.24629974365234,115.5999984741211,15.167150497436523
2015-04-20,174.11256408691406,84.46611022949219,95.39695739746094,114.72000122070312,15.099515914916992
2015-04-21,173.9051513671875,84.28744506835938,94.9649429321289,115.37999725341797,14.989609718322754
2015-04-22,174.759765625,83.7983169555664,93.51520538330078,113.83000183105469,15.040335655212402
2015-04-23,175.199462890625,84.0545425415039,93.91790771484375,114.66000366210938,15.226332664489746
2015-04-24,175.6060028076172,84.3495864868164,94.50365447998047,113.05000305175781,15.217876434326172
2015-04-27,174.87594604492188,84.21761322021484,94.50365447998047,115.33000183105469,15.217876434326172
2015-04-28,175.4318084716797,83.82939147949219,93.20038604736328,116.33000183105469,15.243240356445312
2015-04-29,174.70999145507812,83.51880645751953,92.05817413330078,115.51000213623047,15.344693183898926
2015-04-30,172.95932006835938,83.49549102783203,92.21923828125,113.47000122070312,15.463053703308105
2015-05-01,174.8343963623047,83.03897094726562,90.97781372070312,113.08000183105469,15.446146011352539
2015-05-04,175.33224487304688,82.86788177490234,90.11941528320312,114.0999984741211,15.437689781188965
2015-05-05,173.32435607910156,82.72792053222656,89.99465942382812,114.41999816894531,15.564506530761719
2015-05-06,172.6107940673828,82.32352447509766,88.45392608642578,114.36000061035156,15.564506530761719
2015-05-07,173.29942321777344,82.6734848022461,89.64250183105469,113.41999816894531,15.319331169128418
2015-05-08,175.58114624023438,82.9922866821289,89.88460540771484,113.97000122070312,15.403871536254883
2015-05-11,174.7431640625,82.1758041381836,87.69820404052734,113.52999877929688,15.336236953735352
2015-05-12,174.22039794921875,82.23799133300781,87.92564392089844,114.5,15.496871948242188
2015-05-13,174.25364685058594,82.12911987304688,87.2213134765625,116.55000305175781,15.513778686523438
2015-05-14,176.07064819335938,82.40904235839844,87.4560775756836,117.18000030517578,15.606776237487793
2015-05-15,176.26148986816406,83.00011444091797,89.20962524414062,117.52999877929688,15.5983247756958
2015-05-18,176.80909729003906,82.4401626586914,87.71289825439453,117.5199966430664,15.556052207946777
2015-05-19,176.7510223388672,82.07466888427734,86.93521881103516,115.88999938964844,15.226332664489746
2015-05-20,176.62657165527344,82.25355529785156,87.08187866210938,116.08000183105469,15.192512512207031
2015-05-21,177.14102172851562,82.74346923828125,88.29981994628906,115.69000244140625,15.378509521484375
2015-05-22,176.71786499023438,82.55683898925781,88.3365249633789,115.5999984741211,15.209421157836914
2015-05-26,174.81784057617188,83.07008361816406,89.84790802001953,113.91000366210938,14.913517951965332
2015-05-27,176.47718811035156,83.0234375,90.05339050292969,113.88999938964844,14.710615158081055
2015-05-28,176.27806091308594,83.10120391845703,89.83332061767578,114.0199966430664,14.786703109741211
2015-05-29,175.1829071044922,83.14786529541016,90.0313720703125,114.0999984741211,14.972698211669922
2015-06-01,175.53965759277344,82.78097534179688,89.06376647949219,114.0,14.938880920410156
2015-06-02,175.36541748046875,82.20460510253906,87.82108306884766,114.45999908447266,15.116423606872559
2015-06-03,175.8301239013672,81.50357818603516,86.409423828125,113.63999938964844,14.921975135803223
2015-06-04,174.34487915039062,81.90081787109375,87.53433227539062,112.83999633789062,14.786703109741211
2015-06-05,174.04617309570312,81.30885314941406,86.46820068359375,112.23999786376953,14.854339599609375
2015-06-08,172.97586059570312,81.42572784423828,86.37261199951172,112.56999969482422,14.862791061401367
2015-06-09,172.9510040283203,81.16093444824219,85.68883514404297,112.81999969482422,15.099515914916992
2015-06-10,175.02523803710938,80.84932708740234,84.9388427734375,113.77999877929688,15.158696174621582
2015-06-11,175.5894317626953,81.48799896240234,86.72560119628906,113.26000213623047,15.023427963256836
2015-06-12,174.24533081054688,81.44133758544922,86.72560119628906,113.2300033569336,14.871248245239258
2015-06-15,173.49851989746094,81.63600158691406,86.86527252197266,113.7300033569336,14.80361270904541
2015-06-16,174.4445037841797,81.94757843017578,87.54907989501953,113.31999969482422,14.845885276794434
2015-06-17,174.72653198242188,81.9942855834961,86.87265014648438,113.8499984741211,14.888155937194824
2015-06-18,176.54360961914062,81.93203735351562,86.44613647460938,115.31999969482422,14.888155937194824
2015-06-19,175.7598876953125,82.3681869506836,87.55644989013672,115.12000274658203,14.752885818481445
2015-06-22,176.66030883789062,81.67494201660156,85.76970672607422,113.63999938964844,14.80361270904541
2015-06-23,176.78538513183594,81.42572784423828,85.2550048828125,112.88999938964844,14.98115348815918
2015-06-24,175.50146484375,81.66716766357422,85.99027252197266,112.58999633789062,14.8797025680542
2015-06-25,174.96788024902344,81.46464538574219,85.68883514404297,112.44000244140625,14.896612167358398
2015-06-26,174.93447875976562,81.07522583007812,84.72562408447266,112.55999755859375,14.964244842529297
2015-06-29,171.2660369873047,82.0176773071289,86.96821594238281,113.06999969482422,14.896612167358398
2015-06-30,171.6245574951172,81.79180908203125,86.3653335571289,112.37000274658203,15.217876434326172
2015-07-01,173.0001983642578,81.36431121826172,85.19953155517578,111.9800033569336,15.031881332397461
2015-07-02,172.841796875,81.65294647216797,85.4795150756836,111.76000213623047,15.006518363952637
2015-07-06,172.3498992919922,82.2302017211914,87.06388092041016,112.05999755859375,14.516161918640137
2015-07-07,173.43374633789062,82.44862365722656,87.88182067871094,110.76000213623047,14.431620597839355
2015-07-08,170.5239715576172,82.77629852294922,88.64078521728516,111.08999633789062,14.363983154296875
2015-07-09,170.83248901367188,82.19893646240234,86.89437866210938,111.36000061035156,14.533073425292969
2015-07-10,172.98358154296875,81.62952423095703,85.51637268066406,111.48999786376953,14.600707054138184
2015-07-13,174.89280700683594,81.41110229492188,85.25109100341797,110.98999786376953,14.609162330627441
2015-07-14,175.65150451660156,81.66858673095703,85.53109741210938,110.73999786376953,14.55843448638916
2015-07-15,175.59315490722656,81.98056030273438,86.43746185302734,110.16000366210938,14.389347076416016
2015-07-16,177.00218200683594,81.9493637084961,87.03435516357422,109.76000213623047,14.321714401245117
2015-07-17,177.1522216796875,81.95716094970703,87.48392486572266,108.6500015258789,14.245624542236328
2015-07-20,177.24391174316406,81.7933578491211,87.11546325683594,105.69999694824219,14.017355918884277
2015-07-21,176.54356384277344,82.01959228515625,87.58700561523438,105.37000274658203,14.076536178588867
2015-07-22,176.22674560546875,82.1209945678711,88.13236999511719,104.80000305175781,13.873631477355957
2015-07-23,175.23468017578125,82.45638275146484,89.23027801513672,104.33000183105469,13.755269050598145
2015-07-24,173.41708374023438,82.53441619873047,89.45140075683594,105.3499984741211,13.64536190032959
2015-07-27,172.4082489013672,82.80745697021484,89.93038177490234,104.86000061035156,13.383277893066406
2015-07-28,174.5259246826172,82.57343292236328,89.27454376220703,105.0199966430664,13.493184089660645
2015-07-29,175.72657775878906,82.45638275146484,88.94295501708984,105.16999816894531,13.535456657409668
2015-07-30,175.76824951171875,82.55004119873047,89.6282730102539,104.2699966430664,13.484729766845703
2015-07-31,175.50146484375,83.03370666503906,90.29151153564453,104.93000030517578,13.29873275756836
2015-08-03,174.90945434570312,83.2868423461914,91.24190521240234,104.0999984741211,13.078919410705566
2015-08-04,174.5676727294922,82.85714721679688,90.51817321777344,104.30999755859375,13.155009269714355
2015-08-05,175.14295959472656,82.53679656982422,89.83879089355469,103.93000030517578,13.104283332824707
2015-08-06,173.7089080810547,82.8259048461914,90.63632202148438,104.38999938964844,13.09582805633545
2015-08-07,173.37538146972656,83.154052734375,91.82533264160156,104.6500015258789,13.045103073120117
2015-08-10,175.55979919433594,82.81024932861328,90.68805694580078,105.72000122070312,13.3240966796875
2015-08-11,173.9757080078125,83.357177734375,92.12812805175781,106.26000213623047,13.146554946899414
2015-08-12,174.18409729003906,83.32591247558594,91.62596130371094,107.75,13.104283332824707
2015-08-13,173.96737670898438,83.10714721679688,91.33048248291016,106.86000061035156,13.045103073120117
2015-08-14,174.6009521484375,83.02120208740234,91.54470825195312,106.8499984741211,12.960558891296387
2015-08-17,175.5764617919922,83.16963195800781,91.95820617675781,107.12999725341797,12.909832954406738
2015-08-18,175.06784057617188,83.03681945800781,91.2345199584961,107.11000061035156,12.84219741821289
2015-08-19,173.6838836669922,83.54467010498047,92.13545227050781,108.55000305175781,12.698473930358887
2015-08-20,170.05712890625,83.77130889892578,93.06600952148438,110.44000244140625,12.732291221618652
2015-08-21,164.93797302246094,84.10720825195312,93.34663391113281,111.12999725341797,12.520931243896484
2015-08-24,157.9929962158203,84.24784088134766,93.31709289550781,110.52999877929688,12.20811939239502
2015-08-25,156.13377380371094,83.7868881225586,91.81793212890625,109.16000366210938,12.258846282958984
2015-08-26,162.12831115722656,83.27123260498047,90.04552459716797,107.66999816894531,12.182756423950195
2015-08-27,166.1385498046875,83.22432708740234,90.09725952148438,107.7300033569336,12.622383117675781
2015-08-28,166.14686584472656,83.23999786376953,90.36309051513672,108.69999694824219,12.952103614807129
2015-08-31,164.80458068847656,83.09930419921875,89.66891479492188,108.81999969482422,13.264915466308594
2015-09-01,159.88558959960938,83.47259521484375,90.31499481201172,109.19999694824219,12.825288772583008
2015-09-02,162.92037963867188,83.24562072753906,89.53791809082031,108.62000274658203,12.935194969177246
2015-09-03,163.03707885742188,83.44913482666016,89.97460174560547,107.83999633789062,13.019739151000977
2015-09-04,160.5692138671875,83.70736694335938,90.79608154296875,107.48999786376953,12.85910701751709
2015-09-08,164.60447692871094,83.33960723876953,89.45648956298828,107.5199966430664,12.952103614807129
2015-09-09,162.4034423828125,83.37088775634766,89.88574981689453,106.12999725341797,12.783016204833984
2015-09-10,163.28713989257812,83.18309783935547,89.27886962890625,106.37999725341797,12.892923355102539
2015-09-11,164.02920532226562,83.40216827392578,89.84138488769531,106.16000366210938,12.876014709472656
2015-09-14,163.42059326171875,83.48046875,89.98196411132812,106.22000122070312,12.715380668640137
2015-09-15,165.46322631835938,82.82310485839844,88.25747680664062,105.9000015258789,12.757654190063477
2015-09-16,166.8972625732422,82.79964447021484,87.9244613647461,107.30999755859375,12.969012260437012
2015-09-17,166.5220947265625,83.4883041381836,88.99761962890625,108.41000366210938,12.884469032287598
2015-09-18,163.80084228515625,83.87947845458984,90.36680603027344,109.20999908447266,12.690018653869629
2015-09-21,164.64732360839844,83.40216827392578,88.89398956298828,108.52999877929688,12.83374309539795
2015-09-22,162.5102081298828,83.8169174194336,90.12993621826172,107.79000091552734,12.757654190063477
2015-09-23,162.25045776367188,83.72303009033203,90.12261199951172,108.22000122070312,12.656200408935547
2015-09-24,161.6637725830078,83.84819793701172,90.73690795898438,110.48999786376953,12.732291221618652
2015-09-25,161.62191772460938,83.62909698486328,89.95234680175781,109.80999755859375,12.808379173278809
2015-09-28,157.56564331054688,84.10649108886719,91.49178314208984,108.41999816894531,12.630836486816406
2015-09-29,157.65782165527344,84.39595031738281,91.75079345703125,107.9800033569336,12.715380668640137
2015-09-30,160.59947204589844,84.41165924072266,91.43257904052734,106.86000061035156,12.808379173278809
2015-10-01,161.01846313476562,84.47742462158203,91.82266235351562,106.7300033569336,12.723836898803711
2015-10-02,163.42376708984375,84.88501739501953,92.37889099121094,108.98999786376953,12.808379173278809
2015-10-05,166.33181762695312,84.41476440429688,91.12550354003906,108.7699966430664,12.977468490600586
2015-10-06,165.7619171142578,84.58717346191406,91.51859283447266,109.86000061035156,13.231096267700195
2015-10-07,167.11965942382812,84.37559509277344,91.21451568603516,109.69999694824219,13.205733299255371
2015-10-08,168.6282196044922,84.15613555908203,90.45063018798828,109.13999938964844,13.264915466308594
2015-10-09,168.7286834716797,84.20316314697266,90.68798065185547,110.87000274658203,13.3240966796875
2015-10-12,168.88795471191406,84.48529815673828,91.37773132324219,111.30999755859375,13.112737655639648
2015-10-13,167.82357788085938,84.56371307373047,91.53341674804688,111.86000061035156,13.028192520141602
2015-10-14,167.0190887451172,85.02605438232422,92.33438873291016,113.80999755859375,13.062010765075684
2015-10-15,169.5835418701172,84.73615264892578,91.88201904296875,113.29000091552734,13.028192520141602
2015-10-16,170.35459899902344,84.66559600830078,91.91165924072266,112.48999786376953,13.03664779663086
2015-10-19,170.4383544921875,84.62640380859375,91.65949249267578,112.0199966430664,12.799924850463867
2015-10-20,170.22047424316406,84.33641052246094,91.0958023071289,112.7300033569336,12.825288772583008
2015-10-21,169.1645050048828,84.62640380859375,92.0006332397461,111.7300033569336,12.715380668640137
2015-10-22,172.02232360839844,84.71259307861328,92.15640258789062,111.69000244140625,12.757654190063477
2015-10-23,173.907958984375,84.23451232910156,91.37026977539062,111.5,12.681563377380371
2015-10-26,173.4805908203125,84.45396423339844,91.97843170166016,111.43000030517578,12.647747039794922
2015-10-27,173.14537048339844,84.66559600830078,92.20829772949219,111.68000030517578,12.588566780090332
2015-10-28,175.11477661132812,84.22666931152344,91.8375244140625,110.77999877929688,12.799924850463867
2015-10-29,175.01425170898438,83.70941162109375,90.3764419555664,109.72000122070312,12.723836898803711
2015-10-30,174.2599639892578,83.87403869628906,91.05874633789062,109.30000305175781,12.850651741027832
2015-11-02,176.3216094970703,83.6330337524414,90.64033508300781,108.58999633789062,12.783016204833984
2015-11-03,176.8328399658203,83.41328430175781,89.89706420898438,106.9800033569336,13.011285781860352
2015-11-04,176.29649353027344,83.326904296875,90.00112915039062,105.97000122070312,12.791471481323242
2015-11-05,176.12045288085938,83.27198791503906,89.76326751708984,105.63999938964844,12.690018653869629
2015-11-06,176.02833557128906,82.70681762695312,88.44771575927734,104.0999984741211,12.613929748535156
2015-11-09,174.3856964111328,82.56562042236328,87.94976043701172,104.4000015258789,12.504021644592285
2015-11-10,174.7879638671875,82.72254180908203,88.20989990234375,104.18000030517578,12.478658676147461
2015-11-11,174.10073852539062,82.68328094482422,88.02404022216797,103.83000183105469,12.351841926574707
2015-11-12,171.67037963867188,82.73037719726562,88.44771575927734,103.8499984741211,12.174301147460938
2015-11-13,169.7427520751953,83.04437255859375,88.95315551757812,103.55999755859375,12.081302642822266
2015-11-16,172.3240509033203,83.15428924560547,88.8713607788086,103.70999908447266,12.140483856201172
2015-11-17,172.19834899902344,83.13074493408203,89.02001190185547,102.33999633789062,11.954486846923828
2015-11-18,174.9303741455078,83.09146881103516,89.20580291748047,102.43000030517578,12.005215644836426
2015-11-19,174.7796173095703,83.27198791503906,89.8004379272461,103.55999755859375,12.005215644836426
2015-11-20,175.41650390625,83.16211700439453,89.52545166015625,103.08999633789062,11.988306045532227
2015-11-23,175.21542358398438,83.27198791503906,89.8004379272461,102.26000213623047,12.081302642822266
2015-11-24,175.45001220703125,83.35044860839844,89.79303741455078,102.94000244140625,12.275754928588867
2015-11-25,175.42491149902344,83.39757537841797,90.00112915039062,102.45999908447266,12.258846282958984
2015-11-27,175.62603759765625,83.48387908935547,89.91194915771484,101.25,12.072848320007324
2015-11-30,174.89691162109375,83.51528930664062,90.2686767578125,101.91999816894531,11.996759414672852
2015-12-01,176.5646514892578,83.95948028564453,91.48800659179688,102.27999877929688,12.13202953338623
2015-12-02,174.76280212402344,83.7236557006836,91.51774597167969,100.69000244140625,11.878397941589355
2015-12-03,172.31565856933594,82.8431396484375,89.030029296875,101.76000213623047,12.013667106628418
2015-12-04,175.67626953125,83.14974975585938,89.81208038330078,104.0199966430664,11.996759414672852
2015-12-07,174.6119842529297,83.41703033447266,90.6835708618164,102.66999816894531,11.650129318237305
2015-12-08,173.4386749267578,83.4642333984375,90.72824096679688,102.83999633789062,11.590949058532715
2015-12-09,172.08938598632812,83.58993530273438,90.63142395019531,102.63999938964844,11.599404335021973
2015-12-10,172.53359985351562,83.40917205810547,90.75057983398438,102.55000305175781,11.55713176727295
2015-12-11,169.18966674804688,84.0773696899414,92.18072509765625,103.11000061035156,11.438770294189453
2015-12-14,170.04449462890625,83.4563217163086,90.98892974853516,101.79000091552734,11.362680435180664
2015-12-15,171.82957458496094,83.24407958984375,90.45268249511719,101.5199966430664,11.337319374084473
2015-12-16,174.34381103515625,83.02399444580078,90.25904846191406,102.75,11.286592483520508
2015-12-17,171.68704223632812,83.369873046875,91.27943420410156,100.5,11.168231010437012
2015-12-18,168.6284637451172,83.6685562133789,91.78589630126953,102.04000091552734,11.218957901000977
2015-12-21,170.01951599121094,83.7078857421875,91.76361846923828,103.1500015258789,11.168231010437012
2015-12-22,171.56236267089844,83.47206115722656,91.10067749023438,102.61000061035156,11.117504119873047
2015-12-23,173.6868438720703,83.28343200683594,90.41541290283203,102.30999755859375,11.320409774780273
2015-12-24,173.40020751953125,83.43611145019531,90.93341064453125,103.05000305175781,11.320409774780273
2015-12-28,173.0040283203125,83.45185852050781,91.2021255493164,102.2699966430664,11.159775733947754
2015-12-29,174.85025024414062,83.01091766357422,89.68697357177734,102.19999694824219,11.345771789550781
2015-12-30,173.6109619140625,83.04241180419922,89.59737396240234,101.41999816894531,11.235865592956543
2015-12-31,171.87429809570312,83.13692474365234,90.00039672851562,101.45999908447266,11.295045852661133
2016-01-04,169.47154235839844,83.49121856689453,90.64981079101562,102.88999938964844,11.210502624511719
2016-01-05,169.7582244873047,83.46766662597656,90.28406524658203,103.18000030517578,11.100595474243164
2016-01-06,167.6168212890625,83.97154235839844,91.50066375732422,104.66999816894531,10.923053741455078
2016-01-07,163.59542846679688,84.15264129638672,91.6648941040039,106.1500015258789,10.87232780456543
2016-01-08,161.79978942871094,84.36520385742188,92.07542419433594,105.68000030517578,10.821601867675781
2016-01-11,161.95985412597656,84.09750366210938,91.06778717041016,104.73999786376953,10.525697708129883
2016-01-12,163.2666778564453,84.47544860839844,92.38142395019531,104.20999908447266,10.458063125610352
2016-01-13,159.19468688964844,84.80615234375,93.29203796386719,104.72000122070312,10.398881912231445
2016-01-14,161.80816650390625,84.63291931152344,92.41873168945312,103.0199966430664,10.42424488067627
2016-01-15,158.33474731445312,85.0265884399414,93.85929870605469,104.08000183105469,10.204432487487793
2016-01-19,158.54551696777344,84.9163818359375,93.56819915771484,103.9800033569336,10.119889259338379
2016-01-20,156.51376342773438,85.33364868164062,94.55342864990234,105.37000274658203,10.043798446655273
2016-01-21,157.39051818847656,85.1210708618164,93.9115219116211,105.48999786376953,10.179069519042969
2016-01-22,160.61941528320312,84.93211364746094,93.55326843261719,105.0,10.483427047729492
2016-01-25,158.19142150878906,85.21554565429688,94.06084442138672,106.08000183105469,10.255158424377441
2016-01-26,160.349609375,85.27853393554688,94.10557556152344,107.29000091552734,10.458063125610352
2016-01-27,158.60452270507812,85.341552734375,94.08320617675781,107.69000244140625,10.584879875183105
2016-01-28,159.4307098388672,85.4517822265625,94.21757507324219,106.54000091552734,10.703239440917969
2016-01-29,163.31723022460938,85.90843200683594,95.01625061035156,106.94999694824219,10.804692268371582
2016-02-01,163.25819396972656,85.71051025390625,94.72530364990234,108.05000305175781,10.601787567138672
2016-02-02,160.31593322753906,86.31763458251953,96.482666015625,108.08999633789062,10.415791511535645
2016-02-03,161.2770538330078,86.22305297851562,95.68252563476562,109.25,10.677876472473145
2016-02-04,161.52996826171875,86.42805480957031,96.14611053466797,110.56999969482422,10.660967826843262
2016-02-05,158.45278930664062,86.53846740722656,96.25831604003906,112.31999969482422,10.59333324432373
2016-02-08,156.31985473632812,87.18502807617188,98.32975769042969,113.83000183105469,10.542607307434082
2016-02-09,156.32830810546875,87.20075988769531,98.43445587158203,113.58000183105469,10.272066116333008
2016-02-10,156.19338989257812,87.46099090576172,99.3019027709961,114.45999908447266,10.28897476196289
2016-02-11,154.16160583496094,87.86312103271484,99.99734497070312,119.05999755859375,10.415791511535645
2016-02-12,157.3399200439453,87.19292449951172,98.33726501464844,118.36000061035156,10.567970275878906
2016-02-16,159.99562072753906,86.93270874023438,97.29779052734375,114.7699966430664,10.44960880279541
2016-02-17,162.6090850830078,86.71976470947266,96.69950103759766,115.4800033569336,10.66942310333252
2016-02-18,161.9429931640625,87.12191009521484,97.8885726928711,118.29000091552734,10.610241889953613
2016-02-19,161.86720275878906,87.12191009521484,97.97080993652344,117.58000183105469,10.517244338989258
2016-02-22,164.21084594726562,87.03520965576172,97.9184799194336,115.48999786376953,10.677876472473145
2016-02-23,162.13690185546875,87.20870208740234,98.3147964477539,117.22000122070312,10.534152030944824
2016-02-24,162.87884521484375,87.20870208740234,98.12036895751953,117.61000061035156,10.66942310333252
2016-02-25,164.8515625,87.46888732910156,98.47181701660156,117.91999816894531,10.660967826843262
2016-02-26,164.47218322753906,87.04308319091797,97.52213287353516,117.11000061035156,10.644059181213379
2016-02-29,163.18234252929688,87.18502807617188,97.94835662841797,118.63999938964844,10.779329299926758
2016-03-01,167.01824951171875,86.5035400390625,96.22364807128906,117.7699966430664,10.787784576416016
2016-03-02,167.7686004638672,86.35352325439453,96.6207504272461,118.68000030517578,10.846963882446289
2016-03-03,168.42617797851562,86.45619201660156,96.97285461425781,120.7300033569336,10.906145095825195
2016-03-04,168.97415161132812,86.1640625,96.35101318359375,120.54000091552734,11.117504119873047
2016-03-07,169.10903930664062,85.99031829833984,96.32100677490234,121.13999938964844,11.320409774780273
2016-03-08,167.2627410888672,86.48775482177734,97.38493347167969,120.58000183105469,11.168231010437012
2016-03-09,168.0889434814453,86.1482162475586,96.79310607910156,119.58000183105469,11.337319374084473
2016-03-10,168.22384643554688,85.84027099609375,96.39598083496094,121.5,11.320409774780273
2016-03-11,170.93844604492188,85.59552001953125,95.42198944091797,119.41000366210938,11.362680435180664
2016-03-14,170.7192840576172,85.65869140625,95.72168731689453,117.87000274658203,11.26122760772705
2016-03-15,170.4410858154297,85.64289855957031,95.81156921386719,117.95999908447266,11.168231010437012
2016-03-16,171.42747497558594,86.09295654296875,96.09628295898438,120.58999633789062,11.362680435180664
2016-03-17,172.51498413085938,86.1877212524414,96.49339294433594,120.12999725341797,11.489497184753418
2016-03-18,173.19293212890625,86.3377685546875,96.69568634033203,119.80000305175781,11.481042861938477
2016-03-21,173.43865966796875,86.09295654296875,95.95391082763672,118.95999908447266,11.514860153198242
2016-03-22,173.34542846679688,85.91136169433594,95.93147277832031,119.30999755859375,11.599404335021973
2016-03-23,172.20150756835938,86.30619812011719,97.0177993774414,116.61000061035156,11.354228019714355
2016-03-24,172.12513732910156,86.21926879882812,97.05526733398438,116.33000183105469,11.286592483520508
2016-03-28,172.22686767578125,86.34565734863281,97.1827163696289,116.5999984741211,11.320409774780273
2016-03-29,173.8199920654297,86.92996978759766,98.2016830444336,118.76000213623047,11.295045852661133
2016-03-30,174.58265686035156,86.81153869628906,97.16766357421875,117.0999984741211,11.252774238586426
2016-03-31,174.15899658203125,87.1273422241211,97.85700225830078,117.63999938964844,11.235865592956543
2016-04-01,175.34535217285156,87.10209655761719,98.11224365234375,116.93000030517578,11.04141616821289
2016-04-04,174.77755737304688,87.20488739013672,98.17227172851562,116.1500015258789,10.889235496520996
2016-04-05,173.0319061279297,87.5528335571289,99.24594116210938,117.66000366210938,10.863873481750488
2016-04-06,174.921630859375,87.36300659179688,98.52517700195312,116.94000244140625,10.982234001159668
2016-04-07,172.8285369873047,87.81382751464844,99.7414321899414,118.61000061035156,10.948416709899902
2016-04-08,173.29461669921875,87.67932891845703,99.11080169677734,118.43000030517578,11.210502624511719
2016-04-11,172.88783264160156,87.6635513305664,98.98316192626953,120.02999877929688,11.295045852661133
2016-04-12,174.49789428710938,87.31560516357422,98.29991912841797,120.05000305175781,11.540223121643066
2016-04-13,176.2605438232422,87.37883758544922,98.64530944824219,118.7699966430664,11.599404335021973
2016-04-14,176.2689971923828,87.17326354980469,98.17227172851562,117.11000061035156,11.5064058303833
2016-04-15,176.07408142089844,87.43421936035156,99.01319885253906,117.91999816894531,11.464133262634277
2016-04-18,177.31129455566406,87.34722137451172,98.58521270751953,117.73999786376953,11.514860153198242
2016-04-19,177.87060546875,87.20488739013672,98.27738952636719,119.58000183105469,11.760037422180176
2016-04-20,178.04006958007812,86.76200866699219,97.19630432128906,118.97000122070312,11.988306045532227
2016-04-21,177.08250427246094,86.61964416503906,96.61814880371094,119.41999816894531,11.937579154968262
2016-04-22,177.08250427246094,86.52478790283203,96.37041473388672,117.88999938964844,11.886853218078613
2016-04-25,176.7774200439453,86.42986297607422,95.97251892089844,118.2300033569336,11.878397941589355
2016-04-26,177.0401153564453,86.24794006347656,95.53707885742188,118.69999694824219,12.030577659606934
2016-04-27,177.404541015625,86.72245788574219,96.49054718017578,119.04000091552734,12.140483856201172
2016-04-28,175.79449462890625,87.02298736572266,96.88849639892578,121.29000091552734,12.20811939239502
2016-04-29,174.8453826904297,86.99139404296875,97.1362075805664,123.6500015258789,12.326480865478516
2016-05-02,176.23507690429688,86.73869323730469,96.15824890136719,123.23999786376953,12.157393455505371
2016-05-03,174.7013397216797,87.25350189208984,97.36943054199219,122.95999908447266,11.971396446228027
2016-05-04,173.7267608642578,87.41190338134766,97.90351867675781,122.20999908447266,11.979850769042969
2016-05-05,173.69288635253906,87.6495132446289,98.55803680419922,122.06999969482422,11.861489295959473
2016-05-06,174.32839965820312,87.44359588623047,98.13677215576172,123.18000030517578,11.937579154968262
2016-05-09,174.47250366210938,87.60990905761719,98.44522094726562,120.6500015258789,11.675493240356445
2016-05-10,176.64181518554688,87.59407806396484,98.4527359008789,120.9800033569336,11.96294116973877
2016-05-11,174.9893798828125,87.72868347167969,99.00943756103516,122.12000274658203,12.241935729980469
2016-05-12,175.0402374267578,87.49111938476562,98.55803680419922,121.16000366210938,12.258846282958984
2016-05-13,173.51490783691406,87.8237533569336,99.51346588134766,121.70999908447266,12.241935729980469
2016-05-16,175.2266387939453,87.50695037841797,98.6558609008789,121.80000305175781,12.377205848693848
2016-05-17,173.59121704101562,87.38815307617188,98.82133483886719,122.22000122070312,12.47020435333252
2016-05-18,173.6420440673828,86.68325805664062,97.41455841064453,120.0999984741211,12.377205848693848
2016-05-19,173.04039001464844,86.7704086303711,97.83583068847656,119.87000274658203,12.343389511108398
2016-05-20,174.13351440429688,86.82581329345703,97.91107940673828,119.70999908447266,12.394115447998047
2016-05-23,173.8962860107422,86.88128662109375,98.12925720214844,119.37000274658203,12.326480865478516
2016-05-24,176.1503448486328,86.73869323730469,97.69292449951172,117.30000305175781,12.326480865478516
2016-05-25,177.34518432617188,86.69910430908203,97.32426452636719,116.9800033569336,12.47020435333252
2016-05-26,177.3960418701172,86.9684066772461,97.82832336425781,116.58000183105469,12.461750984191895
2016-05-27,178.15870666503906,86.80204010009766,97.68539428710938,115.62000274658203,12.512475967407227
2016-05-31,177.81976318359375,86.905029296875,97.91861724853516,116.05999755859375,12.436387062072754
2016-06-01,178.18409729003906,86.87569427490234,98.31591033935547,115.94000244140625,12.563201904296875
2016-06-02,178.7264862060547,87.14532470703125,99.02447509765625,115.66999816894531,12.588566780090332
2016-06-03,178.19259643554688,87.95441436767578,100.43413543701172,118.87999725341797,12.673110008239746
2016-06-06,179.099365234375,87.72439575195312,99.6878890991211,118.91999816894531,12.825288772583008
2016-06-07,179.3789520263672,87.85131072998047,99.9290771484375,118.81999969482422,12.952103614807129
2016-06-08,179.96368408203125,87.95441436767578,100.4643325805664,120.58000183105469,13.171916961669922
2016-06-09,179.71791076660156,88.08922576904297,101.11258697509766,121.25,13.146554946899414
2016-06-10,178.01466369628906,88.39859771728516,101.60267639160156,121.73999786376953,12.985920906066895
2016-06-13,176.64181518554688,88.57308197021484,102.05496215820312,122.63999938964844,12.985920906066895
2016-06-14,176.29440307617188,88.54927825927734,101.97953796386719,122.7699966430664,12.90137767791748
2016-06-15,176.0487060546875,88.81893157958984,102.37152862548828,123.68000030517578,12.83374309539795
2016-06-16,176.57403564453125,88.91413879394531,102.86907958984375,122.37999725341797,12.613929748535156
2016-06-17,175.91648864746094,88.61272430419922,102.228271484375,123.94999694824219,12.909832954406738
2016-06-20,177.04937744140625,88.23202514648438,101.1352767944336,123.20999908447266,13.028192520141602
2016-06-21,177.55198669433594,88.03369903564453,100.6678466796875,120.83999633789062,12.926740646362305
2016-06-22,177.2623291015625,88.20820617675781,100.83370208740234,120.9000015258789,12.850651741027832
2016-06-23,179.57077026367188,87.78783416748047,99.68031311035156,120.11000061035156,12.952103614807129
2016-06-24,173.12254333496094,89.00138854980469,102.35647583007812,126.0,12.690018653869629
2016-06-27,170.02191162109375,89.77074432373047,104.9119873046875,126.68000030517578,12.664654731750488
2016-06-28,173.08843994140625,89.75486755371094,105.13053894042969,125.31999969482422,12.867559432983398
2016-06-29,176.03570556640625,89.39000701904297,104.3239517211914,125.83999633789062,13.053555488586426
2016-06-30,178.4377899169922,89.58834838867188,104.70844268798828,126.47000122070312,12.977468490600586
2016-07-01,178.81260681152344,89.82499694824219,106.16226196289062,128.41000366210938,13.138099670410156
2016-07-05,177.52642822265625,90.3174819946289,107.49150848388672,129.47000122070312,12.766107559204102
2016-07-06,178.59120178222656,90.33338928222656,107.6651611328125,130.22999572753906,12.81683349609375
2016-07-07,178.48040771484375,90.21424102783203,107.65760803222656,129.74000549316406,12.45329475402832
2016-07-08,181.13807678222656,90.38895416259766,108.45057678222656,130.52000427246094,12.580111503601074
2016-07-11,181.7769317626953,89.9123764038086,107.49897766113281,129.2899932861328,12.52938461303711
2016-07-12,183.09727478027344,89.38020324707031,105.73175811767578,127.1500015258789,12.766107559204102
2016-07-13,183.07167053222656,89.61053466796875,106.9779052734375,128.32000732421875,12.605474472045898
2016-07-14,184.0938262939453,89.23722839355469,105.4221420288086,127.33000183105469,12.656200408935547
2016-07-15,183.8468780517578,88.89569854736328,104.5158462524414,126.83999633789062,12.622383117675781
2016-07-18,184.3409423828125,88.87188720703125,104.41768646240234,127.04000091552734,12.563201904296875
2016-07-19,184.1534881591797,89.11017608642578,105.0067367553711,127.20999908447266,12.487112998962402
2016-07-20,184.9201202392578,88.9274673461914,104.43280029296875,125.38999938964844,12.402569770812988
2016-07-21,184.22164916992188,89.12602996826172,104.64427185058594,127.30000305175781,12.33493423461914
2016-07-22,185.04788208007812,89.05457305908203,104.82553100585938,126.3499984741211,12.309572219848633
2016-07-25,184.5453338623047,88.98310089111328,104.75003051757812,125.47000122070312,12.174301147460938
2016-07-26,184.6305389404297,89.0386962890625,104.91617584228516,126.0,12.123577117919922
2016-07-27,184.4346466064453,89.41996002197266,106.22267150878906,128.02999877929688,12.005215644836426
2016-07-28,184.64759826660156,89.46757507324219,106.02635955810547,127.66000366210938,11.971396446228027
2016-07-29,184.9456787109375,89.80915832519531,106.9099349975586,128.97999572753906,12.072848320007324
2016-08-01,184.79238891601562,89.49730682373047,105.7508544921875,129.22000122070312,11.861489295959473
2016-08-02,183.60833740234375,89.28256225585938,104.66128540039062,130.27000427246094,11.844581604003906
2016-08-03,184.14501953125,89.33028411865234,104.72183990478516,129.64999389648438,12.039031028747559
2016-08-04,184.3409423828125,89.54507446289062,105.5087661743164,129.8699951171875,12.089757919311523
2016-08-05,185.84860229492188,88.98826599121094,104.41158294677734,127.55000305175781,12.140483856201172
2016-08-08,185.73789978027344,88.94056701660156,104.6082763671875,127.44000244140625,12.20811939239502
2016-08-09,185.84860229492188,89.2586898803711,105.63728332519531,127.95999908447266,12.174301147460938
2016-08-10,185.38865661621094,89.49730682373047,106.0458755493164,128.55999755859375,12.030577659606934
2016-08-11,186.2489471435547,89.06781005859375,105.10014343261719,127.66999816894531,12.216571807861328
2016-08-12,186.087158203125,89.38599395751953,105.98538208007812,127.4000015258789,12.309572219848633
2016-08-15,186.6237335205078,89.12350463867188,104.98660278320312,127.83999633789062,12.512475967407227
2016-08-16,185.66122436523438,88.97236633300781,104.70668029785156,128.47000122070312,12.613929748535156
2016-08-17,186.0104522705078,89.11556243896484,105.33465576171875,128.5,12.664654731750488
2016-08-18,186.4277801513672,89.274658203125,105.50111389160156,129.11000061035156,12.825288772583008
2016-08-19,186.1552276611328,88.97236633300781,104.94883728027344,127.97000122070312,12.783016204833984
2016-08-22,186.14678955078125,89.17121887207031,105.83402252197266,127.77999877929688,12.664654731750488
2016-08-23,186.5215606689453,89.16329193115234,105.9475326538086,127.76000213623047,12.715380668640137
2016-08-24,185.56752014160156,89.13145446777344,105.6977767944336,126.33999633789062,12.563201904296875
2016-08-25,185.4397430419922,88.98826599121094,105.2968521118164,126.2300033569336,12.613929748535156
2016-08-26,185.0904541015625,88.64625549316406,104.68397521972656,126.05000305175781,12.57165813446045
2016-08-29,186.001953125,89.01215362548828,106.0837173461914,126.30000305175781,12.520931243896484
2016-08-30,185.69529724121094,89.00418853759766,105.67514038085938,125.02999877929688,12.402569770812988
2016-08-31,185.16717529296875,88.90078735351562,105.82646942138672,124.77999877929688,12.165846824645996
2016-09-01,185.1756591796875,89.0401840209961,105.94322204589844,125.29000091552734,12.030577659606934
2016-09-02,186.0104522705078,88.80919647216797,105.07904815673828,126.56999969482422,12.165846824645996
2016-09-06,186.57260131835938,89.22337341308594,105.8446273803711,128.7100067138672,12.25039005279541
2016-09-07,186.55560302734375,89.2711410522461,105.76883697509766,128.27000427246094,12.360297203063965
2016-09-08,186.12966918945312,88.83306884765625,104.4423828125,127.58999633789062,12.580111503601074
2016-09-09,181.67466735839844,88.41094207763672,102.72180938720703,126.75,12.385660171508789
2016-09-12,184.2812957763672,88.49058532714844,102.77486419677734,126.58999633789062,12.385660171508789
2016-09-13,181.6321258544922,88.16403198242188,101.60755157470703,125.75,12.225027084350586
2016-09-14,181.56398010253906,88.36317443847656,101.75914001464844,126.18000030517578,12.13202953338623
2016-09-15,183.37832641601562,88.38709259033203,101.31951141357422,125.37000274658203,12.191210746765137
2016-09-16,182.66943359375,88.48262786865234,102.13813018798828,125.05999755859375,12.20811939239502
2016-09-19,182.70372009277344,88.33130645751953,101.80464935302734,125.31999969482422,12.199664115905762
2016-09-20,182.71229553222656,88.46671295166016,102.160888671875,125.44000244140625,12.241935729980469
2016-09-21,184.76698303222656,88.61006927490234,102.98703002929688,127.2699966430664,12.394115447998047
2016-09-22,185.93125915527344,88.87291717529297,103.80569458007812,127.56999969482422,12.461750984191895
2016-09-23,184.91244506835938,88.9127197265625,103.70716857910156,127.6500015258789,12.318024635314941
2016-09-26,183.41432189941406,89.16759490966797,104.36660766601562,127.55000305175781,12.402569770812988
2016-09-27,184.55296325683594,89.31895446777344,105.13217163085938,126.62000274658203,12.284208297729492
2016-09-28,185.46896362304688,89.27919006347656,104.90477752685547,126.22000122070312,12.57165813446045
2016-09-29,183.79095458984375,89.33485412597656,105.17008209228516,126.06999969482422,12.647747039794922
2016-09-30,185.1778564453125,89.11188507080078,104.23014831542969,125.63999938964844,12.690018653869629
2016-10-03,184.73272705078125,88.90451049804688,103.88617706298828,125.31999969482422,12.799924850463867
2016-10-04,183.79095458984375,88.4977035522461,102.67121887207031,120.97000122070312,12.766107559204102
2016-10-05,184.60430908203125,88.29833984375,102.19286346435547,120.77999877929688,12.84219741821289
2016-10-06,184.73272705078125,88.11492156982422,101.62333679199219,119.66000366210938,12.867559432983398
2016-10-07,184.09918212890625,88.24253845214844,101.6916732788086,119.73999786376953,12.83374309539795
2016-10-10,185.05804443359375,88.01123046875,101.0917739868164,120.16000366210938,12.977468490600586
2016-10-11,182.72079467773438,87.98728942871094,100.8639907836914,119.55000305175781,12.90137767791748
2016-10-12,182.96055603027344,87.98728942871094,100.96269226074219,119.73999786376953,12.808379173278809
2016-10-13,182.36123657226562,88.1707763671875,101.34239196777344,120.02999877929688,12.892923355102539
2016-10-14,182.4554443359375,87.89957427978516,99.92239379882812,119.36000061035156,12.90137767791748
2016-10-17,181.82191467285156,88.09095764160156,100.56021118164062,119.68000030517578,12.918285369873047
2016-10-18,182.96055603027344,88.26644897460938,100.8867416381836,120.41999816894531,12.943649291992188
2016-10-19,183.44854736328125,88.30632019042969,100.97029113769531,121.11000061035156,13.028192520141602
2016-10-20,183.1061248779297,88.2265396118164,101.07656860351562,120.73999786376953,12.909832954406738
2016-10-21,183.19174194335938,88.32228088378906,101.22848510742188,120.83000183105469,12.960558891296387
2016-10-24,183.9707794189453,88.20262145996094,100.78803253173828,120.55999755859375,12.969012260437012
2016-10-25,183.35433959960938,88.18669128417969,101.05378723144531,121.47000122070312,12.909832954406738
2016-10-26,182.98626708984375,87.99529266357422,100.3703842163086,120.79000091552734,12.825288772583008
2016-10-27,182.498291015625,87.6922378540039,99.27691650390625,121.01000213623047,12.90137767791748
2016-10-28,181.95892333984375,87.70813751220703,99.0567398071289,121.58000183105469,12.81683349609375
2016-10-31,181.96749877929688,87.77991485595703,99.66425323486328,121.94000244140625,12.647747039794922
2016-11-01,180.6490478515625,87.78313446044922,99.67180633544922,122.7300033569336,12.706928253173828
2016-11-02,179.561767578125,88.04673767089844,100.10549926757812,123.63999938964844,12.554749488830566
2016-11-03,178.73985290527344,87.99079895019531,99.33707427978516,124.30000305175781,12.512475967407227
2016-11-04,178.54296875,88.26236724853516,100.22720336914062,124.38999938964844,12.427932739257812
2016-11-07,182.4810791015625,87.89497375488281,99.3751449584961,122.1500015258789,12.478658676147461
2016-11-08,183.30299377441406,87.58346557617188,98.97191619873047,121.63999938964844,12.461750984191895
2016-11-09,185.24636840820312,86.2496566772461,94.77227783203125,121.55999755859375,12.520931243896484
2016-11-10,185.70867919921875,85.73052978515625,93.37245178222656,119.75,12.419477462768555
2016-11-11,185.28062438964844,85.55479431152344,92.84748840332031,117.0999984741211,12.182756423950195
2016-11-14,185.4261932373047,85.05962371826172,92.29210662841797,116.11000061035156,12.157393455505371
2016-11-15,186.873046875,85.05962371826172,92.74858093261719,117.12000274658203,12.427932739257812
2016-11-16,186.52200317382812,85.13949584960938,93.58544158935547,116.7699966430664,12.275754928588867
2016-11-17,187.48085021972656,84.76412200927734,92.2083969116211,116.16999816894531,12.301116943359375
2016-11-18,187.0613555908203,84.38873291015625,91.942138671875,115.1500015258789,12.402569770812988
2016-11-21,188.4739532470703,84.46060943603516,92.17039489746094,115.58000183105469,12.749198913574219
2016-11-22,188.842041015625,84.54048919677734,92.13996124267578,115.54000091552734,12.732291221618652
2016-11-23,188.94483947753906,84.23699188232422,91.78236389160156,113.25,12.783016204833984
2016-11-25,189.6468505859375,84.16512298583984,91.91928100585938,112.61000061035156,12.690018653869629
2016-11-28,188.75643920898438,84.5484619140625,92.59642028808594,113.80000305175781,12.732291221618652
2016-11-29,189.1245574951172,84.63629913330078,92.98443603515625,113.2699966430664,12.478658676147461
2016-11-30,188.67086791992188,84.06927490234375,91.47807312011719,111.75,12.85910701751709
2016-12-01,187.97743225097656,83.74850463867188,90.51216888427734,111.54000091552734,13.09582805633545
2016-12-02,188.0715789794922,84.12447357177734,91.1753921508789,112.13999938964844,13.188826560974121
2016-12-05,189.20169067382812,84.09247589111328,91.07628631591797,111.54000091552734,13.256462097167969
2016-12-06,189.8009033203125,84.12447357177734,91.00767517089844,111.43000030517578,13.197280883789062
2016-12-07,192.28367614746094,84.40438079833984,91.78527069091797,111.83000183105469,13.09582805633545
2016-12-08,192.75450134277344,84.08441162109375,90.70278930664062,111.56999969482422,13.12119197845459
2016-12-09,193.91880798339844,83.6525650024414,89.57450866699219,110.4000015258789,13.188826560974121
2016-12-12,193.69625854492188,83.66851043701172,89.74220275878906,110.81999969482422,13.273369789123535
2016-12-13,194.98898315429688,83.71653747558594,90.06241607666016,110.44999694824219,13.307188034057617
2016-12-14,193.37948608398438,83.02069854736328,89.05612182617188,108.83000183105469,13.18037223815918
2016-12-15,194.17567443847656,82.78875732421875,89.50591278076172,107.33999633789062,13.163463592529297
2016-12-16,193.79588317871094,82.8927230834961,89.30007934570312,108.05000305175781,13.222644805908203
2016-12-19,194.2178955078125,83.27665710449219,90.26056671142578,108.58999633789062,13.146554946899414
2016-12-20,194.96710205078125,83.10064697265625,89.81084442138672,107.79000091552734,13.205733299255371
2016-12-21,194.424560546875,83.23665618896484,90.20726013183594,107.8499984741211,13.129646301269531
2016-12-22,194.08872985839844,83.20063781738281,90.04597473144531,107.58999633789062,13.112737655639648
2016-12-23,194.3728790283203,83.28067779541016,90.2293930053711,107.93000030517578,13.138099670410156
2016-12-27,194.85511779785156,83.16055297851562,89.93896484375,108.55999755859375,13.341005325317383
2016-12-28,193.2447509765625,83.46495056152344,90.59628295898438,108.86000061035156,13.349459648132324
2016-12-29,193.20167541503906,83.72132873535156,90.91728973388672,110.29000091552734,13.366368293762207
2016-12-30,192.4955596923828,83.96965026855469,91.0549087524414,109.61000061035156,13.391732215881348
2017-01-03,193.9681854248047,83.92959594726562,91.44471740722656,110.47000122070312,13.231096267700195
2017-01-04,195.12210083007812,84.02572631835938,91.79631042480469,110.86000061035156,13.332551002502441
2017-01-05,194.96710205078125,84.57044982910156,93.2332763671875,112.58000183105469,13.400187492370605
2017-01-06,195.6646728515625,84.18589782714844,92.37715911865234,111.75,13.383277893066406
2017-01-09,195.01881408691406,84.50637817382812,93.11857604980469,112.66999816894531,13.18037223815918
2017-01-10,195.01881408691406,84.4663314819336,93.05744171142578,113.1500015258789,13.12119197845459
2017-01-11,195.56991577148438,84.56245422363281,93.37081146240234,113.5,13.264915466308594
2017-01-12,195.0790557861328,84.61053466796875,93.16442108154297,113.91000366210938,13.459367752075195
2017-01-13,195.52684020996094,84.42625427246094,92.72112274169922,114.20999908447266,13.434003829956055
2017-01-17,194.83792114257812,84.85082244873047,93.69181060791016,115.8499984741211,13.42555046081543
2017-01-18,195.26852416992188,84.25003051757812,92.4918212890625,114.87000274658203,13.307188034057617
2017-01-19,194.54515075683594,83.92959594726562,91.8574447631836,114.7699966430664,13.264915466308594
2017-01-20,195.25987243652344,83.96965026855469,91.67398834228516,115.05000305175781,13.417094230651855
2017-01-23,194.75181579589844,84.41027069091797,92.59119415283203,115.79000091552734,13.417094230651855
2017-01-24,196.00047302246094,84.08980560302734,91.95677185058594,115.2699966430664,13.450912475585938
2017-01-25,197.6969757080078,83.6732177734375,90.80265045166016,114.31999969482422,13.366368293762207
2017-01-26,197.4902801513672,83.78543090820312,91.1083755493164,113.26000213623047,13.42555046081543
2017-01-27,197.18023681640625,83.88957214355469,91.43707275390625,113.48999786376953,13.315643310546875
2017-01-30,195.95741271972656,83.86551666259766,91.16192626953125,113.97000122070312,13.23955249786377
2017-01-31,195.94021606445312,84.15388488769531,91.79631042480469,115.55000305175781,13.315643310546875
2017-02-01,196.0177459716797,83.99262237548828,91.22871398925781,115.19999694824219,13.459367752075195
2017-02-02,196.14686584472656,84.0247573852539,91.1904067993164,115.83999633789062,13.459367752075195
2017-02-03,197.49891662597656,84.08892822265625,91.15213012695312,116.12999725341797,13.450912475585938
2017-02-06,197.14585876464844,84.49004364013672,91.7035903930664,117.69999694824219,13.366368293762207
2017-02-07,197.1544647216797,84.64252471923828,92.37769317626953,117.45999908447266,13.307188034057617
2017-02-08,197.4127960205078,84.98748779296875,93.63386535644531,118.19000244140625,13.357913970947266
2017-02-09,198.58395385742188,84.48201751708984,92.55387878417969,117.29000091552734,13.42555046081543
2017-02-10,199.36766052246094,84.4259033203125,92.50023651123047,117.5999984741211,13.5692720413208
2017-02-13,200.45266723632812,84.29749298095703,92.20915985107422,116.80000305175781,13.417094230651855
2017-02-14,201.25357055664062,83.99262237548828,91.54273986816406,116.93000030517578,13.434003829956055
2017-02-15,202.3041534423828,83.83213806152344,91.12142944335938,117.44999694824219,13.450912475585938
2017-02-16,202.13198852539062,84.16915893554688,91.61937713623047,118.08000183105469,13.366368293762207
2017-02-17,202.45059204101562,84.393798828125,92.16316223144531,117.68000030517578,13.341005325317383
2017-02-21,203.65621948242188,84.35365295410156,92.0023422241211,117.75,13.3240966796875
2017-02-22,203.47540283203125,84.49004364013672,92.15553283691406,117.91000366210938,13.256462097167969
2017-02-23,203.61318969726562,84.71471405029297,92.4312973022461,118.94000244140625,13.29873275756836
2017-02-24,203.8715057373047,85.10782623291016,93.45771789550781,119.69999694824219,13.273369789123535
2017-02-27,204.19015502929688,84.80293273925781,92.90618133544922,119.12000274658203,13.23955249786377
2017-02-28,203.63900756835938,84.76280975341797,93.25093078613281,119.2300033569336,13.290278434753418
2017-03-01,206.4894561767578,84.17234802246094,91.68834686279297,119.05999755859375,13.349459648132324
2017-03-02,205.1890869140625,83.9312973022461,91.35832214355469,117.58000183105469,13.138099670410156
2017-03-03,205.3182830810547,84.01163482666016,91.59625244140625,117.51000213623047,13.205733299255371
2017-03-06,204.7068328857422,83.99556732177734,91.15880584716797,116.72000122070312,13.188826560974121
2017-03-07,204.0953826904297,83.8750991821289,90.88248443603516,115.77999877929688,13.129646301269531
2017-03-08,203.71649169921875,83.59392547607422,90.39137268066406,115.05999755859375,12.83374309539795
2017-03-09,203.97483825683594,83.36087036132812,89.66991424560547,114.47000122070312,12.723836898803711
2017-03-10,204.6896209716797,83.53764343261719,89.98455810546875,114.72000122070312,12.605474472045898
2017-03-13,204.79295349121094,83.32881164550781,89.41665649414062,114.73999786376953,12.588566780090332
2017-03-14,204.00924682617188,83.41716003417969,89.8464584350586,114.12000274658203,12.53783893585205
2017-03-15,205.77467346191406,84.14823150634766,90.94390106201172,116.25,12.647747039794922
2017-03-16,205.3699493408203,83.91522979736328,90.48341369628906,116.7300033569336,12.630836486816406
2017-03-17,205.00921630859375,84.14022064208984,91.05137634277344,116.98999786376953,12.673110008239746
2017-03-20,204.78440856933594,84.3410415649414,91.44276428222656,117.51000213623047,12.664654731750488
2017-03-21,202.15505981445312,84.62226104736328,92.20252990722656,118.54000091552734,12.597020149230957
2017-03-22,202.6307830810547,84.78295135498047,92.57090759277344,118.83000183105469,12.588566780090332
2017-03-23,202.41455078125,84.69456481933594,92.4404525756836,118.66999816894531,12.563201904296875
2017-03-24,202.2675018310547,84.74272918701172,92.77045440673828,118.86000061035156,12.605474472045898
2017-03-27,202.05990600585938,84.95166015625,93.19255065917969,119.52999877929688,12.588566780090332
2017-03-28,203.5302734375,84.66241455078125,92.57090759277344,119.04000091552734,12.664654731750488
2017-03-29,203.72055053710938,84.9034423828125,93.12347412109375,119.33000183105469,12.783016204833984
2017-03-30,204.3692169189453,84.66241455078125,92.37139892578125,118.47000122070312,12.83374309539795
2017-03-31,203.89353942871094,84.83113098144531,92.63998413085938,118.72000122070312,12.85910701751709
2017-04-03,203.53890991210938,85.24873352050781,93.57439422607422,119.3499984741211,12.808379173278809
2017-04-04,203.6686248779297,85.1280517578125,93.06684112548828,119.62000274658203,12.935194969177246
2017-04-05,203.063232421875,85.28893280029297,93.35135650634766,119.62000274658203,12.960558891296387
2017-04-06,203.63409423828125,85.2326431274414,93.21300506591797,119.18000030517578,12.994376182556152
2017-04-07,203.426513671875,84.97513580322266,92.83611297607422,119.45999908447266,13.028192520141602
2017-04-10,203.5475311279297,85.1280517578125,93.26676940917969,119.45999908447266,13.129646301269531
2017-04-11,203.305419921875,85.52227783203125,94.15127563476562,121.19000244140625,13.155009269714355
2017-04-12,202.41455078125,85.78783416748047,94.66654205322266,122.0199966430664,13.155009269714355
2017-04-13,201.0998992919922,86.04524993896484,94.95877075195312,122.5999984741211,13.197280883789062
2017-04-17,202.88157653808594,85.90850067138672,94.66654205322266,122.23999786376953,13.12119197845459
2017-04-18,202.27613830566406,86.3992919921875,95.90475463867188,122.81999969482422,13.070465087890625
2017-04-19,201.90426635742188,86.17401123046875,95.38172912597656,121.7300033569336,12.84219741821289
2017-04-20,203.5475311279297,85.98096466064453,95.01266479492188,121.95999908447266,12.791471481323242
2017-04-21,202.89886474609375,86.02117156982422,95.01266479492188,122.30999755859375,12.664654731750488
2017-04-24,205.13034057617188,85.84413146972656,94.54345703125,121.4800033569336,12.622383117675781
2017-04-25,206.3238983154297,85.401611328125,93.40525817871094,120.25,12.681563377380371
2017-04-26,206.1941680908203,85.62686920166016,93.92052459716797,120.83999633789062,12.613929748535156
2017-04-27,206.36717224121094,85.6832046508789,93.8897933959961,120.38999938964844,12.546295166015625
2017-04-28,205.91741943359375,85.77172088623047,94.09738159179688,120.7699966430664,12.512475967407227
2017-05-01,206.43630981445312,85.58639526367188,93.315185546875,119.66999816894531,12.53783893585205
2017-05-02,206.51422119140625,85.76365661621094,93.7929916381836,119.6500015258789,12.402569770812988
2017-05-03,206.26339721679688,85.58639526367188,93.85464477539062,117.9800033569336,12.351841926574707
2017-05-04,206.5054931640625,85.39299011230469,93.39224243164062,116.79000091552734,12.055941581726074
2017-05-05,207.31857299804688,85.40913391113281,93.47696685791016,117.01000213623047,12.225027084350586
2017-05-08,207.2839813232422,85.19962310791016,92.96834564208984,116.75,12.174301147460938
2017-05-09,207.0937042236328,85.1028823852539,92.96065521240234,116.05000305175781,12.115119934082031
2017-05-10,207.46559143066406,85.07066345214844,92.85272979736328,116.04000091552734,12.309572219848633
2017-05-11,207.0417938232422,85.13511657714844,92.85272979736328,116.5,12.360297203063965
2017-05-12,206.69578552246094,85.57028198242188,93.55406188964844,116.83000183105469,12.360297203063965
2017-05-15,207.8375244140625,85.51387786865234,93.29972839355469,117.13999938964844,12.427932739257812
2017-05-16,207.64727783203125,85.626708984375,93.64653015136719,117.6500015258789,12.444841384887695
2017-05-17,203.96273803710938,86.31166076660156,95.01065826416016,119.79000091552734,12.52938461303711
2017-05-18,204.78440856933594,86.28746795654297,95.11856842041016,118.80999755859375,12.49556827545166
2017-05-19,206.1163787841797,86.26326751708984,95.34207916259766,119.4000015258789,12.740744590759277
2017-05-22,207.162841796875,86.16658782958984,95.08002471923828,119.9000015258789,12.825288772583008
2017-05-23,207.62130737304688,85.9409408569336,94.44036865234375,119.13999938964844,12.783016204833984
2017-05-24,208.1056365966797,86.11820983886719,94.9721450805664,119.61000061035156,12.757654190063477
2017-05-25,209.10028076171875,86.16658782958984,95.00299835205078,119.4800033569336,12.478658676147461
2017-05-26,209.05703735351562,86.22300720214844,95.16478729248047,120.54000091552734,12.57165813446045
2017-05-30,208.8753662109375,86.4405746459961,95.6349105834961,120.13999938964844,12.47020435333252
2017-05-31,208.82351684570312,86.48085021972656,95.87386322021484,120.62000274658203,12.33493423461914
2017-06-01,210.48414611816406,86.43565368652344,95.88390350341797,120.72000122070312,12.25039005279541
2017-06-02,211.1846923828125,86.81498718261719,97.01920318603516,121.61000061035156,12.191210746765137
2017-06-05,211.02902221679688,86.66970825195312,96.41676330566406,121.7300033569336,12.123577117919922
2017-06-06,210.35443115234375,86.944091796875,96.94195556640625,123.0999984741211,12.20811939239502
2017-06-07,210.74362182617188,86.78270721435547,96.47857666015625,122.44999694824219,12.039031028747559
2017-06-08,210.84738159179688,86.64551544189453,96.22370910644531,121.6500015258789,12.039031028747559
2017-06-09,210.52735900878906,86.56474304199219,96.07698822021484,120.54000091552734,12.10666561126709
2017-06-12,210.48414611816406,86.54866027832031,96.0461196899414,120.36000061035156,11.996759414672852
2017-06-13,211.513427734375,86.5809326171875,96.0615234375,120.4800033569336,12.0474853515625
2017-06-14,211.24525451660156,87.03288269042969,97.54440307617188,119.81999969482422,11.836125373840332
2017-06-15,210.83877563476562,86.87953186035156,97.38990020751953,119.31999969482422,11.886853218078613
2017-06-16,210.8848419189453,86.92794799804688,97.5829849243164,119.33999633789062,11.937579154968262
2017-06-19,212.6404571533203,86.68585205078125,97.44397735595703,118.43000030517578,11.861489295959473
2017-06-20,211.2064208984375,86.90372467041016,98.31674194335938,118.18000030517578,11.743128776550293
2017-06-21,211.15420532226562,86.89566802978516,98.51748657226562,118.5199966430664,11.616311073303223
2017-06-22,211.0586700439453,86.97637176513672,98.7337646484375,118.91999816894531,11.633220672607422
2017-06-23,211.31068420410156,87.00059509277344,98.68739318847656,119.43000030517578,11.68394660949707
2017-06-26,211.44972229003906,87.0732421875,99.05816650390625,118.36000061035156,11.709311485290527
2017-06-27,209.74624633789062,86.64551544189453,98.00006866455078,118.80999755859375,11.844581604003906
2017-06-28,211.6235809326172,86.56474304199219,97.67571258544922,118.9000015258789,11.920671463012695
2017-06-29,209.763671875,86.24199676513672,96.85704040527344,118.31999969482422,11.971396446228027
2017-06-30,210.15472412109375,86.04019165039062,96.63301086425781,118.0199966430664,12.216571807861328
2017-07-03,210.51109313964844,85.72415924072266,96.32192993164062,116.08999633789062,12.343389511108398
2017-07-05,210.99777221679688,85.78882598876953,96.34514617919922,116.5199966430664,12.157393455505371
2017-07-06,209.06834411621094,85.62718963623047,95.54801940917969,116.47000122070312,12.165846824645996
2017-07-07,210.42417907714844,85.48977661132812,94.9753189086914,115.27999877929688,12.0474853515625
2017-07-10,210.65013122558594,85.6029281616211,95.11460876464844,115.47000122070312,12.098212242126465
2017-07-11,210.4936981201172,85.71609497070312,95.27715301513672,115.62000274658203,12.216571807861328
2017-07-12,212.07545471191406,85.96666717529297,95.93495178222656,116.02999877929688,12.157393455505371
2017-07-13,212.4318389892578,85.87770080566406,95.3312759399414,115.81999969482422,12.148938179016113
2017-07-14,213.42266845703125,85.99899291992188,95.44734191894531,116.7699966430664,12.284208297729492
2017-07-17,213.39659118652344,86.10408020019531,95.71057891845703,117.29000091552734,12.241935729980469
2017-07-18,213.50958251953125,86.4192886352539,96.5463638305664,118.11000061035156,12.292662620544434
2017-07-19,214.66551208496094,86.4192886352539,96.58502197265625,118.08000183105469,12.402569770812988
2017-07-20,214.7611541748047,86.44348907470703,96.86370849609375,118.23999786376953,12.385660171508789
2017-07-21,214.56993103027344,86.5970687866211,97.27384948730469,119.26000213623047,12.216571807861328
2017-07-24,214.51779174804688,86.54048919677734,96.89462280273438,119.30999755859375,12.241935729980469
2017-07-25,215.0392303466797,86.05559539794922,95.63311767578125,118.91999816894531,12.377205848693848
2017-07-26,215.04791259765625,86.3303451538086,95.7879409790039,119.87999725341797,12.49556827545166
2017-07-27,214.8480224609375,86.19293975830078,95.31583404541016,119.79000091552734,12.57165813446045
2017-07-28,214.59597778320312,86.33840942382812,95.88076782226562,120.69000244140625,12.63929271697998
2017-07-31,214.47430419921875,86.36265563964844,95.99685668945312,120.75,12.715380668640137
2017-08-01,214.95236206054688,86.57718658447266,96.6708984375,120.6500015258789,12.57165813446045
2017-08-02,215.056640625,86.49622344970703,96.72515869140625,120.4000015258789,12.597020149230957
2017-08-03,214.63941955566406,86.7957992553711,97.72572326660156,120.58999633789062,12.504021644592285
2017-08-04,215.0305633544922,86.56103515625,96.89583587646484,119.6500015258789,12.52938461303711
2017-08-07,215.43031311035156,86.6095962524414,97.0044174194336,119.51000213623047,12.554749488830566
2017-08-08,214.90017700195312,86.53671264648438,96.65538787841797,119.86000061035156,12.563201904296875
2017-08-09,214.89149475097656,86.64199829101562,97.18281555175781,121.30999755859375,12.647747039794922
2017-08-10,211.85821533203125,86.96575164794922,98.01266479492188,122.20999908447266,12.45329475402832
2017-08-11,212.17112731933594,87.06294250488281,98.05925750732422,122.79000091552734,12.49556827545166
2017-08-14,214.2744140625,86.85245513916016,97.5550537109375,121.91999816894531,12.385660171508789
2017-08-15,214.24832153320312,86.5934066772461,97.1440200805664,120.9800033569336,12.326480865478516
2017-08-16,214.6220245361328,86.75528717041016,97.50080108642578,121.87000274658203,12.292662620544434
2017-08-17,211.27590942382812,87.06294250488281,98.22980499267578,122.48999786376953,12.326480865478516
2017-08-18,210.94561767578125,87.07911682128906,98.20655822753906,122.30000305175781,12.546295166015625
2017-08-21,211.11080932617188,87.13577270507812,98.44705200195312,122.76000213623047,12.394115447998047
2017-08-22,213.31837463378906,86.96575164794922,98.06695556640625,122.20999908447266,12.427932739257812
2017-08-23,212.55357360839844,87.26533508300781,98.73401641845703,122.66999816894531,12.53783893585205
2017-08-24,212.05813598632812,87.12767028808594,98.36945343017578,122.29000091552734,12.52938461303711
2017-08-25,212.55357360839844,87.27337646484375,98.74950408935547,122.73999786376953,12.504021644592285
2017-08-28,212.56222534179688,87.35433959960938,98.68741607666016,124.69000244140625,12.512475967407227
2017-08-29,212.80557250976562,87.55668640136719,99.00540924072266,124.41999816894531,12.512475967407227
2017-08-30,213.8137664794922,87.48381805419922,98.97441864013672,124.36000061035156,12.419477462768555
2017-08-31,215.10008239746094,87.62146759033203,99.26913452148438,125.81999969482422,12.766107559204102
2017-09-01,215.40428161621094,87.36365509033203,98.50984954833984,126.05999755859375,12.783016204833984
2017-09-05,213.85720825195312,87.97168731689453,100.07195281982422,127.45999908447266,12.808379173278809
2017-09-06,214.5872802734375,87.76094818115234,99.45802307128906,126.80999755859375,12.935194969177246
2017-09-07,214.5612335205078,88.14202880859375,100.47608947753906,128.1300048828125,12.926740646362305
2017-09-08,214.3091583251953,88.07714080810547,100.258544921875,127.97000122070312,12.783016204833984
2017-09-11,216.59498596191406,87.57442474365234,99.0616226196289,126.19000244140625,12.808379173278809
2017-09-12,217.32510375976562,87.36365509033203,98.5408935546875,126.55999755859375,12.84219741821289
2017-09-13,217.42933654785156,87.18531799316406,98.1523208618164,125.61000061035156,12.90137767791748
2017-09-14,217.3597869873047,87.20153045654297,98.55644226074219,126.16000366210938,12.909832954406738
2017-09-15,217.65240478515625,87.30693054199219,98.59529113769531,125.52999877929688,12.969012260437012
2017-09-18,218.11529541015625,86.96639251708984,98.0279541015625,124.36000061035156,12.952103614807129
2017-09-19,218.33367919921875,86.86914825439453,97.78701782226562,124.62000274658203,12.926740646362305
2017-09-20,218.41229248046875,86.69886779785156,97.85696411132812,123.62000274658203,13.03664779663086
2017-09-21,217.82708740234375,86.58538055419922,97.80258178710938,122.68000030517578,12.985920906066895
2017-09-22,217.87078857421875,86.73942565917969,98.08240509033203,123.23999786376953,13.03664779663086
2017-09-25,217.42526245117188,86.9988784790039,98.69637298583984,124.52999877929688,13.256462097167969
2017-09-26,217.55630493164062,86.92589569091797,98.51757049560547,123.13999938964844,13.138099670410156
2017-09-27,218.40362548828125,86.4800033569336,97.03313446044922,121.9800033569336,13.087372779846191
2017-09-28,218.66558837890625,86.46378326416016,96.7455825805664,122.20999908447266,13.087372779846191
2017-09-29,219.4342041015625,86.35838317871094,96.96320343017578,121.58000183105469,13.019739151000977
2017-10-02,220.3863067626953,86.26012420654297,96.78565216064453,120.7699966430664,12.909832954406738
2017-10-03,220.85787963867188,86.38190460205078,96.87909698486328,120.83000183105469,12.918285369873047
2017-10-04,221.11996459960938,86.35755920410156,96.88689422607422,121.16999816894531,12.935194969177246
2017-10-05,222.4301300048828,86.26820373535156,96.5208511352539,120.5199966430664,13.078919410705566
2017-10-06,222.17681884765625,86.16268157958984,96.24830627441406,121.08999633789062,12.876014709472656
2017-10-09,221.80999755859375,86.26012420654297,96.55201721191406,122.08000183105469,12.884469032287598
2017-10-10,222.39517211914062,86.2925796508789,96.70777893066406,122.4000015258789,13.03664779663086
2017-10-11,222.7445831298828,86.39002990722656,96.89466094970703,122.79000091552734,13.062010765075684
2017-10-12,222.41265869140625,86.47127532958984,97.30744171142578,122.88999938964844,13.045103073120117
2017-10-13,222.6834259033203,86.76356506347656,98.00830078125,123.81999969482422,13.171916961669922
2017-10-16,222.98036193847656,86.61738586425781,97.93820190429688,122.97000122070312,13.205733299255371
2017-10-17,223.1376190185547,86.58487701416016,98.06283569335938,122.12999725341797,13.188826560974121
2017-10-18,223.35597229003906,86.3656997680664,97.41646575927734,121.66999816894531,13.18037223815918
2017-10-19,223.4171142578125,86.4549789428711,97.5877685546875,122.38999938964844,13.12119197845459
2017-10-20,224.57003784179688,86.0977554321289,96.55201721191406,121.61000061035156,13.188826560974121
2017-10-23,223.69656372070312,86.17894744873047,96.72335815429688,121.80000305175781,13.188826560974121
2017-10-24,224.08969116210938,85.91910552978516,96.12369537353516,121.33000183105469,13.3240966796875
2017-10-25,222.98036193847656,85.78105163574219,95.66422271728516,121.3499984741211,13.341005325317383
2017-10-26,223.26856994628906,85.66742706298828,95.3449478149414,120.33000183105469,13.400187492370605
2017-10-27,225.09410095214844,85.94349670410156,95.97570037841797,120.9000015258789,13.46782112121582
2017-10-30,224.25563049316406,86.25198364257812,96.89466094970703,121.12999725341797,13.501638412475586
2017-10-31,224.60499572753906,86.1951904296875,96.92582702636719,120.66999816894531,13.535456657409668
2017-11-01,224.9019317626953,86.2472152709961,97.35739135742188,121.11000061035156,13.54391098022461
2017-11-02,224.9892578125,86.36107635498047,97.78661346435547,121.19000244140625,13.62845516204834
2017-11-03,225.74049377441406,86.49931335449219,98.05193328857422,120.62000274658203,13.712998390197754
2017-11-06,226.08984375,86.60507202148438,98.41874694824219,121.6500015258789,13.97508430480957
2017-11-07,225.93264770507812,86.63755798339844,98.83236694335938,121.20999908447266,13.890542030334473
2017-11-08,226.31690979003906,86.53181457519531,98.61383056640625,121.62999725341797,13.865177154541016
2017-11-09,225.49591064453125,86.49931335449219,98.3328857421875,122.12999725341797,13.890542030334473
2017-11-10,225.42601013183594,86.06018829345703,96.8501205444336,121.12999725341797,13.865177154541016
2017-11-13,225.63565063476562,86.01954650878906,97.05305480957031,121.30999755859375,13.822905540466309
2017-11-14,225.11163330078125,86.14149475097656,97.70857238769531,121.55999755859375,13.636907577514648
2017-11-15,223.98484802246094,86.45051574707031,98.76991271972656,121.41000366210938,13.619999885559082
2017-11-16,225.88893127441406,86.23097229003906,97.9114990234375,121.4000015258789,13.577728271484375
2017-11-17,225.22512817382812,86.3448257446289,98.63724517822266,122.86000061035156,13.797541618347168
2017-11-20,225.60948181152344,86.2065658569336,98.5982894897461,121.30999755859375,13.68763542175293
2017-11-21,227.0855712890625,86.22281646728516,98.9104232788086,121.51000213623047,13.780632019042969
2017-11-22,226.8846435546875,86.49931335449219,99.23036193847656,122.62999725341797,13.856719970703125
2017-11-24,227.40872192382812,86.42609405517578,98.9572525024414,122.31999969482422,13.898995399475098
2017-11-27,227.29518127441406,86.48300170898438,98.81681060791016,122.83000183105469,13.873631477355957
2017-11-28,229.60107421875,86.49931335449219,98.94947052001953,122.80999755859375,13.814449310302734
2017-11-29,229.46131896972656,86.22281646728516,97.97393798828125,122.04000091552734,13.721451759338379
2017-11-30,231.47019958496094,85.95448303222656,97.64612579345703,121.0999984741211,13.662272453308105
2017-12-01,230.98983764648438,86.27210235595703,98.96385955810547,121.58999633789062,13.780632019042969
2017-12-04,230.71041870117188,86.23135375976562,99.01077270507812,121.18000030517578,13.61154556274414
2017-12-05,229.88059997558594,86.29652404785156,99.50341033935547,120.31999969482422,13.61154556274414
2017-12-06,229.92422485351562,86.47571563720703,99.84754943847656,120.06999969482422,13.383277893066406
2017-12-07,230.64920043945312,86.32096099853516,99.06546783447266,118.48999786376953,13.42555046081543
2017-12-08,231.906982421875,86.25579071044922,99.07331848144531,118.4800033569336,13.493184089660645
2017-12-11,232.60574340820312,86.19879913330078,98.86998748779297,118.01000213623047,13.527002334594727
2017-12-12,233.01620483398438,86.12548065185547,98.8309097290039,118.1500015258789,13.40864086151123
2017-12-13,232.99000549316406,86.47571563720703,99.57381439208984,119.16999816894531,13.349459648132324
2017-12-14,232.03797912597656,86.443115234375,99.99610137939453,118.93000030517578,13.391732215881348
2017-12-15,233.97023010253906,86.42686462402344,100.3714599609375,119.18000030517578,13.391732215881348
2017-12-18,235.45391845703125,86.23135375976562,99.45653533935547,119.7300033569336,13.450912475585938
2017-12-19,234.54966735839844,85.84046173095703,98.16619110107422,119.81999969482422,13.55236530303955
2017-12-20,234.42674255371094,85.58796691894531,97.07918548583984,120.13999938964844,13.62845516204834
2017-12-21,234.9095916748047,85.64832305908203,97.64501190185547,120.30999755859375,13.636907577514648
2017-12-22,234.84814453125,85.68097686767578,97.7782211303711,120.94000244140625,13.696089744567871
2017-12-26,234.5672149658203,85.71356964111328,98.06822204589844,121.7699966430664,13.898995399475098
2017-12-27,234.68138122558594,86.08065032958984,99.34555053710938,122.2300033569336,13.93281078338623
2017-12-28,235.1642303466797,85.9746322631836,99.25936126708984,122.8499984741211,14.000446319580078
2017-12-29,234.2775115966797,86.11329650878906,99.41606903076172,123.6500015258789,14.042718887329102
2018-01-02,235.9542694091797,85.82779693603516,98.34245300292969,125.1500015258789,14.110353469848633
2018-01-03,237.44674682617188,85.91752624511719,98.81267547607422,124.81999969482422,14.19489860534668
2018-01-04,238.44754028320312,85.87676239013672,98.79698944091797,125.45999908447266,14.177989959716797
2018-01-05,240.03652954101562,85.77066040039062,98.51487731933594,125.33000183105469,14.1272611618042
2018-01-08,240.47544860839844,85.72992706298828,98.45216369628906,125.30999755859375,14.11880874633789
2018-01-09,241.01974487304688,85.32205200195312,97.13561248779297,124.7300033569336,14.211806297302246
2018-01-10,240.65109252929688,85.29757690429688,97.01805114746094,125.02999877929688,14.262532234191895
2018-01-11,242.4068603515625,85.35469818115234,97.4177474975586,125.44000244140625,14.25407886505127
2018-01-12,243.98719787597656,85.29757690429688,97.58229064941406,126.95999908447266,14.347076416015625
2018-01-16,243.15309143066406,85.33837127685547,97.98979187011719,127.16999816894531,14.279440879821777
2018-01-17,245.47079467773438,85.15074920654297,97.85664367675781,126.13999938964844,14.296350479125977
2018-01-18,245.0581512451172,84.88156127929688,96.94751739501953,125.86000061035156,14.296350479125977
2018-01-19,246.1731414794922,84.66136932373047,96.43815612792969,126.41999816894531,14.270986557006836
2018-01-22,248.17478942871094,84.62873077392578,96.53216552734375,126.6500015258789,14.304803848266602
2018-01-23,248.70150756835938,84.8734359741211,96.94751739501953,127.27999877929688,14.406256675720215
2018-01-24,248.60487365722656,84.71028137207031,96.42247009277344,128.8300018310547,14.55843448638916
2018-01-25,248.71018981933594,84.89790344238281,97.21398162841797,127.97000122070312,14.473893165588379
2018-01-26,251.5897674560547,84.64500427246094,96.8534927368164,128.07000732421875,14.583797454833984
2018-01-29,249.9217529296875,84.43292999267578,96.17953491210938,127.3499984741211,14.541526794433594
2018-01-30,247.3582763671875,84.2372055053711,95.61534118652344,126.80000305175781,14.440074920654297
2018-01-31,247.48109436035156,84.26162719726562,96.17953491210938,127.6500015258789,14.45698356628418
2018-02-01,247.20022583007812,83.82698822021484,94.78565216064453,128.07000732421875,14.600707054138184
2018-02-02,241.81866455078125,83.5165023803711,93.90612030029297,126.38999938964844,14.363983154296875
2018-02-05,231.70521545410156,84.20281219482422,94.79352569580078,126.70999908447266,14.228715896606445
2018-02-06,236.2703094482422,83.83512115478516,94.20449829101562,125.37999725341797,14.144170761108398
2018-02-07,234.9886474609375,83.59008026123047,93.30927276611328,124.79000091552734,13.983538627624512
2018-02-08,226.17446899414062,83.66358947753906,93.20716857910156,124.9800033569336,13.839812278747559
2018-02-09,229.57191467285156,83.5165023803711,92.61820220947266,124.7699966430664,13.636907577514648
2018-02-12,232.94300842285156,83.49201965332031,93.02654266357422,125.37000274658203,13.721451759338379
2018-02-13,233.5225372314453,83.63087463378906,93.44277954101562,126.08000183105469,13.74681568145752
2018-02-14,236.6741485595703,83.12431335449219,92.40619659423828,128.22999572753906,13.958174705505371
2018-02-15,239.69418334960938,83.14885711669922,92.72028350830078,128.3800048828125,13.983538627624512
2018-02-16,239.7643585205078,83.34490966796875,93.2228775024414,127.95999908447266,14.00890064239502
2018-02-20,238.26312255859375,83.25507354736328,92.81451416015625,126.23999786376953,14.051173210144043
2018-02-21,237.07798767089844,83.00997161865234,91.67584991455078,125.66000366210938,14.03426456451416
2018-02-22,237.38525390625,83.12431335449219,91.95072937011719,126.30000305175781,14.161080360412598
2018-02-23,241.16900634765625,83.44302368164062,92.76737976074219,126.13999938964844,14.25407886505127
2018-02-26,243.96954345703125,83.54102325439453,92.79881286621094,126.44999694824219,14.330167770385742
2018-02-27,240.92323303222656,83.2795639038086,92.66529083251953,125.12999725341797,14.186444282531738
2018-02-28,238.48263549804688,83.47569274902344,93.25431060791016,125.0,14.03426456451416
2018-03-01,235.0149688720703,83.83486938476562,93.89090728759766,124.72000122070312,14.059625625610352
2018-03-02,236.22642517089844,83.52395629882812,93.12760162353516,125.38999938964844,14.059625625610352
2018-03-05,238.95668029785156,83.4175796508789,92.87580871582031,125.18000030517578,14.144170761108398
2018-03-06,239.5625,83.40937042236328,92.96237182617188,126.52999877929688,14.19489860534668
2018-03-07,239.47467041015625,83.40937042236328,92.86005401611328,125.72000122070312,14.042718887329102
2018-03-08,240.63357543945312,83.58123779296875,93.39510345458984,125.41999816894531,13.958174705505371
2018-03-09,244.82115173339844,83.40119934082031,92.78138732910156,125.54000091552734,14.09344482421875
2018-03-12,244.5138702392578,83.59759521484375,93.31647491455078,125.54000091552734,14.068081855773926
2018-03-13,242.93362426757812,83.73674774169922,93.78858184814453,125.77999877929688,14.025809288024902
2018-03-14,241.68704223632812,83.90034484863281,94.61483764648438,125.69999694824219,14.025809288024902
2018-03-15,241.42364501953125,83.86760711669922,94.61483764648438,124.9000015258789,14.017355918884277
2018-03-16,241.6854705810547,83.76946258544922,94.2764892578125,124.5999984741211,14.068081855773926
2018-03-19,238.4153289794922,83.68760681152344,93.97745513916016,124.87000274658203,13.97508430480957
2018-03-20,238.82083129882812,83.52395629882812,93.5997085571289,124.30999755859375,14.068081855773926
2018-03-21,238.36241149902344,83.58123779296875,93.7020492553711,126.4800033569336,14.321714401245117
2018-03-22,232.40408325195312,83.92488861083984,94.63056182861328,125.9800033569336,14.211806297302246
2018-03-23,227.45050048828125,84.03948211669922,94.55974578857422,127.61000061035156,14.338619232177734
2018-03-26,233.67327880859375,83.8103256225586,94.19779968261719,128.27999877929688,14.347076416015625
2018-03-27,229.69810485839844,84.28499603271484,95.2049560546875,127.48999786376953,14.287894248962402
2018-03-28,229.0194091796875,84.26861572265625,95.456787109375,125.7300033569336,14.228715896606445
2018-03-29,231.94570922851562,84.4404525756836,95.92105102539062,125.79000091552734,14.35552978515625
2018-04-02,226.93930053710938,84.5265121459961,96.11032104492188,127.26000213623047,14.161080360412598
2018-04-03,229.84793090820312,84.25601959228516,95.3690185546875,126.30000305175781,14.23716926574707
2018-04-04,232.30709838867188,84.20687866210938,95.17191314697266,126.44999694824219,14.177989959716797
2018-04-05,234.1405029296875,83.99372100830078,94.46224212646484,125.80000305175781,14.245624542236328
2018-04-06,228.9224853515625,84.36256408691406,95.49524688720703,126.38999938964844,14.144170761108398
2018-04-09,230.0507049560547,84.37893676757812,95.65294647216797,126.81999969482422,14.321714401245117
2018-04-10,233.70855712890625,84.23141479492188,95.47944641113281,127.12000274658203,14.566889762878418
2018-04-11,232.48333740234375,84.31339263916016,95.81854248046875,128.11000061035156,14.676797866821289
2018-04-12,234.39608764648438,84.01007080078125,95.11666870117188,126.62000274658203,14.6176176071167
2018-04-13,233.70855712890625,84.08389282226562,95.3375244140625,127.44999694824219,14.626069068908691
2018-04-16,235.6300811767578,84.04288482666016,95.3690185546875,127.62999725341797,14.57534408569336
2018-04-17,238.15093994140625,84.09204864501953,95.62931060791016,127.75,14.583797454833984
2018-04-18,238.3271942138672,83.76416778564453,94.86434936523438,127.8499984741211,14.854339599609375
2018-04-19,237.005126953125,83.53468322753906,94.09161376953125,127.5999984741211,14.795159339904785
2018-04-20,234.99537658691406,83.25598907470703,93.41342163085938,126.62999725341797,14.769795417785645
2018-04-23,234.960205078125,83.17406463623047,93.43706512451172,125.62000274658203,14.761340141296387
2018-04-24,231.79595947265625,83.07562255859375,93.0112075805664,126.2300033569336,14.685250282287598
2018-04-25,232.36883544921875,82.89530181884766,92.38824462890625,125.41000366210938,14.710615158081055
2018-04-26,234.73104858398438,83.13302612304688,93.03490447998047,124.97000122070312,14.786703109741211
2018-04-27,234.95138549804688,83.27239227294922,93.75251007080078,125.5,14.778249740600586
2018-04-30,233.14450073242188,83.36253356933594,93.91808319091797,124.58999633789062,14.845885276794434
2018-05-01,233.5587921142578,83.23194122314453,93.57987213134766,123.70999908447266,14.761340141296387
2018-05-02,231.98980712890625,83.2484130859375,93.47710418701172,123.6500015258789,14.761340141296387
2018-05-03,231.4785919189453,83.4619140625,93.89595794677734,124.27999877929688,14.854339599609375
2018-05-04,234.47540283203125,83.47012329101562,94.03821563720703,124.54000091552734,14.955792427062988
2018-05-07,235.26866149902344,83.42906951904297,93.8880844116211,124.56999969482422,14.947336196899414
2018-05-08,235.26866149902344,83.2894515991211,93.80108642578125,124.58999633789062,14.989609718322754
2018-05-09,237.54273986816406,83.10062408447266,93.24003601074219,124.33000183105469,15.124878883361816
2018-05-10,239.76390075683594,83.27302551269531,93.99077606201172,125.18000030517578,15.200966835021973
2018-05-11,240.49551391601562,83.28125762939453,94.22789764404297,125.0,15.107970237731934
2018-05-14,240.61007690429688,83.10062408447266,93.7300033569336,124.48999786376953,15.217876434326172
2018-05-15,238.95301818847656,82.64067840576172,92.66305541992188,122.4800033569336,15.234785079956055
2018-05-16,239.9578857421875,82.46823120117188,92.30747985839844,122.29000091552734,15.319331169128418
2018-05-17,239.75518798828125,82.41896057128906,91.84117889404297,122.36000061035156,15.336236953735352
2018-05-18,239.15574645996094,82.73922729492188,92.6314468383789,122.41000366210938,15.344693183898926
2018-05-21,240.953857421875,82.79672241210938,92.6788558959961,122.4800033569336,15.463053703308105
2018-05-22,240.2839813232422,82.76384735107422,92.53666687011719,122.41000366210938,15.479962348937988
2018-05-23,240.94500732421875,83.1416244506836,93.20840454101562,122.54000091552734,15.564506530761719
2018-05-24,240.45147705078125,83.35516357421875,93.9512710571289,123.58999633789062,15.463053703308105
2018-05-25,239.87855529785156,83.68368530273438,94.53609466552734,123.20999908447266,15.234785079956055
2018-05-29,237.11965942382812,84.58702850341797,96.60668182373047,123.19000244140625,15.09106159210205
2018-05-30,240.2839813232422,84.22565460205078,95.95867156982422,123.37000274658203,15.285512924194336
2018-05-31,238.81201171875,84.1845932006836,95.80059814453125,123.0999984741211,15.243240356445312
2018-06-01,241.1565704345703,83.87355041503906,95.29441833496094,122.48999786376953,15.1417875289917
2018-06-04,242.3023681640625,83.57733154296875,94.6052474975586,122.37000274658203,14.964244842529297
2018-06-05,242.47865295410156,83.7912826538086,94.82706451416016,122.8499984741211,14.989609718322754
2018-06-06,244.50601196289062,83.45394134521484,94.05867767333984,122.91999816894531,15.040335655212402
2018-06-07,244.47950744628906,83.80774688720703,94.96961212158203,122.86000061035156,15.099515914916992
2018-06-08,245.20233154296875,83.69255065917969,94.68443298339844,123.01000213623047,15.09106159210205
2018-06-11,245.5284423828125,83.61024475097656,94.51018524169922,123.2300033569336,15.08260726928711
2018-06-12,245.84571838378906,83.56087493896484,94.53397369384766,122.81999969482422,15.074152946472168
2018-06-13,245.06129455566406,83.46212005615234,94.48644256591797,123.19000244140625,15.133331298828125
2018-06-14,245.67831420898438,83.72543334960938,95.27066802978516,123.37999725341797,14.964244842529297
2018-06-15,245.36489868164062,83.7912826538086,95.35778045654297,121.33999633789062,14.600707054138184
2018-06-18,244.8601837158203,83.83242797851562,95.27066802978516,121.11000061035156,14.727522850036621
2018-06-19,243.92166137695312,84.0545883178711,95.82514190673828,120.80000305175781,14.57534408569336
2018-06-20,244.33779907226562,83.78303527832031,94.9854736328125,120.26000213623047,14.55843448638916
2018-06-21,242.80606079101562,84.00524139404297,95.48452758789062,120.05000305175781,14.448529243469238
2018-06-22,243.24876403808594,84.02166748046875,95.4765853881836,120.33999633789062,14.735979080200195
2018-06-25,239.93740844726562,84.13687896728516,95.69050598144531,119.88999938964844,14.566889762878418
2018-06-26,240.4686737060547,84.17800903320312,95.82514190673828,119.26000213623047,14.710615158081055
2018-06-27,238.47659301757812,84.49895477294922,96.72818756103516,118.58000183105469,14.786703109741211
2018-06-28,239.8401336669922,84.41664123535156,96.751953125,118.22000122070312,14.778249740600586
2018-06-29,240.18536376953125,84.35078430175781,96.41923522949219,118.6500015258789,14.947336196899414
2018-07-02,240.69888305664062,84.29314422607422,96.34380340576172,117.45999908447266,14.634523391723633
2018-07-03,239.84896850585938,84.50740051269531,96.85985565185547,118.6500015258789,14.6176176071167
2018-07-05,241.80560302734375,84.51570129394531,97.13772583007812,119.05000305175781,14.702157974243164
2018-07-06,243.85089111328125,84.58988189697266,97.4553451538086,118.86000061035156,14.769795417785645
2018-07-09,246.04656982421875,84.37554931640625,96.82807922363281,119.1500015258789,14.845885276794434
2018-07-10,246.9319305419922,84.3095932006836,96.82017517089844,118.93000030517578,14.812066078186035
2018-07-11,245.12582397460938,84.48273468017578,97.1933364868164,117.63999938964844,14.296350479125977
2018-07-12,247.3480987548828,84.44975280761719,97.18540954589844,118.12999725341797,14.37243938446045
2018-07-13,247.54283142089844,84.58988189697266,97.43151092529297,117.61000061035156,14.397802352905273
2018-07-16,247.32154846191406,84.44975280761719,97.02664184570312,117.55000305175781,14.09344482421875
2018-07-17,248.3219451904297,84.40027618408203,96.8440170288086,116.27999877929688,14.110353469848633
2018-07-18,248.84439086914062,84.33433532714844,96.45497131347656,116.30999755859375,14.23716926574707
2018-07-19,247.90586853027344,84.5651626586914,97.06629943847656,115.80999755859375,14.220260620117188
2018-07-20,247.62255859375,84.26837158203125,95.87540435791016,116.55999755859375,14.321714401245117
2018-07-23,248.08297729492188,83.85619354248047,94.6924819946289,116.0,14.37243938446045
2018-07-24,249.33135986328125,83.91390991210938,95.01795959472656,116.04000091552734,14.448529243469238
2018-07-25,251.45623779296875,83.85619354248047,94.86713409423828,116.68000030517578,14.642979621887207
2018-07-26,250.86300659179688,83.7654800415039,94.68447875976562,115.7699966430664,14.642979621887207
2018-07-27,249.16311645507812,83.89742279052734,94.84326171875,115.83000183105469,14.583797454833984
2018-07-30,247.86166381835938,83.79022979736328,94.51777648925781,115.6500015258789,14.668342590332031
2018-07-31,249.08348083496094,83.90563201904297,95.03384399414062,115.98999786376953,14.583797454833984
2018-08-01,248.66729736328125,83.70740509033203,94.25962829589844,115.13999938964844,14.37243938446045
2018-08-02,250.02186584472656,83.80653381347656,94.39486694335938,114.5199966430664,14.45698356628418
2018-08-03,251.09324645996094,84.02132415771484,94.86434173583984,114.91999816894531,14.507708549499512
2018-08-06,252.01397705078125,84.06260681152344,94.92005920410156,114.33000183105469,14.533073425292969
2018-08-07,252.84637451171875,83.88914489746094,94.42668151855469,114.58999633789062,14.642979621887207
2018-08-08,252.74000549316406,83.96349334716797,94.52214050292969,114.91000366210938,14.465437889099121
2018-08-09,252.394775390625,84.1947250366211,95.31793212890625,114.73999786376953,14.406256675720215
2018-08-10,250.70361328125,84.55816650390625,96.01017761230469,114.69000244140625,14.406256675720215
2018-08-13,249.76513671875,84.53343200683594,95.81124114990234,112.95999908447266,14.330167770385742
2018-08-14,251.35879516601562,84.4508056640625,95.5964126586914,113.06999969482422,14.35552978515625
2018-08-15,249.48178100585938,84.65734100341797,96.15340423583984,111.19000244140625,14.042718887329102
2018-08-16,251.50048828125,84.6325454711914,96.14544677734375,111.0999984741211,14.152626037597656
2018-08-17,252.3859100341797,84.66555786132812,96.26480102539062,112.12999725341797,14.211806297302246
2018-08-20,252.926025390625,84.92986297607422,96.9093017578125,112.69000244140625,14.23716926574707
2018-08-21,253.51918029785156,84.81427764892578,96.58308410644531,113.0199966430664,14.262532234191895
2018-08-22,253.3686981201172,84.97117614746094,96.96501159667969,113.2699966430664,14.465437889099121
2018-08-23,253.03221130371094,84.96295166015625,97.1162109375,112.19999694824219,14.440074920654297
2018-08-24,254.5550537109375,84.98770904541016,97.30718994140625,114.16000366210938,14.549980163574219
2018-08-27,256.56488037109375,84.79774475097656,96.75016784667969,114.58999633789062,14.600707054138184
2018-08-28,256.6888427734375,84.60777282714844,96.16930389404297,113.68000030517578,14.541526794433594
2018-08-29,258.0699462890625,84.58299255371094,96.296630859375,114.19999694824219,14.702157974243164
2018-08-30,257.0251770019531,84.73992919921875,96.50352478027344,113.63999938964844,14.676797866821289
2018-08-31,257.03411865234375,84.75642395019531,96.28068542480469,113.51000213623047,14.693703651428223
2018-09-04,256.5914306640625,84.56277465820312,95.72406768798828,112.93000030517578,14.609162330627441
2018-09-05,255.90077209472656,84.55448150634766,95.4688491821289,113.31999969482422,14.549980163574219
2018-09-06,255.13059997558594,84.72827911376953,95.81973266601562,113.54000091552734,14.465437889099121
2018-09-07,254.63473510742188,84.34759521484375,95.00628662109375,113.2300033569336,14.499256134033203
2018-09-10,255.07733154296875,84.39727020263672,95.35720825195312,113.1500015258789,14.549980163574219
2018-09-11,255.91845703125,84.09101104736328,94.6314697265625,113.22000122070312,14.693703651428223
2018-09-12,255.98045349121094,84.19033813476562,94.85476684570312,114.16999816894531,14.795159339904785
2018-09-13,257.4945373535156,84.18207550048828,94.99835205078125,113.76000213623047,14.634523391723633
2018-09-14,257.5388488769531,84.02479553222656,94.54376220703125,113.0199966430664,14.541526794433594
2018-09-17,256.17535400390625,84.04133605957031,94.54376220703125,113.61000061035156,14.524619102478027
2018-09-18,257.5654296875,83.69371032714844,93.55482482910156,113.44000244140625,14.659887313842773
2018-09-19,257.83978271484375,83.55301666259766,92.99661254882812,113.87999725341797,14.752885818481445
2018-09-20,259.9292907714844,83.56131744384766,93.42725372314453,114.2699966430664,14.752885818481445
2018-09-21,259.69195556640625,83.59439086914062,93.38737487792969,113.48999786376953,14.786703109741211
2018-09-24,258.8291320800781,83.50334930419922,93.14812469482422,113.47000122070312,15.006518363952637
2018-09-25,258.5890197753906,83.42058563232422,93.05245208740234,113.6500015258789,15.040335655212402
2018-09-26,257.8152160644531,83.69371032714844,93.70637512207031,113.05000305175781,14.972698211669922
2018-09-27,258.5356750488281,83.69371032714844,93.77017974853516,112.05000305175781,15.040335655212402
2018-09-28,258.5623779296875,83.73511505126953,93.52295684814453,112.76000213623047,15.192512512207031
2018-10-01,259.4605407714844,83.5228042602539,92.83636474609375,112.56999969482422,15.479962348937988
2018-10-02,259.3094177246094,83.73844909667969,93.40386962890625,113.87000274658203,15.53069019317627
2018-10-03,259.4516296386719,83.11644744873047,91.7813491821289,113.41999816894531,15.674412727355957
2018-10-04,257.4239501953125,82.90078735351562,91.1338882446289,113.4800033569336,15.505324363708496
2018-10-05,255.98316955566406,82.70172119140625,90.35057830810547,113.80000305175781,15.471508026123047
2018-10-08,255.98316955566406,82.73489379882812,90.0468978881836,112.54000091552734,15.429235458374023
2018-10-09,255.6094970703125,82.89249420166016,90.95809173583984,112.5999984741211,15.539142608642578
2018-10-10,247.51612854003906,82.93399047851562,90.71029663085938,112.87999725341797,15.234785079956055
2018-10-11,242.06423950195312,83.27398681640625,91.81327819824219,115.77999877929688,15.006518363952637
2018-10-12,245.42604064941406,83.17447662353516,91.49359893798828,115.2300033569336,15.124878883361816
2018-10-15,244.0475616455078,83.2242202758789,91.45359802246094,116.0,15.158696174621582
2018-10-16,249.38388061523438,83.21595764160156,91.66146850585938,115.80000305175781,15.226332664489746
2018-10-17,249.42832946777344,82.97539520263672,91.1179428100586,115.79000091552734,15.09106159210205
2018-10-18,245.82627868652344,83.12471771240234,91.08595275878906,115.91999816894531,14.921975135803223
2018-10-19,245.69290161132812,83.02520751953125,90.88611602783203,116.01000213623047,15.006518363952637
2018-10-22,244.59005737304688,83.0417709350586,90.7662124633789,115.70999908447266,15.023427963256836
2018-10-23,243.3448944091797,83.25740814208984,91.05398559570312,116.38999938964844,14.693703651428223
2018-10-24,235.9718780517578,83.70524597167969,91.74134826660156,116.66000366210938,14.592254638671875
2018-10-25,240.205322265625,83.5062026977539,91.3576889038086,116.4000015258789,14.651432991027832
2018-10-26,235.98077392578125,83.8794174194336,91.90922546386719,116.7699966430664,14.761340141296387
2018-10-29,234.67340087890625,83.87113952636719,91.70137786865234,116.30999755859375,14.609162330627441
2018-10-30,238.15086364746094,83.68865203857422,91.24578094482422,115.80000305175781,14.533073425292969
2018-10-31,240.6945343017578,83.4813232421875,90.7822265625,115.1500015258789,14.338619232177734
2018-11-01,243.2559814453125,83.55279541015625,90.86637878417969,116.62999725341797,14.23716926574707
2018-11-02,241.815185546875,83.08734130859375,89.73661041259766,116.6500015258789,14.203351020812988
2018-11-05,243.14923095703125,83.13726043701172,90.08917236328125,116.37000274658203,14.19489860534668
2018-11-06,244.6878662109375,83.04581451416016,90.03305053710938,116.04000091552734,14.135714530944824
2018-11-07,249.92633056640625,83.04581451416016,90.15326690673828,116.02999877929688,14.101899147033691
2018-11-08,249.47276306152344,82.92942810058594,90.14524841308594,115.77999877929688,14.017355918884277
2018-11-09,247.0358428955078,83.25357818603516,90.81828308105469,114.4800033569336,13.865177154541016
2018-11-12,242.4199676513672,83.50294494628906,91.41116333007812,113.66000366210938,13.83135986328125
2018-11-13,241.9663543701172,83.56940460205078,91.3551025390625,113.69999694824219,13.450912475585938
2018-11-14,240.3121337890625,83.74398040771484,91.41116333007812,114.63999938964844,13.5692720413208
2018-11-15,242.8201141357422,83.80217742919922,91.37112426757812,114.7699966430664,13.54391098022461
2018-11-16,243.4517059326172,84.05976867675781,91.89993286132812,115.62000274658203,13.62845516204834
2018-11-19,239.333740234375,84.18446350097656,92.15631866455078,115.66999816894531,13.62845516204834
2018-11-20,234.9045867919922,84.1678237915039,92.18836212158203,115.66999816894531,13.214189529418945
2018-11-21,235.70510864257812,84.15121459960938,92.15631866455078,115.86000061035156,13.3240966796875
2018-11-23,234.13087463378906,84.20106506347656,92.25244140625,115.7699966430664,12.935194969177246
2018-11-26,237.9107666015625,84.13459777832031,92.04412841796875,115.63999938964844,12.994376182556152
2018-11-27,238.71116638183594,84.21771240234375,92.1482925415039,114.94999694824219,12.943649291992188
2018-11-28,244.20761108398438,84.2093734741211,91.6996078491211,115.37999725341797,12.90137767791748
2018-11-29,243.67404174804688,84.42546844482422,92.06017303466797,115.73999786376953,12.985920906066895
2018-11-30,245.15924072265625,84.59172058105469,92.40467834472656,115.54000091552734,12.926740646362305
2018-12-03,248.40553283691406,84.77660369873047,93.06077575683594,116.41000366210938,13.222644805908203
2018-12-04,240.35658264160156,85.16804504394531,94.61878967285156,117.12000274658203,13.231096267700195
2018-12-06,239.99197387695312,85.38458251953125,94.91593933105469,117.13999938964844,13.12119197845459
2018-12-07,234.41542053222656,85.63446044921875,95.09255981445312,118.08999633789062,13.273369789123535
2018-12-10,234.86019897460938,85.68441772460938,95.4861068725586,117.68000030517578,13.062010765075684
2018-12-11,234.91355895996094,85.46786499023438,95.47004699707031,117.54000091552734,13.138099670410156
2018-12-12,236.096435546875,85.23466491699219,95.04441833496094,117.79000091552734,13.09582805633545
2018-12-13,236.01638793945312,85.28461456298828,94.81956481933594,117.52999877929688,13.264915466308594
2018-12-14,231.65838623046875,85.41789245605469,95.1487808227539,117.05999755859375,13.062010765075684
2018-12-17,227.11363220214844,85.66776275634766,95.70294952392578,117.87000274658203,12.909832954406738
2018-12-18,226.8645782470703,85.87891387939453,96.27607727050781,118.1500015258789,12.63929271697998
2018-12-19,223.46717834472656,86.17936706542969,97.54795837402344,117.43000030517578,12.690018653869629
2018-12-20,219.82957458496094,86.0708999633789,97.19375610351562,119.23999786376953,12.57165813446045
2018-12-21,215.32530212402344,86.14598083496094,97.17769622802734,118.72000122070312,12.461750984191895
2018-12-24,209.63583374023438,86.36295318603516,97.66062927246094,120.0199966430664,12.323866844177246
2018-12-26,220.22767639160156,85.95401000976562,96.61416625976562,119.66000366210938,12.597921371459961
2018-12-27,221.91839599609375,86.1710433959961,96.63028717041016,120.56999969482422,12.478021621704102
2018-12-28,221.63214111328125,86.63839721679688,97.44329071044922,121.05999755859375,12.375251770019531
2018-12-31,223.57337951660156,86.96385955810547,97.81360626220703,121.25,12.409507751464844
2019-01-02,223.8059539794922,87.14749908447266,98.328857421875,121.33000183105469,12.443765640258789
2019-01-03,218.46533203125,87.8401870727539,99.44774627685547,122.43000030517578,12.546534538269043
2019-01-04,225.78297424316406,87.13078308105469,98.29658508300781,121.44000244140625,12.71782112121582
2019-01-07,227.5631866455078,86.88874816894531,98.00677490234375,121.86000061035156,12.81202507019043
2019-01-08,229.70118713378906,86.6717758178711,97.74919891357422,121.52999877929688,12.940488815307617
2019-01-09,230.77471923828125,86.7218246459961,97.59624481201172,122.30999755859375,13.19741439819336
2019-01-10,231.58877563476562,86.68013000488281,96.9683609008789,121.58999633789062,13.16315746307373
2019-01-11,231.6782684326172,86.9388656616211,97.34673309326172,121.80000305175781,13.120335578918457
2019-01-14,230.26483154296875,86.88874816894531,96.98448944091797,122.08999633789062,13.009001731872559
2019-01-15,232.90382385253906,86.80530548095703,96.63028717041016,121.87999725341797,13.111771583557129
2019-01-16,233.46743774414062,86.7552490234375,96.72687530517578,122.2699966430664,13.180286407470703
2019-01-17,235.2386932373047,86.59663391113281,96.75102996826172,122.11000061035156,13.188849449157715
2019-01-18,238.36965942382812,86.32124328613281,96.24390411376953,121.0199966430664,13.32587718963623
2019-01-22,235.1492462158203,86.6217041015625,96.89591217041016,121.44999694824219,13.231670379638672
2019-01-23,235.64126586914062,86.5799789428711,96.85568237304688,121.27999877929688,13.214543342590332
2019-01-24,235.76646423339844,86.85535430908203,97.49160766601562,121.08999633789062,13.248799324035645
2019-01-25,237.76138305664062,86.65511322021484,97.02472686767578,122.86000061035156,13.317313194274902
2019-01-28,235.95431518554688,86.68013000488281,96.92813110351562,123.29000091552734,13.13746452331543
2019-01-29,235.64126586914062,86.93048858642578,97.4191665649414,123.9800033569336,13.265928268432617
2019-01-30,239.37158203125,87.13078308105469,97.34673309326172,124.69000244140625,13.36013412475586
2019-01-31,241.47386169433594,87.5313491821289,98.18390655517578,124.75,13.291621208190918
2019-02-01,241.59022521972656,87.06305694580078,97.59088134765625,124.5,13.411518096923828
2019-02-04,243.2899627685547,86.8707046508789,97.15521240234375,123.95999908447266,13.420083999633789
2019-02-05,244.30972290039062,87.02120971679688,97.59893035888672,124.27999877929688,13.36013412475586
2019-02-06,243.98768615722656,87.08812713623047,97.64736938476562,123.44000244140625,13.3772611618042
2019-02-07,241.66177368164062,87.37248229980469,98.29280090332031,123.73999786376953,13.248799324035645
2019-02-08,241.95701599121094,87.48957061767578,98.71235656738281,124.20999908447266,13.265928268432617
2019-02-11,242.09121704101562,87.35572814941406,98.32511138916016,123.5999984741211,13.188849449157715
2019-02-12,245.20428466796875,87.23870086669922,98.07501220703125,123.86000061035156,13.265928268432617
2019-02-13,246.00042724609375,87.02120971679688,97.703857421875,123.37000274658203,13.343005180358887
2019-02-14,245.45480346679688,87.43101501464844,98.26053619384766,124.05999755859375,13.3772611618042
2019-02-15,248.12948608398438,87.34739685058594,98.4137954711914,124.80000305175781,13.62562370300293
2019-02-19,248.55894470214844,87.4979248046875,98.66394805908203,126.69999694824219,13.659879684448242
2019-02-20,249.05990600585938,87.48123931884766,98.38160705566406,126.4800033569336,13.702702522277832
2019-02-21,248.17433166503906,87.22193908691406,97.50216674804688,125.05000305175781,13.745521545410156
2019-02-22,249.7130584716797,87.48123931884766,98.08301544189453,125.5,13.779778480529785
2019-02-25,250.05294799804688,87.34739685058594,97.7926025390625,125.37000274658203,13.574238777160645
2019-02-26,249.8740997314453,87.60665893554688,98.27670288085938,125.58000183105469,13.634188652038574
2019-02-27,249.76670837402344,87.2972183227539,97.16326904296875,124.69000244140625,13.702702522277832
2019-02-28,249.30149841308594,87.07138061523438,96.8324966430664,123.98999786376953,13.668444633483887
2019-03-01,250.8581085205078,86.78563690185547,95.9375,121.87999725341797,13.514288902282715
2019-03-04,249.9455108642578,87.05378723144531,96.68937683105469,121.55999755859375,13.557110786437988
2019-03-05,249.60572814941406,87.10407257080078,96.89151000976562,121.72000122070312,13.62562370300293
2019-03-06,248.09378051757812,87.34711456298828,97.24723052978516,121.61000061035156,13.548545837402344
2019-03-07,246.0183563232422,87.64036560058594,97.8779067993164,121.51000213623047,13.514288902282715
2019-03-08,245.52633666992188,87.76604461669922,98.29023742675781,122.83999633789062,13.505724906921387
2019-03-11,249.08677673339844,87.69901275634766,97.99919128417969,122.23999786376953,13.522852897644043
2019-03-12,250.02618408203125,87.9419937133789,98.68640899658203,122.9800033569336,13.60849666595459
2019-03-13,251.68104553222656,87.90853881835938,98.50045776367188,123.83999633789062,13.694135665893555
2019-03-14,251.52000427246094,87.7828140258789,97.7889633178711,122.41000366210938,13.634188652038574
2019-03-15,252.7627410888672,88.05934143066406,98.4357681274414,122.97000122070312,13.634188652038574
2019-03-18,253.67918395996094,87.9419937133789,98.37922668457031,123.04000091552734,13.702702522277832
2019-03-19,253.7421112060547,87.88336181640625,98.16082763671875,123.37999725341797,13.736959457397461
2019-03-20,252.9783477783203,88.49504089355469,99.18769836425781,124.18000030517578,13.839729309082031
2019-03-21,255.83566284179688,88.4531478881836,99.40599060058594,123.68000030517578,13.771215438842773
2019-03-22,250.91172790527344,89.10677337646484,100.95020294189453,123.97000122070312,13.65131664276123
2019-03-25,250.72305297851562,89.33304595947266,101.11196899414062,124.91999816894531,13.702702522277832
2019-03-26,252.5919647216797,89.25762176513672,101.0391845703125,124.30000305175781,13.728394508361816
2019-03-27,251.27114868164062,89.5173568725586,101.96897888183594,123.6500015258789,13.65131664276123
2019-03-28,252.22357177734375,89.5257568359375,102.3247299194336,121.9000015258789,13.60849666595459
2019-03-29,253.81399536132812,89.3832778930664,102.2276611328125,122.01000213623047,13.617058753967285
2019-04-01,256.82403564453125,88.76864624023438,100.77565002441406,121.52999877929688,13.745521545410156
2019-04-02,256.9498596191406,88.9197998046875,100.96202087402344,121.9800033569336,13.779778480529785
2019-04-03,257.3542175292969,88.64268493652344,100.08688354492188,121.80000305175781,13.796907424926758
2019-04-04,258.0369873046875,88.73506164550781,100.37052154541016,122.11000061035156,13.805472373962402
2019-04-05,259.285888671875,88.77700805664062,100.50015258789062,121.9800033569336,13.848292350769043
2019-04-08,259.48358154296875,88.63430786132812,100.14363098144531,122.51000213623047,13.899677276611328
2019-04-09,258.15386962890625,88.79388427734375,100.45962524414062,123.1500015258789,13.873985290527344
2019-04-10,259.0343322753906,89.00373840332031,100.70272827148438,123.52999877929688,13.993884086608887
2019-04-11,258.96246337890625,88.80223083496094,100.11119842529297,121.94999694824219,13.925371170043945
2019-04-12,260.714599609375,88.39081573486328,99.39813232421875,121.83000183105469,13.968189239501953
2019-04-15,260.5438537597656,88.50835418701172,99.64933013916016,121.5999984741211,13.942498207092285
2019-04-16,260.714599609375,88.20611572265625,99.02543640136719,120.51000213623047,13.89111328125
2019-04-17,260.0765380859375,88.22289276123047,99.06595611572266,120.27999877929688,13.839729309082031
2019-04-18,260.58880615234375,88.43280029296875,99.58451080322266,120.37000274658203,13.882548332214355
2019-04-22,260.8133544921875,88.3068618774414,99.1064224243164,120.37000274658203,13.951064109802246
2019-04-23,263.15863037109375,88.46636962890625,99.31710815429688,120.12000274658203,13.968189239501953
2019-04-24,262.5745544433594,88.80223083496094,100.12741088867188,120.47000122070312,13.916805267333984
2019-04-25,262.4128723144531,88.69309997558594,99.98153686523438,120.56999969482422,13.89111328125
2019-04-26,263.63470458984375,88.92819213867188,100.32185363769531,121.37000274658203,13.728394508361816
2019-04-29,264.0480651855469,88.74343872070312,99.68172454833984,120.83000183105469,13.736959457397461
2019-04-30,264.1828918457031,88.9197998046875,100.1922378540039,121.19999694824219,13.779778480529785
2019-05-01,262.1972351074219,88.87940216064453,100.60552978515625,120.4000015258789,13.736959457397461
2019-05-02,261.63104248046875,88.62700653076172,100.12644958496094,119.94000244140625,13.582803726196289
2019-05-03,264.19189453125,88.7447509765625,100.41064453125,120.6500015258789,13.5913667678833
2019-05-06,263.1046447753906,88.97199249267578,100.68675231933594,120.80999755859375,13.634188652038574
2019-05-07,258.71087646484375,89.27482604980469,101.45809173583984,121.20999908447266,13.46290397644043
2019-05-08,258.3515319824219,89.10657501220703,101.0196762084961,120.91000366210938,13.480031967163086
2019-05-09,257.56976318359375,89.34213256835938,101.43376159667969,121.19999694824219,13.411518096923828
2019-05-10,258.863525390625,89.28327941894531,101.29572296142578,121.43000030517578,13.437211036682129
2019-05-13,252.35826110839844,89.72913360595703,102.09149932861328,122.66999816894531,13.368698120117188
2019-05-14,254.640625,89.64503479003906,101.79102325439453,122.45999908447266,13.548545837402344
2019-05-15,256.1321716308594,89.93110656738281,102.41622924804688,122.38999938964844,13.668444633483887
2019-05-16,258.50421142578125,89.75437927246094,102.07523345947266,121.51000213623047,13.745521545410156
2019-05-17,256.8330383300781,89.79649353027344,102.30259704589844,120.6500015258789,13.617058753967285
2019-05-20,255.13475036621094,89.64503479003906,102.09149932861328,120.63999938964844,13.677008628845215
2019-05-21,257.4349365234375,89.5440673828125,101.9290771484375,120.36000061035156,13.685572624206543
2019-05-22,256.6443786621094,89.81331634521484,102.51371765136719,120.23999786376953,13.48859691619873
2019-05-23,253.50851440429688,90.36015319824219,103.666748046875,121.16999816894531,13.205978393554688
2019-05-24,254.08348083496094,90.33495330810547,103.75606536865234,121.30000305175781,13.385826110839844
2019-05-28,251.720458984375,90.73036193847656,104.50310516357422,120.83000183105469,13.497161865234375
2019-05-29,250.03114318847656,90.69670104980469,104.81973266601562,120.87000274658203,13.445775985717773
2019-05-30,250.7140350341797,91.02483367919922,105.72107696533203,121.69000244140625,13.308749198913574
2019-05-31,247.33567810058594,91.63059997558594,107.04461669921875,123.33000183105469,12.957616806030273
2019-06-03,246.70664978027344,92.07149505615234,107.76065063476562,125.11000061035156,12.914795875549316
2019-06-04,252.06179809570312,91.73428344726562,106.53196716308594,125.1500015258789,12.991874694824219
2019-06-05,254.24517822265625,91.73428344726562,105.92996215820312,125.47000122070312,12.726383209228516
2019-06-06,255.8984832763672,91.71741485595703,106.27166748046875,125.87999725341797,12.949051856994629
2019-06-07,258.459228515625,92.0799331665039,107.19107818603516,126.58999633789062,12.991874694824219
2019-06-10,259.6454162597656,91.62467956542969,106.18211364746094,125.33000183105469,12.957616806030273
2019-06-11,259.5824890136719,91.62467956542969,106.24720764160156,125.18000030517578,13.043258666992188
2019-06-12,259.1241760253906,91.86077117919922,106.32858276367188,125.83000183105469,12.863411903381348
2019-06-13,260.1934814453125,92.0883560180664,106.6947250366211,126.5999984741211,13.026131629943848
2019-06-14,259.9059143066406,92.15576934814453,106.9632339477539,126.55999755859375,13.077516555786133
2019-06-17,260.0047607421875,92.138916015625,107.15040588378906,126.4800033569336,13.017565727233887
2019-06-18,262.72723388671875,92.31595611572266,107.68743896484375,127.12000274658203,13.171721458435059
2019-06-19,263.3203125,92.56881713867188,107.84199523925781,127.88999938964844,13.14603042602539
2019-06-20,265.83624267578125,92.72056579589844,108.12679290771484,131.11000061035156,13.411518096923828
2019-06-21,265.44970703125,92.34121704101562,106.93883514404297,131.97999572753906,13.445775985717773
2019-06-24,265.12469482421875,92.66159057617188,107.73622131347656,133.94000244140625,13.505724906921387
2019-06-25,262.5244140625,92.80485534667969,108.06981658935547,134.1999969482422,13.548545837402344
2019-06-26,262.26263427734375,92.42556762695312,107.37818145751953,132.97000122070312,13.617058753967285
2019-06-27,263.1925354003906,92.70372009277344,108.13495635986328,132.83999633789062,13.617058753967285
2019-06-28,264.54681396484375,92.74586486816406,108.06170654296875,133.1999969482422,13.471467971801758
2019-07-01,266.94854736328125,92.62930297851562,107.8089828491211,130.6199951171875,13.46290397644043
2019-07-02,267.6438293457031,92.95867156982422,108.64049530029297,133.41000366210938,13.240235328674316
2019-07-03,269.7835998535156,93.13601684570312,109.41499328613281,133.6300048828125,13.368698120117188
2019-07-05,269.4765930175781,92.54487609863281,107.9638442993164,132.13999938964844,13.394390106201172
2019-07-08,267.995849609375,92.4520263671875,108.110595703125,131.2899932861328,13.3772611618042
2019-07-09,268.33001708984375,92.39289093017578,108.06982421875,131.75,13.420083999633789
2019-07-10,269.612060546875,92.44357299804688,107.4747085571289,133.8300018310547,13.71126651763916
2019-07-11,270.2441101074219,91.987548828125,106.03985595703125,132.6999969482422,13.719830513000488
2019-07-12,271.4539489746094,92.08887481689453,106.16215515136719,133.52999877929688,13.754085540771484
2019-07-15,271.5443115234375,92.28311920166016,106.77361297607422,133.52999877929688,13.60849666595459
2019-07-16,270.66851806640625,92.08042907714844,106.45561218261719,132.39999389648438,13.46290397644043
2019-07-17,268.8265380859375,92.51114654541016,107.60515594482422,134.5800018310547,13.343005180358887
2019-07-18,269.81072998046875,92.73910522460938,107.6133041381836,136.47999572753906,13.248799324035645
2019-07-19,268.31195068359375,92.57024383544922,107.36058044433594,134.47000122070312,13.32587718963623
2019-07-22,268.9709777832031,92.61244201660156,107.56433868408203,134.4499969482422,13.28305721282959
2019-07-23,270.8941650390625,92.4604263305664,106.97743225097656,133.69000244140625,13.368698120117188
2019-07-24,272.1672058105469,92.59555053710938,107.44207763671875,134.3699951171875,13.308749198913574
2019-07-25,270.8670654296875,92.43512725830078,106.92848205566406,133.4199981689453,13.257362365722656
2019-07-26,272.6819763183594,92.41820526123047,107.18119812011719,133.63999938964844,13.274491310119629
2019-07-29,272.185302734375,92.502685546875,107.21382141113281,134.52999877929688,13.32587718963623
2019-07-30,271.5172119140625,92.54487609863281,107.4747085571289,134.97999572753906,13.4029541015625
2019-07-31,268.5466003417969,92.78129577636719,108.33888244628906,133.2100067138672,13.317313194274902
2019-08-01,266.2081298828125,93.83375549316406,110.49052429199219,136.41000366210938,12.949051856994629
2019-08-02,264.2037658691406,94.02830505371094,111.51164245605469,135.88999938964844,12.966181755065918
2019-08-05,256.2583312988281,94.84042358398438,113.4394760131836,137.7899932861328,12.85484790802002
2019-08-06,259.851806640625,94.99266052246094,114.34616088867188,138.91000366210938,12.786334037780762
2019-08-07,260.00531005859375,94.99266052246094,114.3869857788086,141.02000427246094,12.623614311218262
2019-08-08,265.1066589355469,95.00115203857422,114.63211822509766,141.72999572753906,12.692126274108887
2019-08-09,263.3008117675781,94.85733795166016,114.40335845947266,141.25999450683594,12.803462028503418
2019-08-12,260.0955505371094,95.45792388916016,116.78864288330078,142.6300048828125,12.709256172180176
2019-08-13,264.1405334472656,95.11956787109375,116.38835906982422,141.77999877929688,13.009001731872559
2019-08-14,256.33050537109375,95.75403594970703,119.01050567626953,142.75,12.81202507019043
2019-08-15,257.00775146484375,96.36315155029297,120.33387756347656,143.6999969482422,12.709256172180176
2019-08-16,260.7998352050781,96.10934448242188,119.3699722290039,142.77999877929688,12.700691223144531
2019-08-19,263.9419250488281,95.65251922607422,117.66267395019531,141.11000061035156,12.760641098022461
2019-08-20,261.91943359375,96.07548522949219,118.8798599243164,142.2100067138672,12.794896125793457
2019-08-21,264.05023193359375,95.82173919677734,118.08740997314453,141.75999450683594,12.83771800994873
2019-08-22,263.9689636230469,95.61022186279297,117.30330657958984,141.39999389648438,12.777769088745117
2019-08-23,257.1883239746094,96.25312805175781,119.23107147216797,144.1699981689453,12.683563232421875
2019-08-26,260.0323486328125,96.16009521484375,118.74903869628906,144.19000244140625,12.67499828338623
2019-08-27,259.0121154785156,96.57462310791016,120.57891845703125,145.57000732421875,12.760641098022461
2019-08-28,260.83599853515625,96.60844421386719,120.73416137695312,145.16000366210938,12.871975898742676
2019-08-29,264.1675720214844,96.4223403930664,120.27668762207031,144.1199951171875,12.906231880187988
2019-08-30,264.05023193359375,96.44771575927734,120.3093032836914,143.75,12.700691223144531
2019-09-03,262.50634765625,96.65956115722656,120.46482849121094,145.75,12.632177352905273
2019-09-04,265.48590087890625,96.81212615966797,120.64483642578125,146.66000366210938,12.931923866271973
2019-09-05,268.8988952636719,96.03253173828125,118.45994567871094,143.13999938964844,12.914795875549316
2019-09-06,269.1064147949219,96.09178924560547,119.3028335571289,141.9199981689453,12.949051856994629
2019-09-09,269.2419128417969,95.4986801147461,117.183349609375,141.38999938964844,13.068950653076172
2019-09-10,269.17864990234375,94.80384826660156,115.12937927246094,140.17999267578125,13.086079597473145
2019-09-11,271.0928039550781,94.7105941772461,114.92481994628906,141.02999877929688,12.991874694824219
2019-09-12,272.0318298339844,94.49880981445312,114.17201232910156,141.32000732421875,12.940488815307617
2019-09-13,271.8512878417969,93.63442993164062,111.73328399658203,140.14999389648438,12.940488815307617
2019-09-16,271.0115661621094,94.04119873046875,113.15721893310547,141.32000732421875,13.514288902282715
2019-09-17,271.6977233886719,94.28694915771484,113.77099609375,141.60000610351562,13.257362365722656
2019-09-18,271.86029052734375,94.3208236694336,114.2538070678711,140.7100067138672,13.171721458435059
2019-09-19,271.8421325683594,94.36321258544922,114.59749603271484,141.27999877929688,13.240235328674316
2019-09-20,270.5577697753906,94.90555572509766,116.11135864257812,142.9499969482422,13.257362365722656
2019-09-23,270.4942626953125,95.04106140136719,116.08684539794922,143.75,13.291621208190918
2019-09-24,268.371826171875,95.515625,117.48616027832031,144.50999450683594,13.13746452331543
2019-09-25,269.9591979980469,94.88858032226562,115.7677001953125,141.8300018310547,13.06038761138916
2019-09-26,269.3968200683594,95.09190368652344,116.51234436035156,141.7899932861328,13.06038761138916
2019-09-27,267.9454040527344,95.22752380371094,116.79875946044922,141.05999755859375,13.009001731872559
2019-09-30,269.18804931640625,95.30374145507812,117.08515930175781,138.8699951171875,12.880538940429688
2019-10-01,265.9861755371094,95.5677261352539,117.43766021728516,139.6300048828125,12.871975898742676
2019-10-02,261.2876281738281,95.898681640625,117.72459411621094,141.25999450683594,12.760641098022461
2019-10-03,263.4283752441406,96.39937591552734,118.79845428466797,141.89999389648438,12.743512153625488
2019-10-04,266.99310302734375,96.58611297607422,119.67558288574219,141.89999389648438,12.846282005310059
2019-10-07,265.8411865234375,96.26361846923828,118.68368530273438,140.69000244140625,12.829153060913086
2019-10-08,261.7139587402344,96.46727752685547,119.00337219238281,141.9199981689453,12.820590019226074
2019-10-09,264.1992492675781,96.22119140625,118.33118438720703,142.0500030517578,12.85484790802002
2019-10-10,265.9861755371094,95.61864471435547,116.56873321533203,140.80999755859375,12.940488815307617
2019-10-11,268.7436828613281,94.96517181396484,115.12598419189453,140.02999877929688,13.094643592834473
2019-10-14,268.4443054199219,95.22825622558594,115.96215057373047,140.58999633789062,13.03469467163086
2019-10-15,271.10198974609375,94.76995849609375,114.56036376953125,139.61000061035156,13.000438690185547
2019-10-16,270.6666259765625,94.95665740966797,114.69969940185547,140.41000366210938,13.017565727233887
2019-10-17,271.46478271484375,94.9227294921875,114.42094421386719,140.61000061035156,13.068950653076172
2019-10-18,270.276611328125,95.00758361816406,114.42094421386719,140.4600067138672,13.06038761138916
2019-10-21,272.1089172363281,94.65966033935547,113.56018829345703,139.7899932861328,13.043258666992188
2019-10-22,271.2199401855469,94.88031768798828,114.22425842285156,140.1999969482422,13.06038761138916
2019-10-23,272.0091857910156,94.91423034667969,114.33901977539062,140.52999877929688,13.223106384277344
2019-10-24,272.45361328125,94.89726257324219,114.10952758789062,141.52999877929688,13.291621208190918
2019-10-25,273.56915283203125,94.69361114501953,113.552001953125,141.86000061035156,13.368698120117188
2019-10-28,275.1112365722656,94.337158203125,112.5191650390625,140.63999938964844,13.317313194274902
2019-10-29,275.02972412109375,94.42205047607422,112.59292602539062,140.25,13.291621208190918
2019-10-30,275.8731994628906,94.88031768798828,114.24063873291016,141.02000427246094,13.205978393554688
2019-10-31,275.1383972167969,95.48286437988281,115.78170013427734,142.42999267578125,13.128901481628418
2019-11-01,277.6872253417969,95.30264282226562,115.42533874511719,142.55999755859375,13.368698120117188
2019-11-04,278.802978515625,94.8182144165039,113.90620422363281,142.14999389648438,13.454339027404785
2019-11-05,278.4945373535156,94.30823516845703,112.62513732910156,139.85000610351562,13.48859691619873
2019-11-06,278.55810546875,94.58021545410156,113.30667114257812,140.4499969482422,13.343005180358887
2019-11-07,279.5376892089844,93.82381439208984,111.25373840332031,138.27000427246094,13.334441184997559
2019-11-08,280.22698974609375,93.69629669189453,110.78572082519531,137.38999938964844,13.368698120117188
2019-11-11,279.6919250488281,93.79827880859375,110.85958099365234,137.05999755859375,13.28305721282959
2019-11-12,280.28143310546875,93.84080505371094,111.3687744140625,137.42999267578125,13.291621208190918
2019-11-13,280.3721618652344,94.09578704833984,112.09136199951172,137.97999572753906,13.317313194274902
2019-11-14,280.78033447265625,94.57173156738281,113.24925994873047,138.55999755859375,13.274491310119629
2019-11-15,282.8121337890625,94.49525451660156,113.12602996826172,138.2100067138672,13.343005180358887
2019-11-18,283.02081298828125,94.65673065185547,113.33135223388672,138.6199951171875,13.205978393554688
2019-11-19,282.9391174316406,94.83522033691406,114.27572631835938,138.69000244140625,13.086079597473145
2019-11-20,281.88702392578125,95.18366241455078,115.45822143554688,138.75999450683594,13.257362365722656
2019-11-21,281.4334411621094,94.94568634033203,114.73556518554688,138.0,13.3772611618042
2019-11-22,282.05938720703125,94.92868041992188,114.88336944580078,137.74000549316406,13.368698120117188
2019-11-25,284.245361328125,94.97116088867188,115.22008514404297,137.0800018310547,13.368698120117188
2019-11-26,284.8892822265625,95.1496810913086,115.89344787597656,137.74000549316406,13.445775985717773
2019-11-27,286.1593322753906,94.90316772460938,115.55674743652344,137.00999450683594,13.3772611618042
2019-11-29,285.09796142578125,94.82669830322266,115.31034851074219,137.86000061035156,13.111771583557129
2019-12-02,282.6761169433594,94.48624420166016,113.77294921875,137.7899932861328,13.094643592834473
2019-12-03,280.78033447265625,95.32887268066406,116.15847778320312,139.11000061035156,13.103208541870117
2019-12-04,282.51287841796875,94.962890625,114.99867248535156,138.9199981689453,13.308749198913574
2019-12-05,283.02081298828125,94.74158477783203,114.43925476074219,139.0,13.334441184997559
2019-12-06,285.6059265136719,94.45215606689453,113.80593872070312,137.6199951171875,13.420083999633789
2019-12-09,284.70794677734375,94.52879333496094,114.0527114868164,137.5800018310547,13.4029541015625
2019-12-10,284.390380859375,94.41815185546875,114.06090545654297,137.97000122070312,13.46290397644043
2019-12-11,285.1977233886719,94.80967712402344,114.9574966430664,138.9199981689453,13.4029541015625
2019-12-12,287.6558532714844,94.06063842773438,113.06551361083984,138.42999267578125,13.522852897644043
2019-12-13,287.828125,94.61390686035156,114.37345886230469,139.0500030517578,13.5913667678833
2019-12-16,289.8055114746094,94.17133331298828,113.34524536132812,139.0399932861328,13.685572624206543
2019-12-17,289.8690490722656,94.17986297607422,113.18892669677734,139.00999450683594,13.745521545410156
2019-12-18,289.88720703125,93.92451477050781,112.25944519042969,139.02000427246094,13.754085540771484
2019-12-19,291.075439453125,93.99775695800781,112.43900299072266,139.3800048828125,13.814034461975098
2019-12-20,292.35162353515625,93.99775695800781,112.58733367919922,139.52000427246094,13.796907424926758
2019-12-23,292.7982482910156,93.91255187988281,112.42251586914062,139.9499969482422,13.800387382507324
2019-12-24,292.807373046875,94.07451629638672,112.74385833740234,141.27000427246094,13.861299514770508
2019-12-26,294.3660583496094,94.2109146118164,113.0157699584961,142.3800048828125,13.965713500976562
2019-12-27,294.2930603027344,94.3471908569336,113.13935089111328,142.3300018310547,13.991819381713867
2019-12-30,292.670654296875,94.28758239746094,112.72740936279297,142.6300048828125,13.965713500976562
2019-12-31,293.38165283203125,93.94664001464844,111.62330627441406,142.89999389648438,13.878700256347656
2020-01-02,296.12530517578125,94.38134002685547,112.88392639160156,143.9499969482422,13.896103858947754
2020-01-03,293.8829650878906,95.01210021972656,114.6223373413086,145.86000061035156,14.061429023742676
2020-01-06,295.0041198730469,94.90979766845703,113.97145080566406,147.38999938964844,14.08753490447998
2020-01-07,294.17462158203125,94.77344512939453,113.41122436523438,147.97000122070312,14.078832626342773
2020-01-08,295.742431640625,94.55183410644531,112.6614761352539,146.86000061035156,13.869998931884766
2020-01-09,297.747802734375,94.6199951171875,113.05696105957031,146.02999877929688,13.809089660644531
2020-01-10,296.89093017578125,94.8245620727539,114.06214141845703,146.91000366210938,13.809089660644531
2020-01-13,298.9327392578125,94.7137680053711,113.71609497070312,145.82000732421875,13.704672813415527
2020-01-14,298.47705078125,94.90126037597656,114.30105590820312,145.69000244140625,13.765583038330078
2020-01-15,299.1515808105469,95.13992309570312,115.05902099609375,146.5399932861328,13.695971488952637
2020-01-16,301.6400146484375,94.94387817382812,114.69659423828125,146.30999755859375,13.678569793701172
2020-01-17,302.5788269042969,94.86717987060547,113.71609497070312,146.5800018310547,13.722075462341309
2020-01-21,301.9863586425781,95.24222564697266,114.91077423095703,146.74000549316406,13.643763542175293
2020-01-22,302.0228271484375,95.25923919677734,115.31446075439453,146.7899932861328,13.461034774780273
2020-01-23,302.369140625,95.49791717529297,116.12190246582031,147.1199951171875,13.347917556762695
2020-01-24,299.68017578125,95.8388671875,117.0611343383789,147.97999572753906,13.147784233093262
2020-01-27,294.8765563964844,96.48665618896484,118.88202667236328,148.99000549316406,12.904146194458008
2020-01-28,297.96649169921875,96.16275787353516,117.95093536376953,147.66000366210938,12.965056419372559
2020-01-29,297.7204284667969,96.62298583984375,119.10441589355469,148.4600067138672,12.904146194458008
2020-01-30,298.68670654296875,96.716796875,119.12094116210938,148.47000122070312,12.791028022766113
2020-01-31,293.2630920410156,97.20263671875,120.2085189819336,149.3300018310547,12.68661117553711
2020-02-03,295.441650390625,97.11984252929688,120.11114501953125,148.36000061035156,12.451674461364746
2020-02-04,299.9445495605469,96.55650329589844,118.4935531616211,146.42999267578125,12.469077110290527
2020-02-05,303.4082946777344,96.13833618164062,117.19788360595703,146.61000061035156,12.660507202148438
2020-02-06,304.42926025390625,96.20660400390625,117.7259750366211,147.39999389648438,12.712716102600098
2020-02-07,302.8067626953125,96.66754150390625,119.195068359375,147.7899932861328,12.64310359954834
2020-02-10,305.0672912597656,96.85529327392578,119.52516174316406,148.1699981689453,12.529986381530762
2020-02-11,305.5959777832031,96.62483978271484,118.92271423339844,147.66000366210938,12.573493003845215
2020-02-12,307.56488037109375,96.37732696533203,118.32023620605469,147.5399932861328,12.747520446777344
2020-02-13,307.2367248535156,96.4626693725586,118.77418518066406,148.3800048828125,12.75622272491455
2020-02-14,307.7288818359375,96.70164489746094,119.29411315917969,149.0,12.747520446777344
2020-02-18,306.9358825683594,96.85529327392578,120.11114501953125,150.91000366210938,12.843236923217773
2020-02-19,308.4034729003906,96.83820343017578,120.10289001464844,151.7899932861328,12.965056419372559
2020-02-20,307.1363830566406,97.11984252929688,121.04364776611328,152.41000366210938,12.912846565246582
2020-02-21,303.9734802246094,97.51245880126953,122.17430114746094,154.6999969482422,12.860639572143555
2020-02-24,293.89208984375,98.27207946777344,123.99818420410156,156.08999633789062,12.617000579833984
2020-02-25,284.9864807128906,98.54519653320312,124.65840911865234,153.3000030517578,12.382062911987305
2020-02-26,283.9382019042969,98.4940185546875,123.99818420410156,153.97000122070312,12.260244369506836
2020-02-27,271.18609619140625,98.97199249267578,125.34342193603516,154.0,12.051410675048828
2020-02-28,270.0467529296875,100.08152770996094,128.1741485595703,148.3800048828125,11.842577934265137
2020-03-02,281.7415466308594,100.01316833496094,127.23107147216797,149.1999969482422,12.112320899963379
2020-03-03,273.674560546875,101.17529296875,129.20632934570312,153.88999938964844,12.13842487335205
2020-03-04,285.1779479980469,100.95314025878906,127.83440399169922,154.16000366210938,12.147125244140625
2020-03-05,275.69818115234375,101.85037231445312,131.01646423339844,157.49000549316406,12.016605377197266
2020-03-06,271.1405334472656,102.88433074951172,137.83499145507812,157.5500030517578,11.625042915344238
2020-03-09,249.96597290039062,103.80723571777344,141.57073974609375,157.80999755859375,10.720100402832031
2020-03-10,262.9004821777344,101.90164184570312,134.3140869140625,154.47999572753906,11.059453964233398
2020-03-11,250.0843963623047,100.88475799560547,129.3717041015625,153.92999267578125,10.859321594238281
2020-03-12,226.15707397460938,100.93602752685547,130.1733856201172,147.7899932861328,10.4242525100708
2020-03-13,245.49037170410156,100.27802276611328,127.23107147216797,143.27999877929688,10.537371635437012
2020-03-16,218.62794494628906,102.92706298828125,135.47122192382812,141.63999938964844,9.902170181274414
2020-03-17,230.4320831298828,100.34640502929688,126.43763732910156,143.55999755859375,9.74554443359375
2020-03-18,218.76466369628906,98.95354461669922,119.30501556396484,140.6999969482422,9.423593521118164
2020-03-19,219.22950744628906,99.27827453613281,122.55308532714844,138.0399932861328,9.623725891113281
2020-03-20,209.78199768066406,101.80765533447266,131.7685089111328,140.11000061035156,9.519309043884277
2020-03-23,204.41822814941406,103.01252746582031,137.19862365722656,146.3000030517578,9.632427215576172
2020-03-24,222.93919372558594,102.31179809570312,134.6447296142578,153.39999389648438,9.84126091003418
2020-03-25,226.27659606933594,102.37162780761719,134.33888244628906,151.3000030517578,10.006587028503418
2020-03-26,239.48895263671875,102.61942291259766,135.00013732910156,153.24000549316406,9.971780776977539
2020-03-27,232.3555450439453,103.37995910644531,138.6036376953125,152.25,9.936975479125977
2020-03-30,239.90151977539062,103.61922454833984,137.46311950683594,152.9199981689453,9.910872459411621
2020-03-31,236.32565307617188,103.80723571777344,136.3473663330078,148.0500030517578,9.78905200958252
2020-04-01,225.6898193359375,104.22985076904297,138.25762939453125,149.4499969482422,9.510607719421387
2020-04-02,230.8977508544922,104.24695587158203,139.13499450683594,151.89999389648438,9.693337440490723
2020-04-03,227.560302734375,104.32398223876953,139.4661102294922,152.64999389648438,9.936975479125977
2020-04-06,242.8446502685547,103.85340881347656,139.10189819335938,156.8800048828125,9.98918342590332
2020-04-07,243.09226989746094,103.39143371582031,137.6451416015625,156.0399932861328,10.058795928955078
2020-04-08,251.2524871826172,103.26309204101562,136.64361572265625,154.64999389648438,10.03269100189209
2020-04-09,255.07589721679688,103.48555755615234,136.89199829101562,158.69000244140625,10.058795928955078
2020-04-13,252.7469482421875,103.26309204101562,135.64208984375,161.41000366210938,10.23282241821289
2020-04-14,260.2012023925781,103.39997863769531,135.60903930664062,162.67999267578125,10.145808219909668
2020-04-15,254.67242431640625,104.32398223876953,139.20118713378906,161.85000610351562,9.936975479125977
2020-04-16,255.9009552001953,104.4352035522461,140.78211975097656,161.7100067138672,9.910872459411621
2020-04-17,262.8143615722656,104.16141510009766,138.89500427246094,158.57000732421875,9.954378128051758
2020-04-20,258.18402099609375,104.4352035522461,140.01234436035156,159.6999969482422,9.78905200958252
2020-04-21,250.34471130371094,104.72605895996094,141.77523803710938,158.61000061035156,9.32787799835205
2020-04-22,255.9009552001953,104.40093994140625,140.32681274414062,161.72999572753906,9.458399772644043
2020-04-23,255.88272094726562,104.46939849853516,141.07171630859375,163.33999633789062,9.432295799255371
2020-04-24,259.44927978515625,104.49507904052734,141.4029083251953,162.63999938964844,9.310476303100586
2020-04-27,263.190185546875,103.9389419555664,138.770751953125,161.55999755859375,9.136449813842773
2020-04-28,261.97991943359375,104.39240264892578,140.36822509765625,160.83999633789062,9.145150184631348
2020-04-29,268.8381652832031,104.341064453125,139.639892578125,161.72999572753906,9.310476303100586
2020-04-30,266.3350830078125,104.0929946899414,138.00926208496094,158.8000030517578,9.484503746032715
2020-05-01,259.28436279296875,104.23685455322266,139.19117736816406,159.77999877929688,9.362685203552246
2020-05-04,259.9994812011719,104.25395965576172,138.53639221191406,160.33999633789062,9.475802421569824
2020-05-05,262.4017028808594,104.17688751220703,137.649658203125,161.02000427246094,9.719441413879395
2020-05-06,260.6229248046875,103.79145050048828,135.42852783203125,158.9499969482422,9.528011322021484
2020-05-07,263.76776123046875,104.42524719238281,137.6911163330078,161.38999938964844,9.588920593261719
2020-05-08,268.13226318359375,104.08268737792969,135.90098571777344,160.4199981689453,9.78905200958252
2020-05-11,268.18719482421875,103.79145050048828,134.8401641845703,159.4199981689453,9.658531188964844
2020-05-12,262.84185791015625,104.13407135009766,136.22415161132812,160.0399932861328,9.580219268798828
2020-05-13,258.1932678222656,104.34818267822266,137.1772918701172,161.5800018310547,9.484503746032715
2020-05-14,261.28314208984375,104.51090240478516,138.5198516845703,163.00999450683594,9.64983081817627
2020-05-15,262.48419189453125,104.4423828125,138.1634979248047,163.92999267578125,9.74554443359375
2020-05-18,270.4793395996094,103.80006408691406,135.13021850585938,162.69000244140625,10.0239896774292
2020-05-19,267.7012023925781,104.09127807617188,135.63575744628906,164.25999450683594,9.997884750366211
2020-05-20,272.2489929199219,104.1169662475586,136.0418243408203,164.64999389648438,10.171913146972656
2020-05-21,270.369384765625,104.18545532226562,136.38165283203125,162.25,10.128406524658203
2020-05-22,270.8828125,104.38243865966797,137.20205688476562,163.2100067138672,10.050094604492188
2020-05-26,274.2202453613281,104.10839080810547,135.3623046875,160.88999938964844,10.154509544372559
2020-05-27,278.3003845214844,104.19400024414062,135.1136016845703,161.17999267578125,10.0239896774292
2020-05-28,277.7868957519531,104.0998306274414,134.61636352539062,161.72000122070312,10.076197624206543
2020-05-29,279.0247497558594,104.43384552001953,135.5776824951172,162.91000366210938,10.250224113464355
2020-06-01,280.15252685546875,104.39266967773438,134.66493225097656,163.66000366210938,10.311136245727539
2020-06-02,282.4721374511719,104.22122955322266,134.17530822753906,162.60000610351562,10.4242525100708
2020-06-03,286.2313537597656,103.60396575927734,132.39117431640625,159.60000610351562,10.4242525100708
2020-06-04,285.47955322265625,103.19243621826172,130.47425842285156,161.27999877929688,10.511265754699707
2020-06-05,292.79620361328125,102.67806243896484,129.54486083984375,158.00999450683594,10.720100402832031
2020-06-08,296.33544921875,102.78954315185547,130.0427703857422,159.72000122070312,10.650487899780273
2020-06-09,294.12579345703125,103.1581802368164,131.51991271972656,161.25999450683594,10.685295104980469
2020-06-10,292.48443603515625,103.92974853515625,133.469970703125,163.57000732421875,10.754904747009277
2020-06-11,275.623046875,104.29835510253906,135.9925994873047,162.38999938964844,10.40684986114502
2020-06-12,278.923828125,104.06688690185547,134.68148803710938,162.6199951171875,10.450357437133789
2020-06-15,281.5277404785156,103.9811782836914,134.75621032714844,162.3300018310547,10.546072959899902
2020-06-16,286.94659423828125,103.766845703125,132.68991088867188,162.25,10.633086204528809
2020-06-17,285.754638671875,103.92974853515625,133.2376251220703,162.55999755859375,10.580877304077148
2020-06-18,285.86468505859375,104.16117858886719,134.6483154296875,162.24000549316406,10.6417875289917
2020-06-19,284.23089599609375,104.19551849365234,134.75621032714844,164.02999877929688,10.728801727294922
2020-06-22,286.0543518066406,104.10118103027344,134.77276611328125,165.08999633789062,10.8419189453125
2020-06-23,287.37127685546875,104.06688690185547,133.85166931152344,166.47999572753906,10.78971004486084
2020-06-24,280.0407409667969,104.26410675048828,135.28726196289062,165.89999389648438,10.519968032836914
2020-06-25,283.04296875,104.28121948242188,135.67730712890625,165.8000030517578,10.615682601928711
2020-06-26,276.32025146484375,104.56414794921875,137.12953186035156,166.5399932861328,10.485161781311035
2020-06-29,280.3814697265625,104.66700744628906,136.697998046875,166.6300048828125,10.659189224243164
2020-06-30,283.9730529785156,104.47840881347656,136.03404235839844,167.3699951171875,10.71139907836914
2020-07-01,285.9621887207031,104.31536865234375,135.76991271972656,166.6199951171875,10.798412322998047
2020-07-02,287.5370178222656,104.44409942626953,135.91119384765625,166.97999572753906,10.8419189453125
2020-07-06,291.9757995605469,104.28964233398438,135.3545379638672,167.97999572753906,10.928933143615723
2020-07-07,288.9643859863281,104.62425231933594,137.25714111328125,169.0399932861328,10.937634468078613
2020-07-08,291.1746826171875,104.46125030517578,136.70875549316406,170.08999633789062,11.076855659484863
2020-07-09,289.51702880859375,104.79585266113281,138.88546752929688,169.6300048828125,10.946335792541504
2020-07-10,292.4730529785156,104.58992004394531,138.18753051757812,169.19000244140625,11.015946388244629
2020-07-13,289.9405212402344,104.70149993896484,138.64453125,169.39999389648438,10.902828216552734
2020-07-14,293.697998046875,104.69288635253906,138.8439483642578,170.19000244140625,10.955038070678711
2020-07-15,296.396240234375,104.6585922241211,138.19590759277344,170.33999633789062,11.08555793762207
2020-07-16,295.4201354980469,104.73580169677734,138.8522186279297,168.72999572753906,10.998544692993164
2020-07-17,296.2764892578125,104.71009063720703,138.5614471435547,170.1199951171875,11.015946388244629
2020-07-20,298.6709289550781,104.77872467041016,138.90208435058594,170.94000244140625,11.007244110107422
2020-07-21,299.30633544921875,104.8902587890625,138.98516845703125,173.0,11.163869857788086
2020-07-22,301.0099792480469,104.92461395263672,139.4005584716797,175.6300048828125,11.233480453491211
2020-07-23,297.4184265136719,105.02754974365234,141.0289306640625,177.17999267578125,11.207377433776855
2020-07-24,295.5029602050781,104.97608947753906,141.02064514160156,178.6999969482422,11.224780082702637
2020-07-27,297.6578369140625,104.81307220458984,140.49722290039062,182.22999572753906,11.32919692993164
2020-07-28,295.77001953125,105.06189727783203,141.46922302246094,183.75,11.26828670501709
2020-07-29,299.4075927734375,105.19917297363281,141.2283477783203,185.1300048828125,11.32919692993164
2020-07-30,298.33935546875,105.34503936767578,142.1588134765625,183.75999450683594,11.198676109313965
2020-07-31,300.6969299316406,105.37078857421875,142.06741333007812,185.42999267578125,11.259584426879883
2020-08-03,302.7873229980469,105.31925964355469,141.35211181640625,185.63999938964844,11.372702598571777
2020-08-04,303.9569091796875,105.6799087524414,142.6995391845703,189.58999633789062,11.433613777160645
2020-08-05,305.8448181152344,105.32785034179688,141.45199584960938,191.35000610351562,11.529328346252441
2020-08-06,307.88922119140625,105.44808959960938,142.2421112060547,193.88999938964844,11.616342544555664
2020-08-07,308.1103210449219,105.22482299804688,141.2938995361328,190.80999755859375,11.459716796875
2020-08-10,309.0311279296875,105.11312103271484,140.6618194580078,190.14999389648438,11.520626068115234
2020-08-11,306.4802551269531,104.75247192382812,138.99002075195312,179.94000244140625,11.337897300720215
2020-08-12,310.7532958984375,104.44332122802734,137.72579956054688,179.10000610351562,11.459716796875
2020-08-13,310.1915283203125,104.2286148071289,136.25369262695312,183.3300018310547,11.520626068115234
2020-08-14,310.20074462890625,104.28015899658203,135.7213897705078,182.5399932861328,11.520626068115234
2020-08-17,311.1861877441406,104.4518814086914,136.0623321533203,186.5,11.712058067321777
2020-08-18,311.8583984375,104.63227844238281,137.03543090820312,188.17999267578125,11.738160133361816
2020-08-19,310.5599365234375,104.49484252929688,136.17884826660156,182.24000549316406,11.70335578918457
2020-08-20,311.5268249511719,104.7954330444336,137.40985107421875,183.5,11.685953140258789
2020-08-21,312.6319580078125,104.87271118164062,138.23313903808594,182.02999877929688,11.572834968566895
2020-08-24,315.7999572753906,104.72669982910156,138.00852966308594,181.0,11.633745193481445
2020-08-25,316.9049377441406,104.4776840209961,136.95233154296875,181.22000122070312,11.729459762573242
2020-08-26,320.0821533203125,104.43473815917969,136.4282989501953,183.36000061035156,11.755563735961914
2020-08-27,320.781982421875,104.0654525756836,134.1078338623047,181.24000549316406,11.712058067321777
2020-08-28,322.8540954589844,104.23717498779297,134.0080108642578,184.38999938964844,11.790369033813477
2020-08-31,321.68450927734375,104.34881591796875,134.89801025390625,184.8300018310547,11.781667709350586
2020-09-01,324.7143249511719,104.6908950805664,136.44085693359375,185.0500030517578,11.799071311950684
2020-09-02,329.4110412597656,104.83699035644531,137.7398681640625,182.6199951171875,11.64244556427002
2020-09-03,318.07452392578125,104.97450256347656,138.1311798095703,181.13999938964844,11.538029670715332
2020-09-04,315.4775695800781,104.39005279541016,135.50827026367188,181.63999938964844,11.433613777160645
2020-09-08,306.8577575683594,104.61356353759766,136.3409423828125,181.2899932861328,11.155167579650879
2020-09-09,312.91741943359375,104.5619888305664,135.9745330810547,183.0500030517578,11.259584426879883
2020-09-10,307.48406982421875,104.6908950805664,136.66566467285156,182.4600067138672,11.146467208862305
2020-09-11,307.6406555175781,104.85414123535156,136.95713806152344,182.4499969482422,11.224780082702637
2020-09-14,311.6926574707031,104.75965118408203,136.9487762451172,183.88999938964844,11.233480453491211
2020-09-15,313.26739501953125,104.70809173583984,136.61573791503906,183.4499969482422,11.294389724731445
2020-09-16,312.02410888671875,104.64788818359375,136.20770263671875,183.97000122070312,11.50322437286377
2020-09-17,309.27984619140625,104.68225860595703,136.6240234375,182.9600067138672,11.633745193481445
2020-09-18,305.71917724609375,104.58772277832031,136.19937133789062,183.1999969482422,11.685953140258789
2020-09-21,302.3166198730469,104.77682495117188,136.8905029296875,179.52000427246094,11.398807525634766
2020-09-22,305.3955078125,104.77682495117188,136.7823028564453,178.64999389648438,11.346599578857422
2020-09-23,298.3131408691406,104.77682495117188,136.96542358398438,174.7899932861328,11.216079711914062
2020-09-24,299.1083068847656,104.8283920288086,137.49000549316406,175.44000244140625,11.26828670501709
2020-09-25,303.9439697265625,104.91435241699219,137.49000549316406,174.94000244140625,11.26828670501709
2020-09-28,308.9923400878906,104.89716339111328,137.0986785888672,176.6999969482422,11.36400318145752
2020-09-29,307.3095397949219,104.97450256347656,137.25685119628906,178.19000244140625,11.233480453491211
2020-09-30,309.639404296875,104.6908950805664,135.9412384033203,177.1199951171875,11.36400318145752
2020-10-01,311.6273498535156,104.75018310546875,136.1654815673828,178.6999969482422,11.224780082702637
2020-10-02,308.66864013671875,104.64703369140625,135.65699768066406,178.5399932861328,11.08555793762207
2020-10-05,314.1423034667969,103.9848403930664,133.00640869140625,179.41000366210938,11.372702598571777
2020-10-06,309.676513671875,104.22566223144531,133.7232666015625,177.3000030517578,11.41620922088623
2020-10-07,315.06689453125,103.92467498779297,132.74803161621094,177.22000122070312,11.459716796875
2020-10-08,317.8592224121094,104.11385345458984,133.46485900878906,177.85000610351562,11.572834968566895
2020-10-09,320.6976623535156,104.06224060058594,133.4398193359375,181.0800018310547,11.607640266418457
2020-10-12,325.8569641113281,104.17403411865234,133.864990234375,180.55999755859375,11.485820770263672
2020-10-13,323.73028564453125,104.40620422363281,134.82351684570312,177.72000122070312,11.511924743652344
2020-10-14,321.6962890625,104.44061279296875,135.13189697265625,178.27000427246094,11.590237617492676
2020-10-15,321.2987365722656,104.328857421875,134.8984832763672,178.9199981689453,11.625042915344238
2020-10-16,321.1045227050781,104.2686538696289,134.52346801757812,178.3000030517578,11.546731948852539
2020-10-19,316.2226257324219,104.09662628173828,134.01495361328125,178.38999938964844,11.555431365966797
2020-10-20,317.4893493652344,103.87308502197266,132.73973083496094,179.25,11.685953140258789
2020-10-21,316.88836669921875,103.73548889160156,132.2812042236328,180.60000610351562,11.590237617492676
2020-10-22,318.6265563964844,103.37431335449219,130.9058837890625,178.8300018310547,11.625042915344238
2020-10-23,319.7084045410156,103.52046966552734,131.7061309814453,178.63999938964844,11.538029670715332
2020-10-26,313.80023193359375,103.79568481445312,132.93142700195312,178.5500030517578,11.372702598571777
2020-10-27,312.7184143066406,104.02789306640625,133.8232879638672,179.02000427246094,11.451016426086426
2020-10-28,302.030029296875,104.01924896240234,133.9482421875,176.1300048828125,11.146467208862305
2020-10-29,305.09967041015625,103.5806884765625,132.64791870117188,175.39999389648438,11.007244110107422
2020-10-30,301.9190673828125,103.24530029296875,131.33938598632812,176.1999969482422,11.007244110107422
2020-11-02,305.30316162109375,103.42256164550781,132.32318115234375,177.91000366210938,11.207377433776855
2020-11-03,310.6934814453125,103.19025421142578,131.55545043945312,178.9199981689453,11.27698802947998
2020-11-04,317.6373291015625,104.0593490600586,134.40919494628906,178.82000732421875,11.398807525634766
2020-11-05,323.8321533203125,104.04212188720703,134.64280700683594,182.92999267578125,11.451016426086426
2020-11-06,323.7582092285156,103.6893310546875,133.0156707763672,183.19000244140625,11.40750789642334
2020-11-09,327.8264465332031,102.9234848022461,130.22036743164062,175.0800018310547,11.546731948852539
2020-11-10,327.3455810546875,102.63093566894531,129.46939086914062,175.66000366210938,11.772966384887695
2020-11-11,329.7773132324219,102.79439544677734,129.93667602539062,174.89999389648438,11.764266014099121
2020-11-12,326.578125,103.3795394897461,132.1478729248047,175.9600067138672,11.668549537658691
2020-11-13,331.0994567871094,103.24188232421875,131.97256469726562,177.16000366210938,11.616342544555664
2020-11-16,335.2323913574219,103.1644287109375,131.65557861328125,177.14999389648438,11.720759391784668
2020-11-17,333.429443359375,103.43116760253906,132.5150146484375,176.5,11.755563735961914
2020-11-18,329.4165954589844,103.39677429199219,132.89889526367188,175.49000549316406,11.772966384887695
2020-11-19,330.80352783203125,103.50862884521484,133.58306884765625,175.16000366210938,11.772966384887695
2020-11-20,328.5382385253906,103.6893310546875,134.76803588867188,175.69000244140625,11.833876609802246
2020-11-23,330.5076599121094,103.48283386230469,134.15052795410156,172.22999572753906,11.868681907653809
2020-11-24,335.8333435058594,103.31932830810547,132.8154754638672,169.58999633789062,12.12102222442627
2020-11-25,335.31561279296875,103.35372924804688,132.4066162109375,169.50999450683594,12.225439071655273
2020-11-27,336.24951171875,103.66352844238281,133.6916046142578,167.7899932861328,12.199335098266602
2020-11-30,334.7608947753906,103.59467315673828,133.52468872070312,166.6699981689453,12.12972354888916
2020-12-01,338.4222106933594,103.04361724853516,131.5559539794922,170.17999267578125,12.094918251037598
2020-12-02,339.13421630859375,102.87137603759766,130.5118408203125,171.4600067138672,12.147125244140625
2020-12-03,339.041748046875,103.14691162109375,131.56431579589844,172.80999755859375,12.164527893066406
2020-12-04,341.9634704589844,102.74224090576172,129.63482666015625,172.32000732421875,12.216737747192383
2020-12-07,341.2608642578125,103.0608139038086,130.80419921875,174.88999938964844,12.216737747192383
2020-12-08,342.2593994140625,103.16413116455078,131.42233276367188,175.5,12.234139442443848
2020-12-09,339.189697265625,103.01779174804688,130.98802185058594,172.5,12.242840766906738
2020-12-10,339.0788269042969,103.25025177001953,132.1490020751953,172.1699981689453,12.425569534301758
2020-12-11,338.68121337890625,103.45692443847656,132.61676025390625,172.49000549316406,12.390764236450195
2020-12-14,337.1648864746094,103.39665222167969,132.249267578125,171.5399932861328,12.425569534301758
2020-12-15,341.72314453125,103.29328918457031,131.80648803710938,173.94000244140625,12.521286010742188
2020-12-16,342.2593994140625,103.20719146728516,131.45574951171875,174.89999389648438,12.590897560119629
2020-12-17,344.17333984375,103.13227081298828,131.10789489746094,176.74000549316406,12.73882007598877
2020-12-18,342.79913330078125,103.04608917236328,130.71495056152344,176.44000244140625,12.782326698303223
2020-12-21,341.57330322265625,103.11499786376953,131.23329162597656,175.8800048828125,12.651805877685547
2020-12-22,340.9976806640625,103.28732299804688,131.91065979003906,174.49000549316406,12.51258373260498
2020-12-23,341.3041076660156,103.07194519042969,130.99917602539062,175.64999389648438,12.669209480285645
2020-12-24,342.63189697265625,103.21841430664062,131.5175323486328,176.35000610351562,12.704014778137207
2020-12-28,345.57537841796875,103.22698974609375,131.57614135742188,175.7100067138672,12.625702857971191
2020-12-29,344.9161682128906,103.20977783203125,131.4088897705078,176.35000610351562,12.660507202148438
2020-12-30,345.4082336425781,103.27872467041016,131.6931915283203,177.6999969482422,12.73882007598877
2020-12-31,347.1631774902344,103.34764099121094,131.88551330566406,178.36000061035156,12.791028022766113
2021-01-04,342.4369812011719,103.37349700927734,131.72662353515625,182.3300018310547,12.721417427062988
2021-01-05,344.7954406738281,103.13227081298828,130.74832153320312,182.8699951171875,13.07817268371582
2021-01-06,346.85675048828125,102.52910614013672,128.0642852783203,179.89999389648438,13.095576286315918
2021-01-07,352.01025390625,102.16725158691406,126.93551635742188,179.47999572753906,13.156485557556152
2021-01-08,354.015869140625,101.87433624267578,126.5257797241211,173.33999633789062,13.260902404785156
2021-01-11,351.6295166015625,101.67617797851562,126.31673431396484,173.0,13.16518783569336
2021-01-12,351.7038269042969,101.6589126586914,126.21641540527344,174.1199951171875,13.417527198791504
2021-01-13,352.6509094238281,102.01215362548828,127.63785552978516,173.3699951171875,13.382721900939941
2021-01-14,351.4159240722656,101.77953338623047,126.44218444824219,173.27999877929688,13.504541397094727
2021-01-15,348.8531188964844,102.05522155761719,126.94385528564453,171.1300048828125,13.313111305236816
2021-01-19,351.5923156738281,102.1155776977539,127.35360717773438,172.5800018310547,13.356618881225586
2021-01-20,356.45794677734375,102.15864562988281,127.47898864746094,175.38999938964844,13.365320205688477
2021-01-21,356.7828369140625,102.01215362548828,126.58433532714844,175.27999877929688,13.356618881225586
2021-01-22,355.52008056640625,102.16725158691406,126.99407958984375,173.89999389648438,13.130382537841797
2021-01-25,356.9222412109375,102.58084106445312,128.49078369140625,174.0500030517578,13.269604682922363
2021-01-26,356.3650207519531,102.54633331298828,128.24827575683594,173.6199951171875,13.295708656311035
2021-01-27,347.65533447265625,102.66694641113281,128.5744171142578,172.52000427246094,13.260902404785156
2021-01-28,350.6451721191406,102.39987182617188,127.86363220214844,172.67999267578125,13.199993133544922
2021-01-29,343.6254577636719,102.21895599365234,127.09440612792969,172.61000061035156,13.217395782470703
2021-02-01,349.3453369140625,102.34654998779297,127.2416763305664,174.22999572753906,13.469734191894531
2021-02-02,354.2851257324219,102.08789825439453,126.42138671875,172.11000061035156,13.574151992797852
2021-02-03,354.56365966796875,101.83787536621094,125.29962158203125,171.85000610351562,13.669867515563965
2021-02-04,358.5934753417969,101.80340576171875,124.9647445678711,168.14999389648438,13.73947811126709
2021-02-05,360.0048828125,101.58785247802734,123.91835021972656,169.80999755859375,13.809089660644531
2021-02-08,362.60491943359375,101.63098907470703,124.46245574951172,171.52000427246094,14.026625633239746
2021-02-09,362.3634033203125,101.70853424072266,124.55461120605469,172.0800018310547,14.078832626342773
2021-02-10,362.2055969238281,101.96717834472656,125.38331604003906,172.7100067138672,14.052727699279785
2021-02-11,362.7905578613281,101.88957214355469,124.69691467285156,171.2100067138672,14.026625633239746
2021-02-12,364.5826416015625,101.55339050292969,123.14824676513672,170.69000244140625,14.200652122497559
2021-02-16,364.2669677734375,100.82052612304688,121.27302551269531,168.24000549316406,14.392082214355469
2021-02-17,364.3505554199219,100.88949584960938,122.04320526123047,166.3300018310547,14.435589790344238
2021-02-18,362.7998352050781,100.8808822631836,121.54927062988281,166.32000732421875,14.383380889892578
2021-02-19,362.1591491699219,100.47567749023438,119.93363952636719,167.00999450683594,14.374679565429688
2021-02-22,359.3735046386719,100.31188201904297,119.021240234375,169.50999450683594,14.696629524230957
2021-02-23,359.8099060058594,100.38946533203125,118.67807006835938,169.1199951171875,14.766240119934082
2021-02-24,363.7747497558594,100.25149536132812,117.8995132446289,169.0,14.992476463317871
2021-02-25,355.00946044921875,98.91517639160156,115.97410583496094,165.82000732421875,14.870657920837402
2021-02-26,353.18017578125,99.80320739746094,119.80815124511719,161.80999755859375,14.557406425476074
2021-03-01,361.7413024902344,99.69105529785156,118.22576904296875,161.52999877929688,14.435589790344238
2021-03-02,358.9185485839844,99.8721694946289,118.23417663574219,162.41000366210938,14.496499061584473
2021-03-03,354.1644287109375,99.33734130859375,116.95178985595703,160.6199951171875,14.583512306213379
2021-03-04,349.7817077636719,98.84559631347656,116.197509765625,159.0399932861328,14.809748649597168
2021-03-05,356.2165832519531,98.70760345458984,116.42376708984375,159.13999938964844,15.114297866821289
2021-03-08,354.4429626464844,98.31940460205078,115.51859283447266,157.49000549316406,14.905463218688965
2021-03-09,359.5035400390625,98.78520202636719,117.11942291259766,160.83999633789062,14.905463218688965
2021-03-10,361.7413024902344,98.99227905273438,117.35408020019531,161.66000366210938,15.001179695129395
2021-03-11,365.4090270996094,98.95775604248047,116.50758361816406,161.52000427246094,15.227415084838867
2021-03-12,365.90118408203125,98.24173736572266,114.03510284423828,161.49000549316406,15.15780258178711
2021-03-15,368.08331298828125,98.36251831054688,114.70558166503906,162.1999969482422,15.105596542358398
2021-03-16,367.6190185546875,98.34526824951172,114.24464416503906,162.35000610351562,15.044684410095215
2021-03-17,368.87255859375,98.18133544921875,113.3897476196289,163.50999450683594,15.044684410095215
2021-03-18,363.505615234375,97.56888580322266,112.24152374267578,162.55999755859375,14.331171989440918
2021-03-19,362.8329162597656,97.50845336914062,112.93717956542969,163.24000549316406,14.644421577453613
2021-03-22,365.7301025390625,97.82763671875,114.2027359008789,163.0,14.618317604064941
2021-03-23,362.8514404296875,98.31077575683594,115.23368072509766,161.80999755859375,14.20935344696045
2021-03-24,361.0069580078125,98.44017028808594,115.8538589477539,162.3699951171875,14.583512306213379
2021-03-25,363.03790283203125,98.31077575683594,114.94031524658203,161.77999877929688,14.252860069274902
2021-03-26,368.8882751464844,97.98294830322266,114.53802490234375,162.24000549316406,14.592214584350586
2021-03-29,368.7019348144531,97.64649963378906,113.56581115722656,160.30999755859375,14.609618186950684
2021-03-30,367.72381591796875,97.56023406982422,114.16087341308594,157.57000732421875,14.374679565429688
2021-03-31,369.2143249511719,97.42221069335938,113.5239028930664,159.9600067138672,14.45299243927002
2021-04-01,373.20147705078125,97.85380554199219,115.40802001953125,161.97999572753906,14.696629524230957
2021-04-05,378.5579833984375,97.57759094238281,114.90449523925781,161.9199981689453,14.479095458984375
2021-04-06,378.33447265625,98.05233764648438,115.68497467041016,163.22000122070312,14.531305313110352
2021-04-07,378.7723388671875,97.99191284179688,114.87930297851562,162.75999450683594,14.574811935424805
2021-04-08,380.5702819824219,98.32855987548828,115.8276596069336,164.50999450683594,14.653122901916504
2021-04-09,383.3370666503906,98.06958770751953,115.40802001953125,163.27000427246094,14.600915908813477
2021-04-12,383.4768981933594,98.00918579101562,115.3576431274414,162.27999877929688,14.609618186950684
2021-04-13,384.6133117675781,98.41490936279297,116.22212982177734,163.42999267578125,14.766240119934082
2021-04-14,383.29986572265625,98.29405212402344,115.85283660888672,162.72000122070312,15.105596542358398
2021-04-15,387.41741943359375,98.92418670654297,117.79159545898438,165.35000610351562,15.201311111450195
2021-04-16,388.7123718261719,98.6566162109375,116.87672424316406,166.35000610351562,15.175206184387207
2021-04-19,386.802490234375,98.55300903320312,116.54105377197266,165.88999938964844,15.192608833312988
2021-04-20,383.9705810546875,98.84649658203125,117.07816314697266,166.47999572753906,15.166505813598633
2021-04-21,387.60369873046875,98.8983154296875,117.3132095336914,168.1300048828125,15.105596542358398
2021-04-22,384.06378173828125,98.97599029541016,117.82515716552734,167.0399932861328,15.227415084838867
2021-04-23,388.2279357910156,98.84649658203125,117.5482177734375,166.39999389648438,15.34923267364502
2021-04-26,389.03839111328125,98.74288940429688,117.38032531738281,166.83999633789062,15.45365047454834
2021-04-27,388.9544677734375,98.35449981689453,116.35639953613281,166.4199981689453,15.584172248840332
2021-04-28,388.8427429199219,98.48394775390625,116.43193817138672,166.91000366210938,15.610275268554688
2021-04-29,391.3207092285156,98.31134033203125,116.08783721923828,166.22000122070312,15.714691162109375
2021-04-30,388.7496032714844,98.39762115478516,116.35639953613281,165.66000366210938,15.584172248840332
2021-05-03,389.5880432128906,98.56520080566406,116.42620086669922,167.80999755859375,15.758198738098145
2021-05-04,387.1845397949219,98.69478607177734,117.21631622314453,166.5800018310547,16.0018367767334
2021-05-05,387.3056335449219,98.8156967163086,117.4095458984375,167.27000427246094,16.062746047973633
2021-05-06,390.3985290527344,98.85887145996094,117.60289001464844,170.05999755859375,16.14105796813965
2021-05-07,393.2397766113281,98.89341735839844,117.02293395996094,171.58999633789062,16.29768180847168
2021-05-10,389.34576416015625,98.69478607177734,115.83785247802734,172.11000061035156,16.184566497802734
2021-05-11,385.8709411621094,98.53067779541016,115.1822280883789,172.13999938964844,16.358592987060547
2021-05-12,377.673095703125,98.0555648803711,113.971923828125,170.42999267578125,16.341190338134766
2021-05-13,382.2098693847656,98.38379669189453,114.1484146118164,171.1300048828125,15.88871955871582
2021-05-14,388.0787658691406,98.59974670410156,115.21586608886719,172.69000244140625,16.019241333007812
2021-05-17,387.09130859375,98.50473022460938,114.97207641601562,174.6999969482422,16.219369888305664
2021-05-18,383.75628662109375,98.50473022460938,114.67794036865234,175.0399932861328,16.14105796813965
2021-05-19,382.7501525878906,98.2110595703125,114.40055084228516,175.16000366210938,15.810405731201172
2021-05-20,386.8677978515625,98.61702728271484,115.3418960571289,175.9600067138672,15.645079612731934
2021-05-21,386.5509948730469,98.65157318115234,115.71177673339844,176.0399932861328,15.79300308227539
2021-05-24,390.4916687011719,98.74657440185547,116.14038848876953,176.35000610351562,16.01053810119629
2021-05-25,389.62530517578125,99.10936737060547,117.21631622314453,177.9499969482422,15.958329200744629
2021-05-26,390.3985290527344,98.9970703125,117.01454162597656,177.63999938964844,15.98443603515625
2021-05-27,390.6034240722656,98.82430267333984,116.54387664794922,177.7100067138672,16.236774444580078
2021-05-28,391.3021240234375,98.8156967163086,116.35895538330078,178.3800048828125,16.184566497802734
2021-06-01,390.95745849609375,98.7975845336914,116.33281707763672,177.89999389648438,16.471712112426758
2021-06-02,391.57232666015625,98.90991973876953,116.60220336914062,178.77000427246094,16.558727264404297
2021-06-03,390.1189880371094,98.65924835205078,116.16448211669922,175.27000427246094,16.419504165649414
2021-06-04,393.68695068359375,99.20378875732422,117.75535583496094,177.16000366210938,16.602231979370117
2021-06-07,393.3050231933594,99.1259765625,117.39340209960938,177.8699951171875,16.628337860107422
2021-06-08,393.38885498046875,99.41126251220703,118.2182846069336,177.32000732421875,16.793663024902344
2021-06-09,392.80194091796875,99.72241973876953,119.26199340820312,176.97999572753906,16.715351104736328
2021-06-10,394.62786865234375,100.0768051147461,119.97737884521484,177.74000549316406,16.776262283325195
2021-06-11,395.27996826171875,99.92986297607422,119.78387451171875,175.74000549316406,16.724050521850586
2021-06-14,396.1650695800781,99.61870574951172,118.86637878417969,174.7100067138672,16.628337860107422
2021-06-15,395.4383544921875,99.63600158691406,118.72328186035156,174.0500030517578,16.558727264404297
2021-06-16,393.23040771484375,98.953125,118.62227630615234,171.11000061035156,16.463010787963867
2021-06-17,393.10003662109375,99.3075180053711,120.39827728271484,165.85000610351562,16.03664207458496
2021-06-18,387.79705810546875,99.86934661865234,122.66248321533203,164.92999267578125,16.201969146728516
2021-06-21,393.3486633300781,99.54956817626953,120.6087646484375,166.9499969482422,16.402101516723633
2021-06-22,395.4516296386719,99.73108673095703,120.90335845947266,166.25,16.428203582763672
2021-06-23,394.9749450683594,99.53227996826172,120.59186553955078,166.13999938964844,16.532621383666992
2021-06-24,397.3115539550781,99.51497650146484,120.78547668457031,166.0399932861328,16.593528747558594
2021-06-25,398.7228698730469,99.3075180053711,119.53130340576172,166.58999633789062,16.5239200592041
2021-06-28,399.5265808105469,99.61870574951172,120.76021575927734,166.5800018310547,16.51521873474121
2021-06-29,399.7416076660156,99.67057800292969,120.96220397949219,164.8300018310547,16.593528747558594
2021-06-30,400.0780334472656,99.82614135742188,121.5009536743164,165.6300048828125,16.750154495239258
2021-07-01,402.2930908203125,99.75436401367188,121.50768280029297,166.1999969482422,16.811067581176758
2021-07-02,405.3680419921875,100.11762237548828,122.24095153808594,167.2899932861328,16.967689514160156
2021-07-06,404.6297607421875,100.64527130126953,123.67369079589844,168.1199951171875,16.506515502929688
2021-07-07,406.0596618652344,100.9393310546875,124.76939392089844,168.75999450683594,16.306385040283203
2021-07-08,402.7511291503906,101.19882202148438,125.2581787109375,168.64999389648438,16.445608139038086
2021-07-09,407.0504150390625,100.68853759765625,123.49671173095703,169.2100067138672,16.637039184570312
2021-07-12,408.5083923339844,100.63661193847656,123.33658599853516,169.0,16.66314125061035
2021-07-13,407.11572265625,100.32523345947266,122.39265441894531,169.22000122070312,16.8023624420166
2021-07-14,407.7232360839844,100.75770568847656,123.78329467773438,171.0399932861328,16.637039184570312
2021-07-15,406.3306884765625,101.18153381347656,125.14861297607422,171.07000732421875,16.550025939941406
2021-07-16,403.1436462402344,101.16421508789062,124.91268157958984,169.41000366210938,16.550025939941406
2021-07-19,397.1900329589844,102.02916717529297,127.65174865722656,169.61000061035156,15.88871955871582
2021-07-20,402.88189697265625,101.89942932128906,126.42124938964844,169.38999938964844,16.1236572265625
2021-07-21,406.14373779296875,101.31124114990234,124.81996154785156,168.75999450683594,16.445608139038086
2021-07-22,406.9943542480469,101.54480743408203,125.99981689453125,169.08999633789062,16.576128005981445
2021-07-23,411.1814880371094,101.38910675048828,125.15708923339844,168.55999755859375,16.66314125061035
2021-07-26,412.1907958984375,101.31990814208984,124.78617095947266,168.16000366210938,16.784961700439453
2021-07-27,410.312255859375,101.75237274169922,126.11785125732422,168.44000244140625,16.689245223999023
2021-07-28,410.1439514160156,101.83887481689453,126.12626647949219,169.2899932861328,16.76755714416504
2021-07-29,411.84503173828125,101.52749633789062,125.4267578125,171.1699981689453,17.063405990600586
2021-07-30,409.84490966796875,101.81291198730469,126.0167236328125,169.82000732421875,16.967689514160156
2021-08-02,408.98504638671875,102.25953674316406,127.140625,169.61000061035156,16.784961700439453
2021-08-03,412.3123474121094,102.28550720214844,127.20816802978516,169.49000549316406,16.706647872924805
2021-08-04,410.28424072265625,102.25953674316406,127.46975708007812,169.52999877929688,16.436904907226562
2021-08-05,412.8825378417969,101.88739013671875,126.82002258300781,168.86000061035156,16.680545806884766
2021-08-06,413.56475830078125,101.2901611328125,124.70201110839844,164.63999938964844,16.541322708129883
2021-08-09,413.2283020019531,101.07376861572266,124.2547607421875,161.72000122070312,16.306385040283203
2021-08-10,413.7422790527344,100.88336944580078,123.6809310913086,161.77000427246094,16.602231979370117
2021-08-11,414.7704162597656,100.99590301513672,123.60502624511719,164.0,16.750154495239258
2021-08-12,416.0135192871094,100.89199829101562,123.40250396728516,164.0399932861328,16.689245223999023
2021-08-13,416.7705993652344,101.47189331054688,125.351806640625,166.38999938964844,16.593528747558594
2021-08-16,417.75189208984375,101.69693756103516,125.65556335449219,167.22000122070312,16.550025939941406
2021-08-17,415.0134582519531,101.64501190185547,125.60492706298828,166.97000122070312,16.36729621887207
2021-08-18,410.4710693359375,101.59308624267578,126.02689361572266,167.10000610351562,16.175865173339844
2021-08-19,411.10662841796875,101.818115234375,126.95508575439453,166.61000061035156,15.949628829956055
2021-08-20,414.3778076171875,101.72293853759766,127.03947448730469,166.6999969482422,15.575468063354492
2021-08-23,418.02294921875,101.74887084960938,126.95508575439453,168.72999572753906,16.14105796813965
2021-08-24,418.6864929199219,101.47189331054688,125.9677734375,168.64999389648438,16.48041534423828
2021-08-25,419.56512451171875,101.07376861572266,124.92137908935547,167.47999572753906,16.628337860107422
2021-08-26,417.0883483886719,101.07376861572266,125.26737213134766,167.6699981689453,16.497814178466797
2021-08-27,420.8174133300781,101.40265655517578,126.11966705322266,170.19000244140625,16.706647872924805
2021-08-30,422.6680908203125,101.60173034667969,126.44877624511719,169.35000610351562,16.76755714416504
2021-08-31,422.04180908203125,101.41132354736328,125.58804321289062,169.69000244140625,16.689245223999023
2021-09-01,422.26617431640625,101.45464324951172,125.79843139648438,169.6999969482422,16.61093521118164
2021-09-02,423.5652770996094,101.57587432861328,126.34760284423828,169.25,16.8023624420166
2021-09-03,423.4624938964844,101.33338165283203,125.19854736328125,171.05999755859375,16.819766998291016
2021-09-07,421.9483642578125,100.93495178222656,124.14239501953125,167.7100067138672,16.628337860107422
2021-09-08,421.4343566894531,101.21214294433594,124.98731231689453,167.2899932861328,16.750154495239258
2021-09-09,419.6304931640625,101.49794006347656,126.49967956542969,168.02999877929688,16.628337860107422
2021-09-10,416.32183837890625,101.17747497558594,125.38445281982422,167.17999267578125,16.845870971679688
2021-09-13,417.3872985839844,101.2987289428711,126.1448974609375,167.74000549316406,16.97639274597168
2021-09-14,415.1349182128906,101.67984771728516,127.67411804199219,168.82000732421875,16.967689514160156
2021-09-15,418.6024169921875,101.50658416748047,127.22628784179688,167.8300018310547,17.246135711669922
2021-09-16,417.9388122558594,101.1861343383789,126.64331817626953,164.02999877929688,17.12431526184082
2021-09-17,413.86767578125,100.89168548583984,126.03498840332031,163.77000427246094,16.98509407043457
2021-09-20,406.966796875,101.40265655517578,127.5980453491211,164.94000244140625,16.784961700439453
2021-09-21,406.582275390625,101.34205627441406,127.48822784423828,166.0399932861328,16.8023624420166
2021-09-22,410.5484924316406,101.43732452392578,128.24867248535156,165.4199981689453,16.99379539489746
2021-09-23,415.53662109375,100.5192642211914,125.35062408447266,163.50999450683594,17.25483512878418
2021-09-24,416.2210693359375,100.21611022949219,124.12548065185547,163.3000030517578,17.333147048950195
2021-09-27,415.0303039550781,99.94764709472656,123.66923522949219,163.63999938964844,17.568084716796875
2021-09-28,406.666748046875,99.56656646728516,121.74285125732422,162.0500030517578,17.428863525390625
2021-09-29,407.3511962890625,99.67046356201172,121.95405578613281,161.32000732421875,17.446266174316406
2021-09-30,402.37237548828125,99.79171752929688,121.93721771240234,164.22000122070312,17.559385299682617
2021-10-01,407.1542663574219,100.19906616210938,122.96339416503906,164.58999633789062,17.794321060180664
2021-10-04,401.903564453125,100.0777587890625,122.65029907226562,165.36000061035156,18.08146858215332
2021-10-05,406.0854187011719,99.76573944091797,121.46597290039062,164.58999633789062,18.307703018188477
2021-10-06,407.7731018066406,99.7917251586914,122.15122985839844,165.02999877929688,18.003156661987305
2021-10-07,411.298583984375,99.39303588867188,120.87380981445312,164.16000366210938,18.22939109802246
2021-10-08,410.5484924316406,99.1763687133789,120.02777862548828,164.22999572753906,18.290300369262695
2021-10-11,407.57623291015625,98.93372344970703,119.72328186035156,163.9199981689453,18.412118911743164
2021-10-12,406.57293701171875,99.38436889648438,121.77054595947266,164.66000366210938,18.412118911743164
2021-10-13,408.0356140136719,99.5750732421875,122.95488739013672,167.58999633789062,18.51653480529785
2021-10-14,414.89898681640625,99.80906677246094,123.41166687011719,168.0,18.707965850830078
2021-10-15,418.05889892578125,99.31503295898438,122.6926498413086,165.3300018310547,18.864591598510742
2021-10-18,419.2965087890625,99.1763687133789,123.2679443359375,164.9199981689453,18.7514705657959
2021-10-19,422.5314025878906,98.82103729248047,121.5674819946289,165.4499969482422,18.79498291015625
2021-10-20,424.1909484863281,98.77765655517578,120.74691009521484,166.89999389648438,19.003812789916992
2021-10-21,425.2973327636719,98.5177001953125,120.60308074951172,166.75,18.7166690826416
2021-10-22,424.856689453125,98.76902770996094,121.93126678466797,167.77000427246094,18.803682327270508
2021-10-25,427.135009765625,98.89035034179688,121.74512481689453,168.92999267578125,18.899396896362305
2021-10-26,427.5195617675781,99.01168823242188,122.75187683105469,167.67999267578125,18.925500869750977
2021-10-27,425.62554931640625,99.56637573242188,124.98526000976562,168.1199951171875,18.577444076538086
2021-10-28,429.7322692871094,99.30638122558594,124.56232452392578,168.0800018310547,18.673158645629883
2021-10-29,430.6042785644531,99.34969329833984,124.94302368164062,166.64999389648438,18.577444076538086
2021-11-01,431.3450012207031,99.34192657470703,124.04338836669922,167.52000427246094,18.7166690826416
2021-11-02,433.0888977050781,99.58477783203125,124.593994140625,167.16000366210938,18.768875122070312
2021-11-03,435.7330627441406,99.27252197265625,123.30640411376953,165.77000427246094,18.290300369262695
2021-11-04,437.7864990234375,99.81024169921875,124.60242462158203,167.64999389648438,18.177183151245117
2021-11-05,439.30548095703125,100.35665130615234,126.4659652709961,169.83999633789062,18.429523468017578
2021-11-08,439.6804504394531,99.92301940917969,126.22879791259766,170.4499969482422,18.542640686035156
2021-11-09,438.2271423339844,100.3826675415039,127.87210083007812,171.2899932861328,18.690563201904297
2021-11-10,434.7016906738281,99.52403259277344,125.53425598144531,173.14999389648438,18.455625534057617
2021-11-11,434.84228515625,99.20316314697266,125.34785461425781,174.1199951171875,18.58614730834961
2021-11-12,438.12408447265625,99.41130828857422,124.79730987548828,174.4499969482422,18.560043334960938
2021-11-15,438.27398681640625,99.02101135253906,123.23018646240234,174.17999267578125,18.568744659423828
2021-11-16,440.0086669921875,98.9343032836914,122.91680145263672,172.9199981689453,18.542640686035156
2021-11-17,438.93975830078125,99.28987121582031,123.8908920288086,174.5,18.377315521240234
2021-11-18,440.4306335449219,99.3505630493164,124.35677337646484,173.94000244140625,18.43822479248047
2021-11-19,439.64300537109375,99.61942291259766,125.66973876953125,172.61000061035156,18.142377853393555
2021-11-22,438.40533447265625,98.89092254638672,124.1958236694336,168.74000549316406,18.272899627685547
2021-11-23,438.9866027832031,98.48326110839844,122.40010833740234,167.27999877929688,18.60354995727539
2021-11-24,440.15869140625,98.78679656982422,124.36524200439453,167.1199951171875,18.533939361572266
2021-11-26,430.3417663574219,100.06177520751953,127.50788116455078,166.85000610351562,17.428863525390625
2021-11-29,435.62060546875,99.8362808227539,126.48292541503906,166.6199951171875,17.428863525390625
2021-11-30,427.1444396972656,100.43473052978516,128.40574645996094,165.5,16.950286865234375
2021-12-01,422.40008544921875,100.62395477294922,129.19784545898438,166.16000366210938,16.8023624420166
2021-12-02,428.8697204589844,100.40697479248047,129.3590087890625,165.24000549316406,16.950286865234375
2021-12-03,425.1379089355469,100.99716186523438,130.9025421142578,166.6300048828125,16.967689514160156
2021-12-06,430.1729431152344,100.49376678466797,129.10452270507812,166.22000122070312,17.263538360595703
2021-12-07,439.071044921875,100.11181640625,128.0614013671875,166.80999755859375,17.524578094482422
2021-12-08,440.233642578125,99.79068756103516,125.84790802001953,166.89999389648438,17.75951385498047
2021-12-09,437.26141357421875,100.04241943359375,126.55182647705078,165.8800048828125,17.489770889282227
2021-12-10,441.37750244140625,100.11181640625,126.24654388427734,166.5800018310547,17.689905166625977
2021-12-13,437.4676818847656,100.58921813964844,128.11231994628906,167.0,17.602890014648438
2021-12-14,434.45794677734375,100.4156265258789,127.80704498291016,165.44000244140625,17.446266174316406
2021-12-15,441.2463073730469,100.26808166503906,126.57723999023438,166.14999389648438,17.533281326293945
2021-12-16,437.3551330566406,100.55999755859375,126.62650299072266,168.16000366210938,17.637699127197266
2021-12-17,432.700439453125,100.7858657836914,128.06138610839844,167.8000030517578,17.428863525390625
2021-12-20,428.09942626953125,100.69898986816406,127.10198974609375,167.08999633789062,17.307043075561523
2021-12-21,435.7019958496094,100.29936981201172,126.61801147460938,167.02000427246094,17.672502517700195
2021-12-22,440.05841064453125,100.39492797851562,127.2038345336914,168.58999633789062,17.881336212158203
2021-12-23,442.7965087890625,100.18641662597656,126.10009765625,168.97000122070312,17.97705078125
2021-12-27,449.0630187988281,100.22116088867188,126.40574645996094,169.3699951171875,18.203285217285156
2021-12-28,448.696044921875,100.20377349853516,125.90481567382812,168.63999938964844,18.168479919433594
2021-12-29,449.2701110839844,99.69120025634766,124.5293960571289,168.58999633789062,18.2554931640625
2021-12-30,448.028076171875,100.0213394165039,125.57368469238281,169.8000030517578,18.168479919433594
2021-12-31,446.89892578125,99.90841674804688,125.8199691772461,170.9600067138672,18.08146858215332
2022-01-03,449.4864196777344,98.97884368896484,122.51715850830078,168.3300018310547,18.151077270507812
2022-01-04,449.3359375,98.92669677734375,122.00772857666016,169.57000732421875,18.368614196777344
2022-01-05,440.7076416015625,98.50972747802734,121.34544372558594,169.05999755859375,18.290300369262695
2022-01-06,440.2936096191406,98.26643371582031,121.65955352783203,166.99000549316406,18.44692611694336
2022-01-07,438.5529479980469,97.9449691772461,120.7850570678711,167.75,18.48172950744629
2022-01-10,438.0072937011719,97.91889953613281,121.08222961425781,168.25999450683594,18.403417587280273
2022-01-11,441.9967346191406,98.15348052978516,121.88884735107422,170.2899932861328,18.760173797607422
2022-01-12,443.1917419433594,98.17086029052734,121.42186737060547,170.74000549316406,18.908098220825195
2022-01-13,437.0851135253906,98.48361206054688,122.5001449584961,170.16000366210938,18.707965850830078
2022-01-14,437.263916015625,97.80598449707031,120.64925384521484,169.6699981689453,18.95160484313965
2022-01-18,429.5201721191406,97.06752014160156,118.95115661621094,169.38999938964844,19.099529266357422
2022-01-19,425.06024169921875,97.30210876464844,119.77469635009766,172.0800018310547,19.20394515991211
2022-01-20,420.35552978515625,97.51058959960938,120.51333618164062,171.64999389648438,19.13433265686035
2022-01-21,412.103759765625,98.0753173828125,121.94827270507812,171.08999633789062,19.151735305786133
2022-01-24,413.8538818359375,97.9884262084961,120.94636535644531,172.02999877929688,19.10822868347168
2022-01-25,408.8011169433594,97.85808563232422,120.75115966796875,172.5800018310547,19.282257080078125
2022-01-26,407.7755126953125,97.16307830810547,119.29075622558594,169.7899932861328,19.325763702392578
2022-01-27,405.7619323730469,97.57141876220703,121.48126220703125,167.60000610351562,19.421480178833008
2022-01-28,415.8392333984375,97.79728698730469,121.52374267578125,167.10000610351562,19.43888282775879
2022-01-31,423.328857421875,97.79728698730469,120.8954849243164,168.08999633789062,19.50849151611328
2022-02-01,426.1893310546875,97.66511535644531,120.49419403076172,168.22999572753906,19.58680534362793
2022-02-02,430.3293151855469,97.86511993408203,120.9022216796875,168.83999633789062,19.665117263793945
2022-02-03,420.21453857421875,97.44769287109375,119.95848083496094,168.60000610351562,19.70862579345703
2022-02-04,422.1903991699219,96.69984436035156,118.19005584716797,168.86000061035156,19.865249633789062
2022-02-07,420.83551025390625,96.72594451904297,118.26654052734375,170.11000061035156,19.908756256103516
2022-02-08,424.2980651855469,96.41288757324219,117.475830078125,170.6300048828125,19.734729766845703
2022-02-09,430.5081481933594,96.54329681396484,117.69689178466797,171.2100067138672,19.934860229492188
2022-02-10,422.7737731933594,95.65636444091797,115.82638549804688,170.55999755859375,19.830446243286133
2022-02-11,414.4372253417969,96.6476821899414,117.54385375976562,173.80999755859375,20.12628936767578
2022-02-14,413.0822448730469,95.97808074951172,116.08145141601562,174.74000549316406,20.2307071685791
2022-02-15,419.7439880371094,95.69110870361328,114.76361846923828,173.0800018310547,19.900054931640625
2022-02-16,420.21453857421875,95.89109802246094,115.44380950927734,174.86000061035156,19.926158905029297
2022-02-17,411.2380676269531,96.40419006347656,116.30249786376953,177.25,20.09148597717285
2022-02-18,408.5753479003906,96.7172622680664,117.52685546875,177.1199951171875,20.169797897338867
2022-02-22,404.1906433105469,96.70856475830078,117.83296203613281,177.49000549316406,20.456945419311523
2022-02-23,397.0208435058594,96.20417785644531,116.20899200439453,178.2899932861328,20.648374557495117
2022-02-24,402.99566650390625,96.43029022216797,116.2854995727539,177.13999938964844,20.735387802124023
2022-02-25,411.8873291015625,96.40419006347656,116.37055969238281,176.5500030517578,20.422136306762695
2022-02-28,410.83355712890625,97.4998779296875,118.92123413085938,178.3800048828125,20.770193099975586
2022-03-01,404.576416015625,98.44949340820312,120.2961196899414,181.6199951171875,21.605525970458984
2022-03-02,412.01904296875,96.96983337402344,116.18415069580078,179.72999572753906,22.310335159301758
2022-03-03,409.9678955078125,97.38762664794922,117.36751556396484,180.8000030517578,22.55397605895996
2022-03-04,406.6370544433594,98.3537368774414,119.39376068115234,183.67999267578125,23.50242805480957
2022-03-07,394.649658203125,97.93595886230469,118.4827880859375,186.41000366210938,24.01580810546875
2022-03-08,391.6575622558594,97.30055236816406,117.2909164428711,191.50999450683594,24.424772262573242
2022-03-09,402.1582336425781,96.69999694824219,116.14154815673828,185.82000732421875,22.484363555908203
2022-03-10,400.3422546386719,96.256103515625,114.47289276123047,186.39999389648438,22.21462059020996
2022-03-11,395.2518615722656,96.22999572753906,114.8559799194336,185.08999633789062,22.597482681274414
2022-03-14,392.3632507324219,95.01146697998047,112.1742172241211,182.3000030517578,21.936176300048828
2022-03-15,400.991455078125,94.96791076660156,111.97843170166016,178.88999938964844,21.396690368652344
2022-03-16,409.88311767578125,94.8373794555664,113.07669067382812,180.00999450683594,21.21396255493164
2022-03-17,415.0111999511719,94.65458679199219,112.23385620117188,180.88999938964844,22.232025146484375
2022-03-18,419.55670166015625,94.93311309814453,113.60452270507812,179.3000030517578,22.336442947387695
2022-03-21,419.43402099609375,93.69715881347656,110.97383880615234,180.6699981689453,23.17177391052246
2022-03-22,424.3420104980469,93.18366241455078,109.55208587646484,179.36000061035156,23.119565963745117
2022-03-23,418.87713623046875,93.81033325195312,111.9529037475586,181.80999755859375,23.693857192993164
2022-03-24,425.19146728515625,93.28807067871094,111.07601165771484,183.1300048828125,23.458919525146484
2022-03-25,427.2679138183594,92.33065032958984,109.53506469726562,182.3800048828125,23.63294792175293
2022-03-28,430.3070983886719,92.5395278930664,110.47156524658203,179.05999755859375,22.606184005737305
2022-03-29,435.63031005859375,93.0008316040039,111.30592346191406,179.13999938964844,22.693199157714844
2022-03-30,432.9404602050781,93.36640167236328,112.1742172241211,180.5800018310547,23.102161407470703
2022-03-31,426.2768859863281,93.5405044555664,112.44668579101562,180.64999389648438,22.67579460144043
2022-04-01,427.4850158691406,92.9314193725586,112.87471771240234,179.5,22.823720932006836
2022-04-04,431.1470947265625,92.87042236328125,112.09030151367188,180.3699951171875,23.2587890625
2022-04-05,425.7010803222656,91.76377868652344,109.5578842163086,179.24000549316406,23.067358016967773
2022-04-06,421.44439697265625,91.4413833618164,108.6711196899414,179.66000366210938,22.884628295898438
2022-04-07,423.5679931640625,91.21481323242188,107.85256958007812,180.33999633789062,22.962940216064453
2022-04-08,422.4353942871094,90.75302124023438,106.68444061279297,181.47000122070312,23.250085830688477
2022-04-11,415.21502685546875,90.31732177734375,104.99618530273438,182.3699951171875,23.058656692504883
2022-04-12,413.67657470703125,90.75302124023438,104.85126495361328,183.77000427246094,23.746063232421875
2022-04-13,418.4146423339844,90.95342254638672,105.06439971923828,184.64999389648438,24.26814842224121
2022-04-14,413.20458984375,90.13432312011719,102.95832061767578,184.0399932861328,24.450878143310547
2022-04-18,413.3745422363281,89.87289428710938,102.44672393798828,184.61000061035156,24.72932243347168
2022-04-19,420.0474853515625,89.28038787841797,101.67933654785156,181.82000732421875,24.0941219329834
2022-04-20,419.7360534667969,89.97747802734375,103.7257080078125,182.7100067138672,24.120222091674805
2022-04-21,413.4595031738281,89.48077392578125,102.95832061767578,182.05999755859375,24.085420608520508
2022-04-22,402.114501953125,89.52437591552734,102.31031036376953,180.2899932861328,23.62424659729004
2022-04-25,404.44580078125,90.09944915771484,103.3335189819336,177.0500030517578,23.450220108032227
2022-04-26,392.7327575683594,90.70071411132812,104.37374877929688,177.32000732421875,23.77216911315918
2022-04-27,393.83697509765625,90.1953125,103.0350341796875,175.97999572753906,23.9374942779541
2022-04-28,403.7851257324219,90.06462097167969,103.18853759765625,176.92999267578125,24.137624740600586
2022-04-29,388.8629150390625,89.5853500366211,101.849853515625,176.91000366210938,23.954898834228516
2022-05-02,391.20367431640625,88.91797637939453,100.08442687988281,173.6300048828125,24.320358276367188
2022-05-03,392.9969787597656,89.02265167236328,100.75917053222656,174.08999633789062,23.981002807617188
2022-05-04,404.9649353027344,89.5984115600586,101.31436157226562,175.8000030517578,24.72932243347168
2022-05-05,390.5713195800781,88.69985961914062,98.53849029541016,175.1300048828125,24.598800659179688
2022-05-06,388.2400817871094,88.19383239746094,97.08650970458984,175.4199981689453,24.624902725219727
2022-05-09,375.8097229003906,88.84818267822266,97.94062042236328,172.8800048828125,23.511127471923828
2022-05-10,376.677978515625,89.144775390625,98.8288803100586,171.4199981689453,23.371906280517578
2022-05-11,370.6939697265625,89.69440460205078,100.73355865478516,172.82000732421875,23.946197509765625
2022-05-12,370.30706787109375,89.99102783203125,100.5456771850586,170.1699981689453,24.059314727783203
2022-05-13,379.1602783203125,89.51991271972656,99.05950164794922,168.7899932861328,24.38996696472168
2022-05-16,377.6217956542969,89.89506530761719,98.95702362060547,170.39999389648438,24.790231704711914
2022-05-17,385.38958740234375,89.21454620361328,97.7612533569336,169.3300018310547,24.520488739013672
2022-05-18,369.8539733886719,89.85142517089844,99.84526062011719,169.4199981689453,23.989704132080078
2022-05-19,367.5887451171875,90.17425537109375,100.08442687988281,171.91000366210938,24.29425048828125
2022-05-20,367.7491760253906,90.5929946899414,101.22039031982422,172.02999877929688,24.329055786132812
2022-05-23,374.62982177734375,90.04336547851562,99.55487060546875,172.8300018310547,24.51178741455078
2022-05-24,371.77001953125,90.81983947753906,101.51932525634766,174.1300048828125,24.494382858276367
2022-05-25,375.0545959472656,91.00306701660156,101.92078399658203,173.0800018310547,24.668411254882812
2022-05-26,382.5487060546875,90.95944213867188,101.45955657958984,172.75999450683594,24.938154220581055
2022-05-27,391.9399108886719,91.09030151367188,101.70722198486328,172.85000610351562,25.23400115966797
2022-05-31,389.74072265625,90.13935852050781,99.55487060546875,171.13999938964844,25.059972763061523
2022-06-01,386.58831787109375,89.6318359375,99.44108581542969,172.22999572753906,25.181795120239258
2022-06-02,393.9503479003906,89.76288604736328,99.49244689941406,174.35000610351562,25.756084442138672
2022-06-03,387.48492431640625,89.5881576538086,99.27847290039062,172.5800018310547,25.999723434448242
2022-06-06,388.6647644042969,88.9155502319336,97.44745635986328,171.82000732421875,26.11284065246582
2022-06-07,392.3929443359375,89.27368927001953,98.49988555908203,172.94000244140625,26.286865234375
2022-06-08,388.1267395019531,88.94175720214844,97.62714385986328,172.77999877929688,26.521804809570312
2022-06-09,378.8959045410156,88.8631362915039,97.9522705078125,172.22999572753906,26.565311431884766
2022-06-10,367.9096984863281,87.9896240234375,97.34479522705078,174.5399932861328,26.304269790649414
2022-06-13,353.9408264160156,86.42601013183594,94.29016876220703,169.92999267578125,26.0084228515625
2022-06-14,352.8742980957031,85.7359390258789,93.10086059570312,168.57000732421875,25.72127914428711
2022-06-15,357.90496826171875,86.93262481689453,94.83779907226562,170.77000427246094,25.73868179321289
2022-06-16,346.0596618652344,87.50043487548828,95.59075164794922,172.69000244140625,25.85179901123047
2022-06-17,346.8056945800781,87.52662658691406,95.89878845214844,171.27000427246094,24.92945098876953
2022-06-21,355.5361022949219,87.07242584228516,94.27308654785156,170.6300048828125,24.868541717529297
2022-06-22,354.8916015625,88.17304992675781,96.86563873291016,171.30999755859375,24.424772262573242
2022-06-23,358.370361328125,88.67096710205078,97.661376953125,170.25999450683594,23.876585006713867
2022-06-24,369.76434326171875,88.35649871826172,96.30947875976562,170.08999633789062,24.102821350097656
2022-06-27,368.3519287109375,87.85861206054688,95.48805236816406,169.89999389648438,24.050613403320312
2022-06-28,360.825439453125,87.97212982177734,95.93299865722656,169.6199951171875,24.337759017944336
2022-06-29,360.5316162109375,88.67970275878906,97.43037414550781,169.49000549316406,23.92009162902832
2022-06-30,357.6025695800781,89.36104583740234,98.28594970703125,168.4600067138672,23.18047523498535
2022-07-01,361.384765625,90.3189697265625,99.29508209228516,168.32000732421875,23.293594360351562
2022-07-05,362.0672912597656,90.65145111083984,100.07521057128906,164.75,21.727344512939453
2022-07-06,363.2900695800781,89.881591796875,98.39486694335938,162.13999938964844,21.4053955078125
2022-07-07,368.7310791015625,89.33039855957031,97.52896118164062,162.22999572753906,22.29293441772461
2022-07-08,368.4277648925781,88.78801727294922,96.4487533569336,162.3000030517578,22.68449592590332
2022-07-11,364.2190246582031,89.4878921508789,98.11196899414062,161.42999267578125,22.6409912109375
2022-07-12,360.99603271484375,89.6978530883789,98.69490814208984,160.8300018310547,21.614229202270508
2022-07-13,359.1002197265625,90.0827865600586,99.82661437988281,161.60000610351562,21.736047744750977
2022-07-14,358.22821044921875,89.58414459228516,99.01211547851562,159.3300018310547,21.53591537475586
2022-07-15,365.0721435546875,89.89033508300781,99.56942749023438,159.00999450683594,21.814359664916992
2022-07-18,362.05780029296875,89.62788391113281,98.53202056884766,159.16000366210938,22.223323822021484
2022-07-19,371.8403015136719,89.21672058105469,98.00047302246094,159.5399932861328,22.310335159301758
2022-07-20,374.2100524902344,89.12918853759766,98.2576904296875,158.0399932861328,22.29293441772461
2022-07-21,378.020751953125,90.14402770996094,99.95516967773438,160.27000427246094,21.91877555847168
2022-07-22,374.513427734375,91.17633056640625,101.63552856445312,160.6699981689453,21.657732009887695
2022-07-25,374.9683837890625,90.8526382446289,100.64103698730469,160.22999572753906,22.04929542541504
2022-07-26,370.53216552734375,90.88765716552734,100.71817779541016,160.0399932861328,22.092802047729492
2022-07-27,380.153564453125,91.07136535644531,100.15235137939453,161.6699981689453,22.597482681274414
2022-07-28,384.921630859375,91.97246551513672,100.94969177246094,163.63999938964844,22.614885330200195
2022-07-29,390.533203125,92.0074462890625,100.67535400390625,164.10000610351562,22.719301223754883
2022-08-01,389.37677001953125,92.5455551147461,103.09994506835938,165.02999877929688,22.258129119873047
2022-08-02,386.8079528808594,91.26602935791016,100.91839599609375,164.0500030517578,22.14501190185547
2022-08-03,392.8651428222656,91.64286041259766,102.50733947753906,164.4499969482422,21.95357894897461
2022-08-04,392.5997314453125,92.10735321044922,102.47296142578125,167.1699981689453,21.718643188476562
2022-08-05,391.9361572265625,90.77527618408203,100.03375244140625,165.2899932861328,21.64033317565918
2022-08-08,391.48114013671875,91.30982971191406,101.6484375,166.69000244140625,21.9013729095459
2022-08-09,389.9266357421875,91.03815460205078,101.25334930419922,167.1999969482422,22.0841007232666
2022-08-10,398.1167297363281,91.09078216552734,100.59200286865234,166.77999877929688,22.388647079467773
2022-08-11,398.1167297363281,90.48606872558594,98.2472915649414,166.33999633789062,22.823720932006836
2022-08-12,404.8563537597656,90.84540557861328,99.24357604980469,167.8699951171875,22.701900482177734
2022-08-15,406.5246887207031,91.13457489013672,99.1576919555664,165.7100067138672,22.42345428466797
2022-08-16,407.3208923339844,91.0294189453125,99.56993103027344,165.4199981689453,22.17111587524414
2022-08-17,404.4297790527344,90.41592407226562,98.5307388305664,164.35000610351562,22.258129119873047
2022-08-18,405.605224609375,90.59122467041016,98.67671203613281,163.9199981689453,22.597482681274414
2022-08-19,400.1546936035156,89.81127166748047,97.08780670166016,162.72000122070312,22.58877944946289
2022-08-22,391.82244873046875,89.41685485839844,96.76143646240234,161.63999938964844,22.788915634155273
2022-08-23,390.8744812011719,89.19776916503906,96.22891235351562,162.77000427246094,23.163074493408203
2022-08-24,392.1257629394531,88.8998031616211,95.524658203125,163.25,23.40671157836914
2022-08-25,397.66156005859375,89.46943664550781,96.85591888427734,163.75,23.076059341430664
2022-08-26,384.201171875,89.36429595947266,97.58592987060547,161.75999450683594,23.17177391052246
2022-08-29,381.6607360839844,88.85601043701172,96.77860260009766,161.86000061035156,23.511127471923828
2022-08-30,377.470947265625,88.82969665527344,97.01909637451172,160.50999450683594,22.8585262298584
2022-08-31,374.5987243652344,88.46162414550781,96.09149169921875,159.27000427246094,22.379947662353516
2022-09-01,375.774169921875,87.75839233398438,94.33222961425781,157.8699951171875,21.9013729095459
2022-09-02,371.8118591308594,88.25004577636719,94.8658676147461,159.25999450683594,22.04929542541504
2022-09-06,370.40899658203125,87.26675415039062,92.51618194580078,158.3300018310547,21.91877555847168
2022-09-07,377.0633544921875,87.83740234375,93.97935485839844,159.94000244140625,21.396690368652344
2022-09-08,379.52789306640625,87.51258087158203,93.01536560058594,158.97999572753906,21.483707427978516
2022-09-09,385.42401123046875,87.52134704589844,93.22190856933594,159.82000732421875,22.092802047729492
2022-09-12,389.56646728515625,87.31066131591797,92.4559326171875,160.6300048828125,22.39735221862793
2022-09-13,372.62713623046875,86.81900787353516,92.67111206054688,158.5399932861328,22.28423309326172
2022-09-14,374.0489501953125,86.8629379272461,92.9895248413086,157.92999267578125,22.379947662353516
2022-09-15,369.8022155761719,86.56439971923828,92.9293212890625,154.97999572753906,21.727344512939453
2022-09-16,366.9810791015625,86.63462829589844,92.15467071533203,155.83999633789062,21.649030685424805
2022-09-19,369.8270568847656,86.38883972167969,92.36986541748047,155.9600067138672,21.718643188476562
2022-09-20,365.5818786621094,85.85327911376953,91.44889068603516,155.07000732421875,21.69253921508789
2022-09-21,359.2048034667969,86.19568634033203,92.98095703125,155.7899932861328,21.5620174407959
2022-09-22,356.18743896484375,84.89631652832031,90.60543060302734,155.6999969482422,21.622928619384766
2022-09-23,350.21966552734375,85.0016860961914,90.97551727294922,153.00999450683594,20.892011642456055
2022-09-26,346.75506591796875,83.58821868896484,89.2369155883789,151.22999572753906,20.404733657836914
2022-09-27,345.8698425292969,83.01754760742188,86.88721466064453,151.5399932861328,20.622272491455078
2022-09-28,352.6753234863281,84.88754272460938,89.79640197753906,154.69000244140625,21.19655990600586
2022-09-29,345.30828857421875,84.49246215820312,89.33161163330078,154.66000366210938,21.066038131713867
2022-09-30,339.9686279296875,84.27299499511719,88.17826843261719,154.6699981689453,20.80499839782715
2022-10-03,348.9442138671875,85.27314758300781,89.5793685913086,158.42999267578125,21.27487564086914
2022-10-04,359.7568359375,85.44911193847656,89.32917022705078,160.6999969482422,21.849164962768555
2022-10-05,358.9192199707031,84.63980102539062,88.47505187988281,159.80999755859375,22.240726470947266
2022-10-06,355.2166748046875,84.1736068725586,87.98328399658203,159.6300048828125,22.379947662353516
2022-10-07,345.30828857421875,83.76016235351562,87.12913513183594,157.8800048828125,22.614885330200195
2022-10-10,342.6717834472656,83.26757049560547,85.77462768554688,155.47999572753906,22.362548828125
2022-10-11,340.50164794921875,83.4786605834961,86.15422821044922,155.16000366210938,22.04059410095215
2022-10-12,339.37847900390625,83.75137329101562,86.57698059082031,155.99000549316406,22.04059410095215
2022-10-13,348.3351135253906,83.39949035644531,85.74876403808594,154.91000366210938,22.345142364501953
2022-10-14,340.3968811035156,82.93328857421875,85.04132843017578,152.97999572753906,21.9013729095459
2022-10-17,349.1440734863281,83.02125549316406,84.6271743774414,153.4199981689453,21.849164962768555
2022-10-18,353.2464294433594,83.23236083984375,84.82559967041016,153.75,21.614229202270508
2022-10-19,350.7431335449219,82.36151885986328,83.28131103515625,151.69000244140625,21.605525970458984
2022-10-20,347.80206298828125,81.7457504272461,81.85774993896484,151.4499969482422,21.622928619384766
2022-10-21,356.2541809082031,81.93047332763672,80.38245391845703,154.14999389648438,21.649030685424805
2022-10-24,360.6134948730469,81.82492065429688,79.71813201904297,153.64999389648438,21.709941864013672
2022-10-25,366.3719482421875,82.84535217285156,82.03895568847656,154.0,21.831762313842773
2022-10-26,363.61163330078125,83.26757049560547,83.22088623046875,154.97999572753906,22.240726470947266
2022-10-27,361.6700134277344,83.85692596435547,84.09227752685547,154.74000549316406,22.27553367614746
2022-10-28,370.2743225097656,83.42591094970703,83.51423645019531,153.16000366210938,22.014488220214844
2022-10-31,367.5997314453125,83.04766082763672,82.9189453125,151.91000366210938,21.857866287231445
2022-11-01,365.99114990234375,83.03266143798828,83.69384765625,153.4600067138672,22.188518524169922
2022-11-02,356.80621337890625,82.89161682128906,83.33061218261719,152.38999938964844,22.388647079467773
2022-11-03,353.1322326660156,82.5301513671875,82.8808822631836,151.80999755859375,22.371246337890625
2022-11-04,358.2148742675781,82.35386657714844,81.48841857910156,156.47000122070312,23.128267288208008
2022-11-07,361.6414489746094,82.06295013427734,80.67546081542969,155.85000610351562,22.92813491821289
2022-11-08,363.59259033203125,82.60954284667969,81.5576400756836,159.4499969482422,22.649690628051758
2022-11-09,356.1018981933594,82.89161682128906,81.8257064819336,158.64999389648438,22.127609252929688
2022-11-10,375.6711730957031,84.7516860961914,84.973876953125,163.47999572753906,22.327739715576172
2022-11-11,379.30706787109375,84.57537078857422,84.66254425048828,164.55999755859375,22.754106521606445
2022-11-14,376.0804138183594,84.37261199951172,84.4549331665039,164.9199981689453,22.41475486755371
2022-11-15,379.28802490234375,84.99850463867188,85.82144927978516,165.5,22.67579460144043
2022-11-16,376.3945617675781,85.62440490722656,87.6982192993164,165.1199951171875,22.42345428466797
2022-11-17,375.24285888671875,85.04259490966797,86.77279663085938,163.9199981689453,22.04929542541504
2022-11-18,376.9465637207031,84.74286651611328,86.17605590820312,162.7899932861328,21.892671585083008
2022-11-21,375.5759582519531,84.68995666503906,86.53929138183594,161.8800048828125,21.814359664916992
2022-11-22,380.63006591796875,85.1748046875,87.76739501953125,162.07000732421875,22.04059410095215
2022-11-23,383.0286560058594,85.63323211669922,89.29824829101562,163.0800018310547,21.736047744750977
2022-11-25,382.9430236816406,85.60675048828125,88.99555969238281,163.22000122070312,21.54461669921875
2022-11-28,376.8323974609375,85.64204406738281,89.2463607788086,161.92999267578125,21.414094924926758
2022-11-29,376.18511962890625,85.28059387207031,88.19985961914062,162.72999572753906,21.69253921508789
2022-11-30,388.03521728515625,86.04755401611328,88.84854125976562,164.80999755859375,22.17981719970703
2022-12-01,387.7496643066406,86.98738861083984,91.6868667602539,167.83999633789062,22.066699981689453
2022-12-02,387.3023376464844,87.16401672363281,92.83989715576172,167.25999450683594,21.831762313842773
2022-12-05,380.3350524902344,86.28072357177734,91.53947448730469,164.38999938964844,21.266172409057617
2022-12-06,374.8525695800781,86.81072998046875,92.718505859375,164.83999633789062,20.926815032958984
2022-12-07,374.2148742675781,87.57036590576172,94.90316772460938,166.3300018310547,20.822402954101562
2022-12-08,377.1464538574219,87.07571411132812,94.64307403564453,166.47000122070312,20.787595748901367
2022-12-09,374.32904052734375,86.43090057373047,92.18102264404297,167.05999755859375,20.81369972229004
2022-12-12,379.7258605957031,86.30722045898438,92.47576904296875,165.67999267578125,21.039936065673828
2022-12-13,382.600341796875,87.08452606201172,93.36870574951172,168.50999450683594,21.387990951538086
2022-12-14,380.1541442871094,87.32302856445312,93.7674789428711,168.10000610351562,21.55331802368164
2022-12-15,370.8549499511719,87.49297332763672,94.13338470458984,165.35000610351562,21.292274475097656
2022-12-16,366.47662353515625,87.27172088623047,93.08182525634766,166.7899932861328,21.022531509399414
2022-12-19,363.3690185546875,86.56367492675781,91.51757049560547,166.32000732421875,20.983139038085938
2022-12-20,363.86627197265625,85.93531799316406,89.8924789428711,169.0800018310547,21.07943344116211
2022-12-21,369.30694580078125,86.04151916503906,90.11843872070312,168.8000030517578,21.350805282592773
2022-12-22,364.0382995605469,86.01496887207031,90.10107421875,166.75999450683594,21.07943344116211
2022-12-23,366.13238525390625,85.62556457519531,88.78015899658203,167.25999450683594,21.4646053314209
2022-12-27,364.6885681152344,84.9087142944336,87.0246810913086,168.6699981689453,21.65719223022461
2022-12-28,360.15625,84.70513916015625,86.51195526123047,167.91000366210938,21.41208267211914
2022-12-29,366.63916015625,85.12108612060547,87.49395751953125,168.85000610351562,21.385820388793945
2022-12-30,365.67340087890625,84.76707458496094,86.52066802978516,169.63999938964844,21.578407287597656
2023-01-03,364.1340026855469,85.43087005615234,88.17179870605469,171.05999755859375,21.061925888061523
2023-01-04,366.9451599121094,86.08576965332031,89.37975311279297,172.6699981689453,20.685508728027344
2023-01-05,362.7570495605469,85.96186828613281,89.75344848632812,170.52000427246094,20.580461502075195
2023-01-06,371.0758056640625,87.0681381225586,91.40457916259766,173.7100067138672,20.69426155090332
2023-01-09,370.865478515625,87.28938293457031,91.89124298095703,174.10000610351562,20.93937110900879
2023-01-10,373.4663391113281,86.74069213867188,90.37043762207031,174.74000549316406,20.93937110900879
2023-01-11,378.1898498535156,87.2982406616211,91.83912658691406,174.6199951171875,21.3157901763916
2023-01-12,379.5668029785156,88.07707977294922,93.6467056274414,176.63999938964844,21.49086570739746
2023-01-13,381.0392761230469,87.60802459716797,92.76897430419922,178.75999450683594,21.700963973999023
2023-01-17,380.3412780761719,87.33366394042969,92.16934204101562,177.58999633789062,21.849777221679688
2023-01-18,374.3364562988281,88.51957702636719,94.40276336669922,177.0800018310547,21.613422393798828
2023-01-19,371.61126708984375,88.35142517089844,93.81179809570312,179.88999938964844,21.832271575927734
2023-01-20,378.5340881347656,87.76731872558594,92.291015625,179.2899932861328,21.963579177856445
2023-01-23,383.075927734375,87.48409271240234,91.85648345947266,179.6300048828125,22.016101837158203
2023-01-24,382.6648254394531,87.98857116699219,93.17742156982422,180.27999877929688,21.89354705810547
2023-01-25,382.8082580566406,88.0859375,93.40338134765625,181.11000061035156,21.832271575927734
2023-01-26,387.01544189453125,87.76731872558594,92.9688720703125,179.47000122070312,21.92856216430664
2023-01-27,387.9046936035156,87.63455963134766,92.73420715332031,179.22000122070312,21.683454513549805
2023-01-30,383.0377502441406,87.36021423339844,92.39527130126953,178.75999450683594,21.403329849243164
2023-01-31,388.6697082519531,87.80269622802734,93.13394927978516,179.41000366210938,21.770994186401367
2023-02-01,392.8003234863281,88.43417358398438,94.25354766845703,181.6699981689453,21.359560012817383
2023-02-02,398.51837158203125,88.39873504638672,94.37554168701172,177.89999389648438,21.20198631286621
2023-02-03,394.2824401855469,87.44969940185547,92.96407318115234,173.4600067138672,20.668001174926758
2023-02-06,391.872802734375,86.69583129882812,92.2757797241211,173.82000732421875,20.729276657104492
2023-02-07,396.9980163574219,86.48296356201172,91.53522491455078,173.97999572753906,21.123201370239258
2023-02-08,392.65692138671875,86.80225372314453,91.97083282470703,174.41000366210938,21.16697120666504
2023-02-09,389.2528991699219,86.41202545166016,91.09957122802734,173.02999877929688,21.000648498535156
2023-02-10,390.16131591796875,85.99517822265625,90.08016967773438,173.36000061035156,21.298282623291016
2023-02-13,394.7414245605469,86.19916534423828,90.83818817138672,172.47999572753906,21.254512786865234
2023-02-14,394.5597839355469,85.80892944335938,90.62908935546875,172.61000061035156,21.324542999267578
2023-02-15,395.8410949707031,85.55171966552734,89.78397369384766,170.88999938964844,21.096940994262695
2023-02-16,390.3907775878906,85.26791381835938,88.51188659667969,170.75,21.03566551208496
2023-02-17,389.41546630859375,85.50740051269531,89.2001953125,171.25999450683594,20.878093719482422
2023-02-21,381.60345458984375,84.57613372802734,87.46639251708984,170.6199951171875,20.904356002807617
2023-02-22,381.0775451660156,84.72689056396484,88.26795196533203,169.66000366210938,20.632984161376953
2023-02-23,383.10467529296875,85.05506896972656,89.13050842285156,169.57000732421875,20.79055404663086
2023-02-24,379.01226806640625,84.5406494140625,87.9717025756836,168.35000610351562,20.720523834228516
2023-02-27,380.30303955078125,84.79784393310547,88.2156982421875,169.00999450683594,20.73802947998047
2023-02-28,378.8974304199219,84.93087005615234,88.61647033691406,169.77999877929688,20.799306869506836
2023-03-01,377.44403076171875,84.25189208984375,87.6644515991211,170.75999450683594,21.158218383789062
2023-03-02,380.3795166015625,83.90530395507812,86.88713073730469,170.66000366210938,21.07943344116211
2023-03-03,386.4800109863281,84.58074188232422,88.99202728271484,172.49000549316406,21.41208267211914
2023-03-06,386.7476806640625,84.42959594726562,88.30201721191406,171.6199951171875,21.307035446166992
2023-03-07,380.8193664550781,84.43851470947266,88.84352111816406,168.6199951171875,20.869340896606445
2023-03-08,381.44091796875,84.411865234375,88.93090057373047,168.5399932861328,20.755537033081055
2023-03-09,374.4033508300781,84.93620300292969,89.1492691040039,170.1999969482422,20.501676559448242
2023-03-10,369.0009765625,86.5003890991211,92.2236557006836,173.8699951171875,20.720523834228516
2023-03-13,368.4749755859375,87.54908752441406,92.43327331542969,177.86000061035156,20.589214324951172
2023-03-14,374.5659484863281,86.7225570678711,90.91352844238281,176.8300018310547,20.326595306396484
2023-03-15,372.22332763671875,87.9756851196289,92.66909790039062,178.2100067138672,19.853885650634766
2023-03-16,378.7539978027344,87.18468475341797,91.94416046142578,178.57000732421875,19.915163040161133
2023-03-17,374.3253173828125,88.21563720703125,93.3241958618164,183.77000427246094,19.853885650634766
2023-03-20,377.92474365234375,87.86015319824219,92.50316619873047,183.83999633789062,19.93267059326172
2023-03-21,382.8870544433594,87.09584045410156,91.70834350585938,180.3699951171875,20.002700805664062
2023-03-22,376.36016845703125,88.2422866821289,92.93113708496094,183.44000244140625,20.055225372314453
2023-03-23,377.3775939941406,88.74887084960938,92.93113708496094,185.74000549316406,20.002700805664062
2023-03-24,379.8539733886719,88.77552795410156,93.3241958618164,183.64999389648438,20.0989933013916
2023-03-27,380.564208984375,87.68240356445312,91.13188171386719,181.9499969482422,20.475414276123047
2023-03-28,379.7099609375,87.62907409667969,91.29783630371094,183.44000244140625,20.571706771850586
2023-03-29,385.2290344238281,87.47799682617188,91.11441040039062,182.52999877929688,20.440397262573242
2023-03-30,387.4846496582031,87.61129760742188,91.5336685180664,184.17999267578125,20.589214324951172
2023-03-31,392.9461669921875,88.09122467041016,92.90491485595703,183.22000122070312,20.781801223754883
2023-04-03,394.4434509277344,88.50618743896484,93.34184265136719,184.5399932861328,21.123201370239258
2023-04-04,392.25506591796875,89.07610321044922,93.80593872070312,187.97999572753906,21.096940994262695
2023-04-05,391.22802734375,89.45011901855469,94.78662872314453,187.8300018310547,21.17572784423828
2023-04-06,392.7541198730469,89.47682189941406,95.03180694580078,186.49000549316406,21.114450454711914
2023-04-10,393.1572570800781,88.59522247314453,93.49945831298828,185.11000061035156,21.114450454711914
2023-04-11,393.26287841796875,88.55963897705078,93.6921157836914,186.27999877929688,21.22825050354004
2023-04-12,391.6599426269531,88.81787872314453,93.59577941894531,187.19000244140625,21.394577026367188
2023-04-13,396.8621826171875,88.52399444580078,92.86028289794922,189.72000122070312,21.394577026367188
2023-04-14,395.89276123046875,88.08763122558594,92.01092529296875,186.36000061035156,21.42083740234375
2023-04-17,397.3133544921875,87.52664947509766,90.91637420654297,185.52999877929688,21.33329963684082
2023-04-18,397.57244873046875,87.66911315917969,91.24034118652344,186.25,21.37706756591797
2023-04-19,397.50537109375,87.48211669921875,91.15279388427734,185.36000061035156,21.07943344116211
2023-04-20,395.33612060546875,87.98968505859375,91.9321060180664,186.08999633789062,20.895601272583008
2023-04-21,395.64324951171875,87.77598571777344,91.41547393798828,184.25,20.851831436157227
2023-04-24,396.0559997558594,88.20343780517578,92.29986572265625,184.80999755859375,21.018156051635742
2023-04-25,389.7690734863281,89.07610321044922,93.6570816040039,185.75,20.720523834228516
2023-04-26,388.1181335449219,88.72881317138672,92.65885925292969,184.74000549316406,20.405380249023438
2023-04-27,395.84478759765625,88.14998626708984,91.73943328857422,184.75,20.431642532348633
2023-04-28,399.2234191894531,88.8089370727539,93.21926879882812,184.8000030517578,20.624231338500977
2023-05-01,398.8202819824219,87.76367950439453,90.53130340576172,183.97000122070312,20.44915199279785
2023-05-02,394.337890625,88.90626525878906,92.78736877441406,187.52000427246094,19.985193252563477
2023-05-03,391.631103515625,89.48644256591797,93.30530548095703,189.11000061035156,19.73133087158203
2023-05-04,388.8572082519531,89.4686279296875,92.38355255126953,190.44000244140625,19.810115814208984
2023-05-05,396.0559997558594,88.986572265625,92.07630920410156,187.4600067138672,20.25656509399414
2023-05-08,396.1615295410156,88.44208526611328,90.7859115600586,187.69000244140625,20.35285758972168
2023-05-09,394.4241638183594,88.33494567871094,90.46112060546875,189.02000427246094,20.414134979248047
2023-05-10,396.26715087890625,88.9955062866211,91.33895874023438,188.75,20.35285758972168
2023-05-11,395.5760498046875,89.3257827758789,92.3045654296875,187.1300048828125,20.002700805664062
2023-05-12,395.05780029296875,88.79019927978516,91.53205871582031,186.80999755859375,19.84513282775879
2023-05-15,396.42071533203125,88.59382629394531,90.58402252197266,187.2100067138672,20.07273292541504
2023-05-16,393.7716064453125,88.30818176269531,90.31185913085938,184.8699951171875,19.853885650634766
2023-05-17,398.5515441894531,88.02254486083984,90.04850006103516,184.22999572753906,20.090242385864258
2023-05-18,402.3908996582031,87.47804260253906,89.38136291503906,181.83999633789062,19.906410217285156
2023-05-19,401.8053283691406,87.14777374267578,88.74931335449219,183.63999938964844,19.880146026611328
2023-05-22,401.96856689453125,86.98707580566406,88.43328857421875,183.2100067138672,19.897655487060547
2023-05-23,397.4573059082031,87.12991333007812,88.68787384033203,183.42999267578125,19.976438522338867
2023-05-24,394.57781982421875,86.90675354003906,88.24893188476562,181.9499969482422,19.985193252563477
2023-05-25,397.994873046875,86.36225128173828,88.02949523925781,180.1999969482422,19.67005157470703
2023-05-26,403.1491394042969,86.52291870117188,88.74053955078125,180.9199981689453,19.985193252563477
2023-05-30,403.3027648925781,87.20133209228516,89.62712860107422,182.0399932861328,19.521236419677734
2023-05-31,401.0663146972656,87.53157806396484,90.40841674804688,182.32000732421875,19.302387237548828
2023-06-01,404.8768615722656,87.77497100830078,90.76311492919922,183.75999450683594,19.617528915405273
2023-06-02,410.7318115234375,87.07708740234375,89.7685317993164,181.0500030517578,19.871395111083984
2023-06-05,409.94476318359375,87.05021667480469,89.601318359375,182.13999938964844,19.81886863708496
2023-06-06,410.83746337890625,87.1039047241211,90.1294174194336,182.33999633789062,19.84513282775879
2023-06-07,409.4168701171875,86.46863555908203,88.79156494140625,180.14999389648438,19.923917770385742
2023-06-08,411.8932189941406,87.05021667480469,89.83015441894531,182.52999877929688,19.95893096923828
2023-06-09,412.6322937011719,86.73706817626953,89.7069091796875,182.0399932861328,19.83637809753418
2023-06-12,416.3756103515625,86.88020324707031,89.97100830078125,181.8800048828125,19.565006256103516
2023-06-13,419.1208190917969,86.26282501220703,89.0820083618164,180.5399932861328,19.82762336730957
2023-06-14,419.6198425292969,86.37913513183594,89.79493713378906,180.63999938964844,19.871395111083984
2023-06-15,424.8221740722656,87.05021667480469,90.65753173828125,181.91000366210938,20.291582107543945
2023-06-16,423.3751220703125,86.6744155883789,90.30547332763672,181.6300048828125,20.54544448852539
2023-06-20,421.1785583496094,86.93389892578125,90.93037414550781,179.75,20.36161231994629
2023-06-21,419.0205383300781,87.01441955566406,91.15045166015625,179.49000549316406,20.65924835205078
2023-06-22,420.53314208984375,86.52230834960938,90.05018615722656,177.7100067138672,20.27407455444336
2023-06-23,417.3538818359375,86.88020324707031,90.94795227050781,178.1999969482422,20.055225372314453
2023-06-26,415.64874267578125,87.09493255615234,91.0447998046875,178.50999450683594,20.08148765563965
2023-06-27,420.2055969238281,86.79074096679688,90.80714416503906,177.69000244140625,19.757591247558594
2023-06-28,420.41754150390625,87.1396713256836,91.19440460205078,177.27999877929688,19.696313858032227
2023-06-29,422.07452392578125,86.24494171142578,89.54847717285156,177.08999633789062,19.705068588256836
2023-06-30,427.0553283691406,86.43285369873047,90.60470581054688,178.27000427246094,19.871395111083984
2023-07-03,427.5466613769531,86.05791473388672,90.09105682373047,178.47000122070312,19.871395111083984
2023-07-05,426.9107971191406,85.6453628540039,89.2350082397461,177.83999633789062,19.993947982788086
2023-07-06,423.5677795410156,84.94575500488281,87.97294616699219,177.30999755859375,19.950178146362305
2023-07-07,422.4983825683594,84.838134765625,87.44337463378906,178.63999938964844,20.11650276184082
2023-07-10,423.5677795410156,85.27764129638672,87.55813598632812,178.77999877929688,20.1602725982666
2023-07-11,426.2653503417969,85.45700073242188,88.00824737548828,179.4499969482422,20.39662742614746
2023-07-12,429.695068359375,86.29110717773438,88.9878921508789,181.8800048828125,20.54544448852539
2023-07-13,433.1054992675781,87.00865936279297,89.92340087890625,182.00999450683594,20.834321975708008
2023-07-14,432.83575439453125,86.57814025878906,89.39384460449219,181.42999267578125,20.69426155090332
2023-07-17,434.3385925292969,86.72166442871094,89.43795013427734,181.55999755859375,20.527936935424805
2023-07-18,437.5660095214844,86.82030487060547,89.84394836425781,183.63999938964844,20.799306869506836
2023-07-19,438.5390625,87.11629486083984,90.85890197753906,183.6699981689453,20.913108825683594
2023-07-20,435.6295471191406,86.42566680908203,89.75569915771484,182.74000549316406,20.97438621520996
2023-07-21,435.6295471191406,86.4974136352539,89.78218841552734,182.17999267578125,21.08818817138672
2023-07-24,437.57562255859375,86.29110717773438,89.45561981201172,181.39999389648438,21.4646053314209
2023-07-25,438.770263671875,86.12968444824219,89.28793334960938,182.41000366210938,21.543392181396484
2023-07-26,438.83770751953125,86.42566680908203,89.37618255615234,183.3000030517578,21.438344955444336
2023-07-27,435.9281921386719,85.48392486572266,87.63758087158203,180.4199981689453,21.385820388793945
2023-07-28,440.1960754394531,85.76197052001953,88.08767700195312,181.86000061035156,21.51712989807129
2023-07-31,441.0343017578125,85.86959075927734,88.29949188232422,182.35000610351562,21.60466957092285
2023-08-01,439.77215576171875,85.36784362792969,86.85252380371094,180.4600067138672,21.49086570739746
2023-08-02,433.6546325683594,85.1969985961914,85.92327880859375,179.60000610351562,21.16697120666504
2023-08-03,432.41180419921875,84.56757354736328,83.94092559814453,179.5399932861328,21.36831283569336
2023-08-04,430.4561462402344,85.46676635742188,85.4277114868164,180.19000244140625,21.403329849243164
2023-08-07,434.21337890625,85.25993347167969,84.58697509765625,179.77999877929688,21.41208267211914
2023-08-08,432.3251037597656,85.69155883789062,85.56930541992188,178.63999938964844,21.385820388793945
2023-08-09,429.4349060058594,85.74547576904297,86.01180267333984,177.7899932861328,21.534637451171875
2023-08-10,429.58905029296875,85.0890884399414,84.59581756591797,177.60000610351562,21.42083740234375
2023-08-11,429.33856201171875,84.6395263671875,84.40111541748047,177.60000610351562,21.385820388793945
2023-08-14,431.7085876464844,84.50462341308594,84.21527862548828,177.05999755859375,21.280773162841797
2023-08-15,426.67962646484375,84.34278869628906,83.70199584960938,176.58999633789062,21.026912689208984
2023-08-16,423.548583984375,84.01905822753906,83.04708862304688,175.57000732421875,20.93937110900879
2023-08-17,420.3211669921875,83.91119384765625,82.69310760498047,175.3000030517578,20.99189567565918
2023-08-18,420.5235290527344,84.16293334960938,82.98515319824219,175.3300018310547,21.140708923339844
2023-08-21,423.2595520019531,83.64141082763672,81.87889862060547,175.80999755859375,21.08818817138672
2023-08-22,422.1130676269531,83.67737579345703,82.50724792480469,176.10000610351562,21.096940994262695
2023-08-23,426.8144836425781,84.58555603027344,84.55158233642578,177.88999938964844,21.140708923339844
2023-08-24,420.89923095703125,84.27082824707031,83.99403381347656,177.85000610351562,21.158218383789062
2023-08-25,423.8664855957031,84.24386596679688,84.26835632324219,177.6199951171875,21.36831283569336
2023-08-28,426.5543212890625,84.4776382446289,84.35688018798828,178.1300048828125,21.33329963684082
2023-08-29,432.72015380859375,85.0801010131836,85.23300170898438,179.8699951171875,21.41208267211914
2023-08-30,434.5024108886719,85.07111358642578,85.1445083618164,180.32000732421875,21.438344955444336
2023-08-31,433.8665771484375,85.24197387695312,85.52505493164062,180.02000427246094,21.525882720947266
2023-09-01,434.67578125,84.72090911865234,84.19269561767578,180.11000061035156,21.779747009277344
2023-09-05,432.7972106933594,84.2070541381836,83.01215362548828,178.63999938964844,21.884794235229492
2023-09-06,429.88775634765625,83.9906997680664,83.2162857055664,177.8300018310547,21.93731689453125
2023-09-07,428.5678405761719,84.27915954589844,83.44709014892578,178.02000427246094,21.89354705810547
2023-09-08,429.21331787109375,84.29720306396484,83.76663208007812,178.0800018310547,21.93731689453125
2023-09-11,432.0361328125,84.1529541015625,83.16303253173828,178.41000366210938,22.068626403808594
2023-09-12,429.6661071777344,84.27015686035156,83.64236450195312,177.49000549316406,22.147411346435547
2023-09-13,430.1671447753906,84.36930084228516,83.6246109008789,177.0800018310547,22.217443466186523
2023-09-14,433.8761291503906,84.17999267578125,83.0210189819336,177.1699981689453,22.401275634765625
2023-09-15,428.648681640625,83.91858673095703,82.51507568359375,178.33999633789062,22.348752975463867
2023-09-18,428.9000549316406,83.99974822998047,82.98551177978516,179.38999938964844,22.339998245239258
2023-09-19,428.0106201171875,83.6932144165039,82.37301635742188,179.22000122070312,22.357505798339844
2023-09-20,424.0758361816406,83.63011169433594,82.63044738769531,179.35000610351562,22.173673629760742
2023-09-21,417.0665283203125,83.00811004638672,80.50900268554688,178.0500030517578,22.1036434173584
2023-09-22,416.12872314453125,83.33262634277344,81.156982421875,178.6199951171875,22.121150970458984
2023-09-25,417.87860107421875,82.71961212158203,79.1597900390625,177.6999969482422,22.016101837158203
2023-09-26,411.7394104003906,82.69257354736328,78.88459777832031,176.27999877929688,21.98984146118164
2023-09-27,411.9038391113281,82.32299041748047,78.4762954711914,174.10000610351562,22.112396240234375
2023-09-28,414.29180908203125,82.54835510253906,78.71595001220703,173.22999572753906,22.08613395690918
2023-09-29,413.28631591796875,82.56636047363281,78.72483825683594,171.4499969482422,21.849777221679688
2023-10-02,413.1219177246094,81.89661407470703,77.406982421875,169.64999389648438,21.683454513549805
2023-10-03,407.5918884277344,81.21874237060547,75.74180603027344,169.16000366210938,21.587160110473633
2023-10-04,410.5599365234375,81.73393249511719,76.81037139892578,169.13999938964844,20.983139038085938
2023-10-05,410.4052429199219,81.8875732421875,76.42745971679688,168.8300018310547,20.860584259033203
2023-10-06,415.2779541015625,81.4085693359375,75.50140380859375,169.6999969482422,20.93937110900879
2023-10-09,417.9366455078125,82.44795227050781,77.27339172363281,172.82000732421875,21.37706756591797
2023-10-10,420.1119079589844,82.28528594970703,77.16653442382812,172.52999877929688,21.324542999267578
2023-10-11,421.8327941894531,82.7371826171875,78.77826690673828,173.7899932861328,21.20198631286621
2023-10-12,419.2611083984375,81.94181060791016,76.64118957519531,173.25999450683594,21.193233489990234
2023-10-13,417.17279052734375,82.4660415649414,78.01248168945312,178.8300018310547,21.75348663330078
2023-10-16,421.5621032714844,81.97797393798828,76.75694274902344,177.9600067138672,21.683454513549805
2023-10-17,421.542724609375,81.17355346679688,75.91099548339844,178.2899932861328,21.744731903076172
2023-10-18,415.9256591796875,80.7939682006836,75.24317169189453,180.8699951171875,21.93731689453125
2023-10-19,412.2711181640625,80.39625549316406,73.70267486572266,183.08999633789062,22.164920806884766
2023-10-20,407.2052001953125,80.86626434326172,74.12118530273438,183.58999633789062,21.998594284057617
2023-10-23,406.4993896484375,81.245849609375,75.01166534423828,182.97000122070312,21.858531951904297
2023-10-24,409.5641174316406,81.3904800415039,76.0000228881836,182.9499969482422,21.622177124023438
2023-10-25,403.6860046386719,80.67644500732422,74.30819702148438,183.72000122070312,21.779747009277344
2023-10-26,398.85205078125,81.29106903076172,75.44799041748047,184.00999450683594,21.595914840698242
2023-10-27,397.0440979003906,81.41758728027344,75.12738800048828,186.14999389648438,21.884794235229492
2023-10-30,401.7911071777344,81.14644622802734,74.78903198242188,185.10000610351562,21.534637451171875
2023-10-31,404.3144836425781,80.97471618652344,74.42396545410156,184.08999633789062,21.455852508544922
2023-11-01,408.6263732910156,81.90733337402344,76.0376205444336,183.50999450683594,21.49086570739746
2023-11-02,416.4573669433594,82.41488647460938,77.77103424072266,184.1199951171875,21.718469619750977
2023-11-03,420.2569274902344,83.04936981201172,78.2982177734375,184.7899932861328,21.60466957092285
2023-11-06,421.2237854003906,82.56898498535156,77.53872680664062,183.35000610351562,21.692209243774414
2023-11-07,422.42254638671875,83.0403060913086,78.68242645263672,182.58999633789062,21.22825050354004
2023-11-08,422.7319030761719,83.3756332397461,80.0226821899414,180.77000427246094,20.99189567565918
2023-11-09,419.4351501464844,82.55083465576172,78.18206024169922,181.49000549316406,20.93937110900879
2023-11-10,425.9803161621094,82.6415023803711,78.61988067626953,179.50999450683594,21.044418334960938
2023-11-13,425.5743103027344,82.59617614746094,78.44117736816406,180.50999450683594,21.350805282592773
2023-11-14,433.8307800292969,83.837890625,80.21925354003906,182.1199951171875,21.3157901763916
2023-11-15,434.74920654296875,83.18531799316406,79.09341430664062,181.63999938964844,21.17572784423828
2023-11-16,435.281005859375,83.81070709228516,80.07630157470703,183.69000244140625,20.668001174926758
2023-11-17,435.8223876953125,83.86505889892578,80.45156860351562,183.6699981689453,20.965635299682617
2023-11-20,439.1770935058594,83.98292541503906,80.9429931640625,183.3699951171875,21.22825050354004
2023-11-21,438.2200012207031,84.0916519165039,80.90725708007812,185.35000610351562,21.350805282592773
2023-11-22,439.9118957519531,84.06448364257812,81.19318389892578,184.55999755859375,21.16697120666504
2023-11-24,440.1826171875,83.62943267822266,80.23713684082031,185.52000427246094,21.026912689208984
2023-11-27,439.3898620605469,84.26387786865234,81.577392578125,186.77000427246094,20.88684844970703
2023-11-28,439.8248291015625,84.63545989990234,81.73822784423828,189.25999450683594,21.140708923339844
2023-11-29,439.5155334472656,85.07959747314453,82.76573181152344,189.5399932861328,21.289527893066406
2023-11-30,441.24609375,84.66265869140625,81.80970764160156,188.75,20.930618286132812
2023-12-01,443.8564147949219,85.46149444580078,83.35050964355469,192.00999450683594,20.834321975708008
2023-12-04,441.52642822265625,85.10704803466797,83.01886749267578,187.86000061035156,20.69426155090332
2023-12-05,441.439453125,85.70685577392578,84.80255889892578,187.14999389648438,20.51042938232422
2023-12-06,439.66058349609375,86.06127166748047,85.93197631835938,187.83999633789062,20.011455535888672
2023-12-07,443.01531982421875,85.93405151367188,85.43898010253906,188.14999389648438,20.046470642089844
2023-12-08,444.919921875,85.37966918945312,84.73982238769531,185.63999938964844,20.134010314941406
2023-12-11,446.65045166015625,85.38875579833984,84.56056213378906,183.58999633789062,20.06397819519043
2023-12-12,448.6903991699219,85.57052612304688,84.81153106689453,183.49000549316406,19.757591247558594
2023-12-13,454.8779296875,86.84282684326172,86.80140686035156,187.6300048828125,19.985193252563477
2023-12-14,456.3378601074219,87.56470489501953,89.05937194824219,188.72999572753906,20.317842483520508
2023-12-15,455.58642578125,87.4917984008789,89.15829467773438,187.0,20.35285758972168
2023-12-18,458.14910888671875,87.30038452148438,88.44789123535156,187.85000610351562,20.498884201049805
2023-12-19,460.93505859375,87.46440887451172,88.92449188232422,189.1300048828125,20.655014038085938
2023-12-20,454.54779052734375,87.8928451538086,89.52696990966797,188.10000610351562,20.416229248046875
2023-12-21,458.85772705078125,87.75611877441406,88.96044921875,189.42999267578125,20.452964782714844
2023-12-22,459.7799377441406,87.67406463623047,88.55581665039062,190.27000427246094,20.416229248046875
2023-12-26,461.7213134765625,87.72876739501953,88.80757141113281,191.72000122070312,20.61827850341797
2023-12-27,462.5561828613281,88.412353515625,90.38121795654297,192.58999633789062,20.526437759399414
2023-12-28,462.73089599609375,88.07511138916016,89.72479248046875,191.47000122070312,20.351940155029297
2023-12-29,461.3913269042969,87.85639190673828,88.91551208496094,191.1699981689453,20.241731643676758
2024-01-02,458.8092041015625,87.52823638916016,88.40293884277344,190.72000122070312,20.076417922973633
2024-01-03,455.0622863769531,87.73787689208984,88.7716064453125,189.1300048828125,20.33357048034668
2024-01-04,453.5964660644531,87.209228515625,87.42277526855469,189.32000732421875,20.223363876342773
2024-01-05,454.2177429199219,86.89020538330078,86.58648681640625,189.35000610351562,20.324386596679688
2024-01-08,460.7021179199219,87.18190002441406,87.44075012207031,187.8699951171875,20.03049659729004
2024-01-09,460.003173828125,87.14543151855469,86.88324737548828,187.92999267578125,20.177440643310547
2024-01-10,462.6047668457031,87.00869750976562,86.4786148071289,187.5,20.03968048095703
2024-01-11,462.4009094238281,87.47355651855469,86.96417236328125,187.8699951171875,20.18662452697754
2024-01-12,462.72119140625,87.7105484008789,86.79331970214844,189.7100067138672,20.260099411010742
2024-01-16,461.02239990234375,86.99959564208984,85.26461791992188,187.91000366210938,20.085601806640625
2024-01-17,458.45977783203125,86.71703338623047,85.12973022460938,185.83999633789062,20.058048248291016
2024-01-18,462.5367431640625,86.52562713623047,84.33844757080078,187.3699951171875,20.18662452697754
2024-01-19,468.3028259277344,86.53475189208984,84.60819244384766,187.92999267578125,20.149890899658203
2024-01-22,469.29296875,86.79908752441406,85.11176300048828,187.22000122070312,20.232547760009766
2024-01-23,470.6616516113281,86.58032989501953,84.43736267089844,187.9499969482422,20.342754364013672
2024-01-24,471.1761779785156,86.334228515625,83.9427719116211,186.39999389648438,20.517253875732422
2024-01-25,473.73883056640625,86.70792388916016,84.49129486083984,187.13999938964844,20.673383712768555
2024-01-26,473.13702392578125,86.55297088623047,84.32942962646484,187.00999450683594,20.76522445678711
2024-01-29,476.8839111328125,87.072509765625,85.30061340332031,188.3300018310547,20.59072494506836
2024-01-30,476.51513671875,87.19100952148438,86.07394409179688,188.58999633789062,20.728487014770508
2024-01-31,468.7396545410156,87.9201889038086,86.91919708251953,188.4499969482422,20.50806999206543
2024-02-01,474.8746032714844,88.4647445678711,88.62421417236328,190.41000366210938,20.260099411010742
2024-02-02,479.8737487792969,87.3134765625,86.66661834716797,188.61000061035156,20.03049659729004
2024-02-05,478.12646484375,86.46373748779297,84.91650390625,187.57000732421875,20.1131534576416
2024-02-06,479.5146484375,86.92973327636719,85.74646759033203,188.5500030517578,20.18662452697754
2024-02-07,483.5140075683594,86.77439880371094,85.33148193359375,188.5,20.278467178344727
2024-02-08,483.7275390625,86.49113464355469,84.8353271484375,188.3300018310547,20.3886775970459
2024-02-09,486.5232238769531,86.33582305908203,84.66392517089844,187.60000610351562,20.44378089904785
2024-02-12,486.3096618652344,86.4180679321289,84.76315307617188,187.11000061035156,20.452964782714844
2024-02-13,479.61163330078125,85.4677963256836,83.31073760986328,184.52999877929688,20.33357048034668
2024-02-14,483.9702453613281,85.78759765625,83.73473358154297,184.4199981689453,20.14070701599121
2024-02-15,487.3094482421875,86.02516174316406,84.16775512695312,185.66000366210938,20.18662452697754
2024-02-16,484.8826599121094,85.65052795410156,83.68060302734375,186.33999633789062,20.232547760009766
2024-02-20,482.2131652832031,85.7967529296875,83.75276947021484,187.47000122070312,20.122337341308594
2024-02-21,482.6500244140625,85.52262115478516,83.15737915039062,187.47999572753906,20.204994201660156
2024-02-22,492.6387023925781,85.5317611694336,83.5633316040039,187.55999755859375,20.260099411010742
2024-02-23,492.9784240722656,85.92466735839844,84.68197631835938,188.6199951171875,19.966209411621094
2024-02-26,491.1728820800781,85.7967529296875,84.42935180664062,188.1999969482422,20.149890899658203
2024-02-27,492.0853576660156,85.60486602783203,83.83397674560547,188.0,20.306018829345703
2024-02-28,491.4349670410156,85.91552734375,84.3662109375,188.33999633789062,20.223363876342773
2024-02-29,493.20172119140625,86.08909606933594,84.96161651611328,189.30999755859375,20.195810317993164
2024-03-01,497.8320007324219,86.48213195800781,85.49100494384766,192.88999938964844,20.29683494567871
2024-03-04,497.2981262207031,86.28975677490234,85.1470947265625,196.00999450683594,20.36112403869629
2024-03-05,492.32806396484375,86.82110595703125,86.35975646972656,197.19000244140625,20.204994201660156
2024-03-06,494.82281494140625,87.03180694580078,86.8665542602539,198.80999755859375,20.37030792236328
2024-03-07,499.7346496582031,87.17839050292969,86.78508758544922,199.94000244140625,20.425413131713867
2024-03-08,496.73516845703125,87.24251556396484,86.63125610351562,201.6300048828125,20.36112403869629
2024-03-11,496.3079833984375,87.13257598876953,86.58601379394531,202.0,20.53562355041504
2024-03-12,501.64697265625,86.77529907226562,85.86204528808594,199.7899932861328,20.48051643371582
2024-03-13,500.8606872558594,86.5829086303711,85.44576263427734,201.19000244140625,20.76522445678711
2024-03-14,499.87054443359375,85.94161987304688,84.13358306884766,200.35000610351562,20.829513549804688
2024-03-15,496.4381408691406,85.7950439453125,84.1064224243164,199.7100067138672,20.902984619140625
2024-03-18,499.3885498046875,85.69426727294922,83.8530502319336,200.02999877929688,21.095849990844727
2024-03-19,502.1636657714844,85.94161987304688,84.08830261230469,199.8000030517578,21.086666107177734
2024-03-20,506.8084411621094,86.1431655883789,84.06117248535156,202.17999267578125,21.03156089782715
2024-03-21,508.4832458496094,86.15234375,84.24217987060547,201.97000122070312,21.004011154174805
2024-03-22,507.5191955566406,86.57373809814453,85.04757690429688,200.35000610351562,20.857065200805664
2024-03-25,506.1170654296875,86.34471130371094,84.62225341796875,200.99000549316406,21.03156089782715
2024-03-26,505.1822204589844,86.47295379638672,84.85753631591797,201.63999938964844,20.866249084472656
2024-03-27,509.427734375,86.80280303955078,85.69915771484375,203.10000610351562,20.847881317138672
2024-03-28,509.33038330078125,86.7203369140625,85.62674713134766,205.72000122070312,21.095849990844727
2024-04-01,508.44427490234375,85.93567657470703,84.03058624267578,207.82000732421875,21.196874618530273
2024-04-02,505.2115783691406,85.75191497802734,83.56753540039062,210.88999938964844,21.38974380493164
2024-04-03,505.76641845703125,85.85298156738281,83.54936218261719,212.74000549316406,21.646896362304688
2024-04-04,499.5930480957031,86.14700317382812,84.14862060546875,211.52000427246094,21.70199966430664
2024-04-05,504.8122253417969,85.57736206054688,82.97734832763672,215.13999938964844,21.812210083007812
2024-04-08,505.09454345703125,85.3843765258789,82.96829223632812,216.47999572753906,21.80302619934082
2024-04-09,505.6788024902344,85.72434997558594,83.74005126953125,217.6699981689453,21.68363380432129
2024-04-10,500.61541748046875,84.58503723144531,81.91506958007812,215.61000061035156,21.793840408325195
2024-04-11,504.39349365234375,84.46556854248047,81.54280090332031,219.8000030517578,21.757104873657227
2024-04-12,497.43133544921875,84.81471252441406,81.9786148071289,216.88999938964844,21.784656524658203
2024-04-15,491.1994934082031,84.27264404296875,80.70750427246094,220.9499969482422,21.812210083007812
2024-04-16,490.3036193847656,83.94187927246094,80.17181396484375,221.22000122070312,21.77547264099121
2024-04-17,487.40185546875,84.47477722167969,81.06159210205078,219.58999633789062,21.4356632232666
2024-04-18,486.3989562988281,84.18075561523438,80.65300750732422,220.33999633789062,21.42647933959961
2024-04-19,482.1534729003906,84.29100036621094,80.94355773925781,221.02999877929688,21.527503967285156
2024-04-22,486.5937194824219,84.30018615722656,80.80736541748047,215.57000732421875,21.527503967285156
2024-04-23,492.3679504394531,84.41046142578125,80.83460235595703,215.0399932861328,21.61934471130371
2024-04-24,492.13421630859375,84.15318298339844,80.26258850097656,214.63999938964844,21.591793060302734
2024-04-25,490.2646484375,83.83161163330078,79.6996841430664,215.9199981689453,21.711185455322266
2024-04-26,494.9093933105469,84.0613021850586,80.11732482910156,216.6199951171875,21.72955322265625
2024-04-29,496.6620788574219,84.40125274658203,80.78919219970703,216.17999267578125,21.711185455322266
2024-04-30,488.7943115234375,84.00618743896484,80.09915924072266,211.8699951171875,21.4356632232666
2024-05-01,487.2071533203125,84.3388442993164,80.68958282470703,213.7899932861328,21.123403549194336
2024-05-02,491.7642517089844,84.73511505126953,81.03582763671875,213.1300048828125,21.196874618530273
2024-05-03,497.8597717285156,85.20509338378906,81.8558120727539,212.9600067138672,21.224428176879883
2024-05-06,503.0011291503906,85.27883911132812,82.17472076416016,215.1999969482422,21.463214874267578
2024-05-07,503.55615234375,85.5,82.67583465576172,214.2100067138672,21.444847106933594
2024-05-08,503.60479736328125,85.26041412353516,82.17472076416016,213.5800018310547,21.334636688232422
2024-05-09,506.506591796875,85.5184097290039,82.57559204101562,216.9499969482422,21.417293548583984
2024-05-10,507.1589660644531,85.24197387695312,82.11094665527344,218.7100067138672,21.380558013916016
2024-05-13,507.2270812988281,85.34333801269531,82.32049560546875,216.25999450683594,21.518320083618164
2024-05-14,509.5542907714844,85.59214782714844,82.78517150878906,218.08999633789062,21.42647933959961
2024-05-15,515.8641357421875,86.23722076416016,83.91499328613281,220.88999938964844,21.499950408935547
2024-05-16,514.802734375,86.07133483886719,83.83296203613281,220.02999877929688,21.555055618286133
2024-05-17,515.542724609375,85.80408477783203,83.26805877685547,223.66000366210938,21.77547264099121
2024-05-20,516.1366577148438,85.67507934570312,83.02206420898438,224.55999755859375,21.968339920043945
2024-05-21,517.4025268554688,85.89627075195312,83.45030212402344,224.22999572753906,21.87649917602539
2024-05-22,515.9127197265625,85.78568267822266,83.5505142211914,220.11000061035156,21.564239501953125
2024-05-23,512.14453125,85.48157501220703,83.0129623413086,215.72000122070312,21.454030990600586
2024-05-24,515.5331420898438,85.59214782714844,83.25897216796875,215.9199981689453,21.600975036621094
2024-05-28,515.893310546875,85.11294555664062,82.06539154052734,218.19000244140625,21.98670768737793
2024-05-29,512.2808227539062,84.6982650756836,81.0722427368164,216.16000366210938,21.757104873657227
2024-05-30,508.8824768066406,85.12217712402344,81.8558120727539,216.57000732421875,21.472396850585938
2024-05-31,513.5174560546875,85.5184097290039,82.41161346435547,215.3000030517578,21.371374130249023
2024-06-03,513.93603515625,86.07855224609375,83.74455261230469,217.22000122070312,21.06829833984375
2024-06-04,514.5106811523438,86.54991912841797,84.7228012084961,215.27000427246094,20.857065200805664
2024-06-05,520.6256103515625,86.86418151855469,85.34451293945312,217.82000732421875,20.930538177490234
2024-06-06,520.6159057617188,86.82722473144531,85.21649169921875,219.42999267578125,21.2060604095459
2024-06-07,519.9829711914062,85.91216278076172,83.65316772460938,211.60000610351562,20.902984619140625
2024-06-10,521.5896606445312,85.7273178100586,83.09546661376953,213.5399932861328,21.2060604095459
2024-06-11,522.8457641601562,86.18021392822266,83.9548568725586,214.14999389648438,21.17850685119629
2024-06-12,527.139892578125,86.66082000732422,84.58567810058594,214.72000122070312,21.25197982788086
2024-06-13,528.2012329101562,87.23389434814453,85.82904815673828,212.97000122070312,21.270349502563477
2024-06-14,528.522705078125,87.43722534179688,86.55130767822266,215.72999572753906,21.18769073486328
2024-06-17,532.7291259765625,87.03055572509766,85.69190979003906,214.61000061035156,21.261165618896484
2024-06-18,534.0825805664062,87.40951538085938,86.4781723022461,215.47000122070312,21.4356632232666
2024-06-20,532.6317138671875,87.18769836425781,85.90219116210938,218.16000366210938,21.481582641601562
2024-06-21,531.917724609375,87.20616149902344,85.90219116210938,214.77999877929688,21.307085037231445
2024-06-24,530.1885986328125,87.28011322021484,86.24958801269531,215.6300048828125,21.481582641601562
2024-06-25,532.2302856445312,87.35405731201172,86.39588928222656,214.55999755859375,21.27953338623047
2024-06-26,532.8945922851562,86.82722473144531,85.16165924072266,212.5800018310547,21.316267013549805
2024-06-27,533.7346801757812,87.02130126953125,85.49991607666016,214.99000549316406,21.42647933959961
2024-06-28,531.6343994140625,86.55917358398438,83.90914916992188,215.00999450683594,21.334636688232422
2024-07-01,532.728515625,85.9148178100586,82.46096801757812,215.57000732421875,21.61016082763672
2024-07-02,536.313720703125,86.23929595947266,83.10297393798828,215.55999755859375,21.637710571289062
2024-07-03,538.70703125,86.81411743164062,84.19438171386719,217.99000549316406,21.757104873657227
2024-07-05,541.8134155273438,87.29620361328125,84.89141082763672,220.92999267578125,21.839763641357422
2024-07-08,542.4385986328125,87.32402801513672,85.07483673095703,218.19000244140625,21.54587173461914
2024-07-09,542.9661865234375,87.20350646972656,84.69879150390625,218.55999755859375,21.39892578125
2024-07-10,548.3389282226562,87.28693389892578,84.96478271484375,219.36000061035156,21.39892578125
2024-07-11,543.61083984375,87.84320068359375,85.79021453857422,223.25,21.472396850585938
2024-07-12,547.039794921875,88.02863311767578,86.1570816040039,223.11000061035156,21.38974380493164
2024-07-15,548.5440673828125,87.7505111694336,85.16656494140625,223.8300018310547,21.233613967895508
2024-07-16,551.7970581054688,88.1398696899414,86.3680191040039,228.2899932861328,21.17850685119629
2024-07-17,544.060302734375,88.21403503417969,86.38636016845703,227.22999572753906,21.17850685119629
2024-07-18,539.8792114257812,87.9637222290039,85.72602844238281,225.77999877929688,21.022377014160156
2024-07-19,536.2941284179688,87.68560791015625,85.22158813476562,221.72999572753906,20.7376708984375
2024-07-22,541.8232421875,87.60215759277344,84.97394561767578,221.8000030517578,20.792776107788086
2024-07-23,540.973388671875,87.66705322265625,84.85472106933594,222.5800018310547,20.599910736083984
2024-07-24,528.7135620117188,87.47236633300781,83.93756866455078,221.8000030517578,20.59072494506836
2024-07-25,525.958740234375,87.66705322265625,84.62541961669922,218.3300018310547,20.636646270751953
2024-07-26,531.8492431640625,88.08425903320312,85.28579711914062,220.6300048828125,20.425413131713867
2024-07-29,532.1619873046875,88.23257446289062,85.74435424804688,220.32000732421875,20.33357048034668
2024-07-30,529.4656982421875,88.41800689697266,86.07453155517578,222.52000427246094,20.269283294677734
2024-07-31,538.072021484375,89.06698608398438,86.95500946044922,226.5500030517578,20.7376708984375
2024-08-01,530.4523315429688,89.44731140136719,87.7049560546875,225.77000427246094,20.489700317382812
2024-08-02,520.576171875,90.8328628540039,90.43798065185547,225.33999633789062,20.1131534576416
2024-08-05,505.41510009765625,90.92586517333984,90.9164810180664,222.47999572753906,20.076417922973633
2024-08-06,510.0747985839844,90.11682891845703,88.8828125,220.6999969482422,19.911104202270508
2024-08-07,506.66546630859375,89.79136657714844,88.2571029663086,220.5500030517578,20.094785690307617
2024-08-08,518.378173828125,89.52171325683594,87.71414947509766,224.00999450683594,20.278467178344727
2024-08-09,520.6640625,89.88436889648438,88.57916259765625,224.55999755859375,20.397859573364258
2024-08-12,520.937744140625,90.13543701171875,88.90123748779297,228.41000366210938,20.682567596435547
2024-08-13,529.5047607421875,90.53531646728516,89.51778411865234,228.05999755859375,20.489700317382812
2024-08-14,531.1752319335938,90.65618133544922,90.07910919189453,226.1999969482422,20.36112403869629
2024-08-15,540.2797241210938,90.08893585205078,89.35211944580078,226.91000366210938,20.526437759399414
2024-08-16,541.4910278320312,90.26561737060547,89.66500854492188,231.99000549316406,20.397859573364258
2024-08-19,546.66845703125,90.38652038574219,90.07910919189453,231.61000061035156,20.28765296936035
2024-08-20,545.779541015625,90.7491683959961,90.79685974121094,232.4600067138672,20.204994201660156
2024-08-21,547.655029296875,90.9351577758789,90.8520736694336,232.14999389648438,20.10396957397461
2024-08-22,543.3568115234375,90.51669311523438,89.95027160644531,229.3699951171875,20.085601806640625
2024-08-23,549.1302490234375,90.9351577758789,90.53919982910156,232.02000427246094,20.44378089904785
2024-08-26,547.8212280273438,90.82357025146484,90.30915069580078,232.75999450683594,20.655014038085938
2024-08-27,548.5733032226562,90.78636932373047,90.15269470214844,233.38999938964844,20.55398941040039
2024-08-28,545.3888549804688,90.73988342285156,90.04229736328125,231.75,20.306018829345703
2024-08-29,545.4375610351562,90.581787109375,89.74783325195312,232.9499969482422,20.53562355041504
2024-08-30,550.6443481445312,90.26561737060547,88.79080963134766,231.2899932861328,20.306018829345703
2024-09-03,539.3126220703125,90.86067199707031,90.24299621582031,230.2899932861328,19.901918411254883
2024-09-04,538.2088623046875,91.3923110961914,91.40626525878906,230.42999267578125,19.754974365234375
2024-09-05,536.8997192382812,91.60680389404297,91.92323303222656,232.35000610351562,19.800893783569336
2024-09-06,527.8635864257812,91.73737335205078,91.91400909423828,230.6300048828125,19.534557342529297
2024-09-09,533.7737426757812,91.86795043945312,92.31097412109375,231.60000610351562,19.58966064453125
2024-09-10,536.0986938476562,92.25968933105469,92.95722961425781,232.6199951171875,19.304954528808594
2024-09-11,541.5985717773438,92.19440460205078,92.88336944580078,232.25,19.479450225830078
2024-09-12,546.1605224609375,92.045166015625,92.44945526123047,236.3300018310547,19.856000900268555
2024-09-13,549.0130004882812,92.22236633300781,92.69872283935547,238.67999267578125,19.89273452758789
2024-09-16,549.8237915039062,92.46485137939453,93.54808807373047,238.66000366210938,20.03968048095703
2024-09-17,550.0485229492188,92.29698944091797,93.09568786621094,237.33999633789062,20.177440643310547
2024-09-18,548.4171752929688,91.89593505859375,91.94170379638672,235.50999450683594,20.048864364624023
2024-09-19,557.7755737304688,91.82130432128906,91.6370620727539,239.1699981689453,20.40704345703125
2024-09-20,556.8114013671875,91.7933349609375,91.28620910644531,242.2100067138672,20.40704345703125
2024-09-23,558.2028198242188,91.73737335205078,91.09235382080078,242.67999267578125,20.416229248046875
2024-09-24,559.7998657226562,91.83997344970703,91.07388305664062,246.07000732421875,20.756040573120117
2024-09-25,558.5652465820312,91.46691131591797,90.3168716430664,245.72999572753906,20.58154296875
2024-09-26,560.77978515625,91.40162658691406,90.52919006347656,246.97999572753906,20.397859573364258
2024-09-27,559.9664306640625,91.7653579711914,91.00004577636719,245.02000427246094,20.498884201049805
2024-09-30,562.21044921875,91.51351928710938,90.56611633300781,243.05999755859375,20.452964782714844
2024-10-01,557.173828125,91.84654235839844,91.22000122070312,245.61000061035156,20.81114387512207
2024-10-02,557.4091186523438,91.58464813232422,90.45127868652344,245.66000366210938,20.98564338684082
2024-10-03,556.3900146484375,91.11693572998047,89.59918212890625,245.49000549316406,21.28871726989746
2024-10-04,561.4461059570312,90.2376708984375,88.49703979492188,245.0,21.343820571899414
2024-10-07,556.3704223632812,89.91028594970703,87.8301773071289,244.1699981689453,21.637710571289062
2024-10-08,561.6322631835938,89.98509216308594,87.9783706665039,242.3699951171875,21.132587432861328
2024-10-09,565.5223999023438,89.64836120605469,87.47823333740234,241.0500030517578,20.94890594482422
2024-10-10,564.5327758789062,89.63900756835938,87.13554382324219,242.82000732421875,21.36219024658203
2024-10-11,567.913330078125,89.66707611083984,86.78358459472656,245.47000122070312,21.380558013916016
2024-10-14,572.557861328125,89.508056640625,86.84842681884766,245.07000732421875,21.049930572509766
2024-10-15,568.1092529296875,89.96637725830078,87.90426635742188,245.9199981689453,20.645830154418945
2024-10-16,570.5785522460938,90.10670471191406,88.27474212646484,247.14999389648438,20.59072494506836
2024-10-17,570.62744140625,89.63900756835938,86.87620544433594,248.6300048828125,20.61827850341797
2024-10-18,572.8224487304688,89.74189758300781,86.9410400390625,251.27000427246094,20.50806999206543
2024-10-21,571.8817138671875,89.0497055053711,85.42210388183594,251.22000122070312,20.572359085083008
2024-10-22,571.5779418945312,88.96551513671875,85.50543212890625,253.92999267578125,20.930538177490234
2024-10-23,566.355224609375,88.75973510742188,85.27389526367188,250.8699951171875,20.81114387512207
2024-10-24,567.5801391601562,88.95616912841797,85.82034301757812,252.8000030517578,20.801959991455078
2024-10-25,567.3840942382812,88.75973510742188,85.33872985839844,253.32000732421875,20.94890594482422
2024-10-28,569.1381225585938,88.55393981933594,85.10718536376953,253.3300018310547,20.3886775970459
2024-10-29,570.0592651367188,88.59136962890625,85.23686218261719,256.0899963378906,20.351940155029297
2024-10-30,568.3346557617188,88.46041870117188,85.4869384765625,257.5,20.609094619750977
2024-10-31,557.1934814453125,88.41363525390625,85.6258544921875,253.50999450683594,20.746854782104492
2024-11-01,559.545166015625,87.89006805419922,84.41865539550781,252.47000122070312,20.526437759399414
2024-11-04,558.3399658203125,88.35920715332031,85.72901153564453,252.8300018310547,20.87543296813965
2024-11-05,565.0912475585938,88.4061279296875,86.18435668945312,253.39999389648438,21.004011154174805
2024-11-06,579.142578125,87.49598693847656,83.82392120361328,245.6999969482422,20.7744083404541
2024-11-07,583.62060546875,88.19970703125,84.8740234375,249.64999389648438,20.98564338684082
2024-11-08,586.148681640625,88.38738250732422,85.9520263671875,247.9600067138672,20.664199829101562
2024-11-11,586.707275390625,88.14341735839844,85.53384399414062,242.13999938964844,20.33357048034668
2024-11-12,584.884765625,87.58980560302734,84.25140380859375,240.0500030517578,20.223363876342773
2024-11-13,585.1688232421875,87.53351593017578,83.45219421386719,237.6300048828125,20.159074783325195
2024-11-14,581.4060668945312,87.52412414550781,83.93543243408203,237.00999450683594,20.14070701599121
2024-11-15,573.9591674804688,87.5616683959961,83.71240234375,236.58999633789062,20.03968048095703
2024-11-18,576.310791015625,87.75870513916016,83.86107635498047,241.08999633789062,20.498884201049805
2024-11-19,578.41748046875,87.9463882446289,84.28857421875,243.25,20.563173294067383
2024-11-20,578.6133422851562,87.81500244140625,84.01909637451172,244.6199951171875,20.55398941040039
2024-11-21,581.7196044921875,87.76809692382812,83.95401000976562,246.66000366210938,20.700937271118164
2024-11-22,583.5226440429688,87.82439422607422,84.00049591064453,249.83999633789062,20.719303131103516
2024-11-25,585.5020141601562,88.77206420898438,86.1750717163086,242.47999572753906,20.425413131713867
2024-11-26,588.55908203125,88.58441925048828,85.84053039550781,242.9499969482422,20.425413131713867
2024-11-27,586.7757568359375,88.94094848632812,86.43526458740234,243.49000549316406,20.315204620361328
2024-11-29,590.4208984375,89.31629943847656,87.32742309570312,245.58999633789062,20.33357048034668
2024-12-02,591.4791870117188,89.30875396728516,87.5372543334961,243.44000244140625,20.18662452697754
2024-12-03,591.7535400390625,89.05462646484375,86.78187561035156,243.92999267578125,20.416229248046875
2024-12-04,595.4280395507812,89.39347839355469,87.71442413330078,244.6699981689453,20.306018829345703
2024-12-05,594.4481201171875,89.38402557373047,87.89160919189453,242.86000061035156,20.278467178344727
2024-12-06,595.5750732421875,89.66638946533203,88.02216339111328,242.9499969482422,20.122337341308594
2024-12-09,592.508056640625,89.35580444335938,87.21085357666016,245.36000061035156,20.315204620361328
2024-12-10,590.6658935546875,89.19581604003906,86.800537109375,248.58999633789062,20.36112403869629
2024-12-11,595.2321166992188,88.93226623535156,85.97991180419922,250.9600067138672,20.61827850341797
2024-12-12,592.1650390625,88.59343719482422,84.93546295166016,247.27999877929688,20.53562355041504
2024-12-13,592.0474853515625,88.17932891845703,84.0682144165039,244.2899932861328,20.526437759399414
2024-12-16,594.5755615234375,88.20755767822266,84.31999206542969,244.8800048828125,20.416229248046875
2024-12-17,592.1258544921875,88.20755767822266,84.5251693725586,243.94000244140625,20.278467178344727
2024-12-18,574.4783935546875,87.52580261230469,83.4682388305664,239.25999450683594,20.094785690307617
2024-12-19,574.302001953125,87.12918853759766,82.20441436767578,239.60000610351562,20.094785690307617
2024-12-20,581.199951171875,87.45024871826172,82.6724853515625,242.10000610351562,20.223363876342773
2024-12-23,584.6802978515625,87.06310272216797,81.91419219970703,240.9600067138672,20.238842010498047
2024-12-24,591.1790771484375,87.11029815673828,82.26057434082031,241.44000244140625,20.354934692382812
2024-12-26,591.2184448242188,87.1764144897461,82.2137680053711,243.07000732421875,20.296886444091797
2024-12-27,584.9949951171875,86.94976806640625,81.53972625732422,241.39999389648438,20.393630981445312
2024-12-30,578.3192749023438,87.4596939086914,82.19503021240234,240.6300048828125,20.57744598388672
2024-12-31,576.21533203125,87.2991714477539,81.75503540039062,242.1300048828125,20.683862686157227
2025-01-02,574.799560546875,87.34638977050781,81.979736328125,245.4199981689453,20.887025833129883
2025-01-03,581.9864501953125,87.20475006103516,81.71758270263672,243.49000549316406,20.780607223510742
2025-01-06,585.3389892578125,87.11974334716797,81.35249328613281,243.19000244140625,20.819305419921875
2025-01-07,578.7223510742188,86.72314453125,80.43504333496094,244.55999755859375,20.91604995727539
2025-01-08,579.5679321289062,86.87423706054688,80.53802490234375,245.86000061035156,20.877351760864258
2025-01-10,570.7193603515625,86.24156951904297,80.00440979003906,248.2100067138672,21.438467025756836
2025-01-13,571.604248046875,86.0904769897461,79.97633361816406,245.74000549316406,21.5932559967041
2025-01-14,572.3907470703125,86.1187973022461,79.84526062011719,247.02999877929688,21.583581924438477
2025-01-15,582.802490234375,87.02530670166016,81.22144317626953,248.8800048828125,21.931861877441406
2025-01-16,581.6817016601562,87.23307037353516,81.4835433959961,250.60000610351562,21.83511734008789
2025-01-17,587.521728515625,87.2991714477539,81.62398529052734,249.27000427246094,21.738372802734375
2025-01-21,592.899658203125,87.5918960571289,82.35420227050781,253.1300048828125,21.631956100463867
2025-01-22,596.232666015625,87.36526489257812,81.92355346679688,254.42999267578125,21.612606048583984
2025-01-23,599.48681640625,87.13863372802734,81.28695678710938,254.07000732421875,21.53521156311035
2025-01-24,597.7368774414062,87.31805419921875,81.65209197998047,255.64999389648438,21.544885635375977
2025-01-27,589.2816162109375,87.8846206665039,82.61631774902344,252.99000549316406,21.21595573425293
2025-01-28,594.3448486328125,87.8940658569336,82.56015014648438,255.17999267578125,21.235305786132812
2025-01-29,591.6804809570312,87.7901840209961,82.39163970947266,254.1999969482422,21.274002075195312
2025-01-30,594.8560791015625,87.97904205322266,82.70056915283203,258.04998779296875,21.293350219726562
2025-01-31,591.6903686523438,87.83739471435547,82.1575927734375,258.55999755859375,21.25465202331543
2025-02-03,587.70849609375,87.89993286132812,82.8265380859375,259.94000244140625,21.419116973876953
2025-02-04,591.6510620117188,88.11779022216797,83.0802001953125,262.5,21.47716522216797
2025-02-05,594.0499267578125,88.62934112548828,84.45185852050781,264.1300048828125,21.34172248840332
2025-02-06,596.1146240234375,88.52513122558594,84.41427612304688,263.42999267578125,21.351396560668945
2025-02-07,590.6580810546875,88.23147583007812,83.8693618774414,263.8999938964844,21.36107063293457
2025-02-10,594.6693115234375,88.21253967285156,83.61570739746094,268.3699951171875,21.670652389526367
2025-02-11,595.1215209960938,87.98518371582031,83.0802001953125,267.3900146484375,21.83511734008789
2025-02-12,593.2044067382812,87.37892150878906,81.9527816772461,267.6700134277344,21.5932559967041
2025-02-13,599.4671630859375,88.03256225585938,83.31505584716797,270.30999755859375,21.699676513671875
2025-02-14,599.4376831054688,88.40200805664062,83.75663757324219,266.2900085449219,21.7093505859375
2025-02-18,601.1975708007812,87.92835235595703,82.77015686035156,270.70001220703125,22.02860450744629
2025-02-19,602.61328125,88.0704345703125,82.87349700927734,270.8500061035156,22.20274543762207
2025-02-20,600.1063232421875,88.25043487548828,83.18352508544922,270.989990234375,22.231767654418945
2025-02-21,589.8419799804688,88.77143859863281,84.18878936767578,270.739990234375,21.92218589782715
2025-02-24,587.157958984375,88.96090698242188,84.43305969238281,272.2099914550781,21.844791412353516
2025-02-25,584.2379150390625,89.66191101074219,85.8893051147461,268.6199951171875,21.60293197631836
2025-02-26,584.5327758789062,89.908203125,86.39664459228516,269.0299987792969,21.419116973876953
2025-02-27,575.2025146484375,89.80399322509766,85.78593444824219,264.92999267578125,21.44814109802246
2025-02-28,584.178955078125,90.29660034179688,86.83820343017578,263.2699890136719,21.283676147460938
2025-03-03,573.9441528320312,90.62437438964844,87.24344635009766,266.739990234375,21.148235321044922
2025-03-04,567.1504516601562,90.33936309814453,86.1690444946289,269.05999755859375,21.21595573425293
2025-03-05,573.2461547851562,89.8358383178711,85.48106384277344,269.6199951171875,21.157909393310547
2025-03-06,563.0703125,89.788330078125,85.19832611083984,268.25,21.051490783691406
2025-03-07,566.226318359375,89.67430877685547,84.92499542236328,268.3900146484375,21.235305786132812
2025-03-10,551.1444702148438,90.30135345458984,85.8109359741211,266.0400085449219,21.099863052368164
2025-03-11,546.5628662109375,89.97833251953125,85.19832611083984,269.1600036621094,21.21595573425293
2025-03-12,549.4633178710938,89.7123031616211,84.68939208984375,270.3299865722656,21.21595573425293
2025-03-13,542.1386108398438,90.07333374023438,85.4339370727539,275.1300048828125,21.138561248779297
2025-03-14,553.3369750976562,89.75984191894531,84.9815673828125,275.239990234375,21.25465202331543
2025-03-17,557.6039428710938,89.8358383178711,85.4056625366211,276.7300109863281,21.399770736694336
2025-03-18,551.5770874023438,89.94033813476562,85.490478515625,279.9599914550781,21.351396560668945
2025-03-19,557.5842895507812,90.2158432006836,85.93343353271484,281.1099853515625,21.48683738708496
2025-03-20,555.9718627929688,90.3488540649414,85.98997497558594,280.75,21.525535583496094
2025-03-21,556.1552124023438,90.27283477783203,85.48106384277344,278.489990234375,21.399770736694336
2025-03-24,566.1151733398438,89.75032043457031,84.60456848144531,277.25,21.47716522216797
2025-03-25,567.4760131835938,89.9023208618164,84.59514617919922,278.4700012207031,21.506187438964844
2025-03-26,560.7013549804688,89.69332122802734,84.03907775878906,278.239990234375,21.47716522216797
2025-03-27,559.2122192382812,89.61731719970703,83.7940673828125,281.9700012207031,21.53521156311035
2025-03-28,547.95068359375,90.33936309814453,84.95328521728516,284.05999755859375,21.467491149902344
2025-03-31,551.6289672851562,90.60535430908203,85.79206848144531,288.1400146484375,21.767396926879883
2025-04-01,553.18701171875,90.9236831665039,86.5354995727539,287.57000732421875,21.777070999145508
2025-04-02,556.6878051757812,90.8379135131836,86.47875213623047,288.1600036621094,21.912511825561523
2025-04-03,529.2538452148438,91.77191925048828,86.87600708007812,286.4200134277344,21.032142639160156
2025-04-04,498.2696838378906,92.02925109863281,87.82184600830078,279.7200012207031,20.267866134643555
2025-04-07,497.3821716308594,90.9332275390625,85.17350006103516,273.7099914550781,19.948610305786133
2025-04-08,489.5918273925781,90.47573852539062,83.56552124023438,275.20001220703125,19.50358772277832
2025-04-09,541.0084228515625,90.18980407714844,84.05738830566406,285.3800048828125,20.20981788635254
2025-04-10,517.3019409179688,89.62751770019531,81.74005889892578,292.3500061035156,19.958282470703125
2025-04-11,526.5320434570312,89.12236022949219,82.18460083007812,297.92999267578125,20.248516082763672
2025-04-14,531.6401977539062,89.8371810913086,82.77102661132812,296.2300109863281,20.258190155029297
2025-04-15,530.151123046875,90.10404205322266,83.06424713134766,297.7799987792969,20.20981788635254
2025-04-16,518.3668212890625,90.49481201171875,83.52771759033203,307.4700012207031,20.46135139465332
2025-04-17,519.1065063476562,90.23747253417969,82.78994750976562,306.1199951171875,20.674190521240234
2025-04-21,506.7503662109375,89.75139617919922,81.34281158447266,315.5899963378906,20.500049591064453
2025-04-22,519.9348754882812,89.81812286376953,81.79681396484375,311.1099853515625,20.59679412841797
2025-04-23,527.991455078125,89.91342163085938,82.59131622314453,303.6499938964844,20.44200325012207
2025-04-24,539.1051635742188,90.39949798583984,83.46148681640625,308.07000732421875,20.625816345214844
2025-04-25,543.0004272460938,90.74259185791016,84.0763168334961,304.7300109863281,20.65484046936035
2025-04-28,543.2073974609375,91.10476684570312,84.6059799194336,309.07000732421875,20.538747787475586
2025-04-29,546.6293334960938,91.41928100585938,85.31535339355469,306.05999755859375,20.277538299560547
2025-04-30,546.84619140625,91.56224822998047,84.62488555908203,303.7699890136719,19.900236129760742
2025-05-01,550.7217407226562,91.16352844238281,84.19579315185547,297.4599914550781,19.996980667114258
2025-05-02,558.896728515625,90.55155181884766,83.2844467163086,297.9800109863281,20.08405113220215
2025-05-05,555.6918334960938,90.38900756835938,82.81925964355469,306.8800048828125,19.967958450317383
2025-05-06,551.0471801757812,90.61848449707031,83.0945816040039,315.4800109863281,20.267866134643555
2025-05-07,553.3646240234375,90.85753631591797,83.44583892822266,310.75,20.01633071899414
2025-05-08,557.2202758789062,90.14994049072266,82.51546478271484,304.6300048828125,20.277538299560547
2025-05-09,556.51025390625,90.21688842773438,82.63890838623047,306.8399963378906,20.432329177856445
2025-05-12,574.9014892578125,89.64318084716797,81.86994171142578,298.19000244140625,20.567771911621094
2025-05-13,578.6981201171875,89.57624053955078,81.53768157958984,299.4599914550781,20.887025833129883
2025-05-14,579.4376831054688,89.24158477783203,80.99657440185547,293.1600036621094,20.780607223510742
2025-05-15,582.2678833007812,89.8248519897461,81.70856475830078,297.8399963378906,20.57744598388672
2025-05-16,585.9559936523438,89.8535385131836,81.9269027709961,294.239990234375,20.500049591064453
2025-05-19,586.596923828125,89.80572509765625,81.6895751953125,298.0299987792969,20.471027374267578
2025-05-20,584.624755859375,89.69098663330078,81.10099029541016,303.5799865722656,20.732234954833984
2025-05-21,574.7733154296875,89.0694580078125,79.71497344970703,305.82000732421875,20.70321273803711
2025-05-22,575.0001831054688,89.40412902832031,80.1326675415039,303.1099853515625,20.59679412841797
2025-05-23,571.0752563476562,89.66230010986328,80.26559448242188,309.75,20.712886810302734
2025-05-27,582.9483032226562,90.03521728515625,81.38578796386719,304.5,20.529071807861328
2025-05-28,579.5757446289062,89.78660583496094,81.03455352783203,303.80999755859375,20.46135139465332
2025-05-29,581.8635864257812,90.15951538085938,81.78450775146484,305.6099853515625,20.354934692382812
2025-05-30,581.2127685546875,90.42724609375,81.90791320800781,303.6000061035156,20.20014190673828
2025-06-02,584.4866333007812,90.1202621459961,81.14563751220703,311.6700134277344,20.625816345214844
2025-06-03,587.81982421875,90.033935546875,81.00270080566406,308.9100036621094,20.76125717163086
2025-06-04,587.6620483398438,90.69587707519531,82.31764221191406,310.8999938964844,20.683862686157227
2025-06-05,584.8218994140625,90.42725372314453,82.37482452392578,309.3299865722656,20.780607223510742
2025-06-06,590.8275146484375,89.70775604248047,81.3266830444336,305.17999267578125,20.945072174072266
2025-06-09,591.3599243164062,89.87084197998047,81.41242980957031,306.6199951171875,20.964420318603516
2025-06-10,594.7128295898438,90.02433013916016,81.83168029785156,306.7099914550781,20.91604995727539
2025-06-11,593.0166015625,90.39847564697266,82.07942962646484,308.3699951171875,21.25465202331543
2025-06-12,595.3734741210938,90.79179382324219,83.06088256835938,312.20001220703125,21.25465202331543
2025-06-13,588.7171630859375,90.4560317993164,82.26048278808594,316.2900085449219,21.912511825561523
2025-06-16,594.318359375,90.1969985961914,81.43148803710938,311.7799987792969,21.8641414642334
2025-06-17,589.2398071289062,90.63831329345703,82.4224624633789,311.94000244140625,22.328510284423828
2025-06-18,589.1510009765625,90.69587707519531,82.56539916992188,310.260009765625,22.38655662536621
2025-06-20,587.7673950195312,90.75343322753906,82.41295623779297,310.1300048828125,22.50265121459961
2025-06-23,593.572998046875,91.07002258300781,82.67971801757812,311.0799865722656,21.670652389526367
2025-06-24,600.1304321289062,91.38660430908203,83.28003692626953,306.19000244140625,21.148235321044922
2025-06-25,600.4666137695312,91.42495727539062,83.38484954833984,307.1199951171875,21.119211196899414
2025-06-26,605.1646118164062,91.75112915039062,83.80411529541016,306.7799987792969,21.196605682373047
2025-06-27,608.1713256835938,91.51130676269531,83.2705078125,301.2200012207031,21.090187072753906
2025-06-30,611.0790405273438,91.87584686279297,84.0899658203125,304.8299865722656,21.099863052368164
2025-07-01,610.8812866210938,91.70552062988281,84.29847717285156,307.54998779296875,21.21595573425293
2025-07-02,613.6505737304688,91.51303100585938,83.76287841796875,309.25,21.564233779907227
2025-07-03,618.4869995117188,91.19544982910156,83.17947387695312,307.1400146484375,21.5545597076416
2025-07-07,613.8780517578125,90.90673065185547,82.38563537597656,307.3699951171875,21.53521156311035
2025-07-08,613.5418090820312,90.77200317382812,82.28042602539062,304.1600036621094,21.60293197631836
2025-07-09,617.2210083007812,91.24356079101562,83.14120483398438,305.5199890136719,21.564233779907227
2025-07-10,618.9617309570312,91.19544982910156,83.19857788085938,306.20001220703125,21.496511459350586
2025-07-11,616.7858276367188,90.77200317382812,82.05089569091797,309.1400146484375,21.777070999145508
2025-07-14,617.9627685546875,90.73350524902344,81.87873840332031,308.010009765625,21.5932559967041
2025-07-15,615.3220825195312,90.37742614746094,81.30488586425781,306.7300109863281,21.5545597076416
2025-07-16,617.3792114257812,90.62764739990234,81.41964721679688,308.260009765625,21.583581924438477
2025-07-17,621.1574096679688,90.59877014160156,81.40052795410156,307.5899963378906,21.757720947265625
2025-07-18,620.7024536132812,90.8489761352539,81.52487182617188,308.3900146484375,21.796419143676758
2025-07-21,621.87939453125,91.16656494140625,82.25175476074219,313.1300048828125,21.748046875
2025-07-22,621.9683227539062,91.4264144897461,82.74906921386719,316.1000061035156,21.7093505859375
2025-07-23,627.2598266601562,91.09922790527344,82.28998565673828,312.17999267578125,21.651302337646484
2025-07-24,627.4674682617188,90.96448516845703,82.14652252197266,310.2699890136719,21.670652389526367
2025-07-25,630.1181030273438,91.17620086669922,82.66300201416016,307.3999938964844,21.44814109802246
2025-07-28,629.9598388671875,90.97411346435547,82.1274185180664,305.4100036621094,21.670652389526367
2025-07-29,628.2982788085938,91.5707778930664,83.51419067382812,306.25,21.951210021972656
2025-07-30,627.507080078125,91.25320434570312,83.08381652832031,300.9599914550781,21.9028377532959
2025-07-31,625.1531372070312,91.3301773071289,83.13162994384766,302.9599914550781,21.719024658203125
2025-08-01,614.9066162109375,92.38164520263672,84.31348419189453,309.1099853515625,21.370746612548828
2025-08-04,624.2530517578125,92.50714874267578,84.54391479492188,310.9100036621094,21.293350219726562
2025-08-05,621.0880737304688,92.43958282470703,84.8031234741211,311.1600036621094,21.10953712463379
2025-08-06,625.8455200195312,92.37198638916016,84.31348419189453,310.5,21.06116485595703
2025-08-07,625.3212890625,92.30438995361328,84.16947937011719,313.1199951171875,21.12888526916504
2025-08-08,630.197265625,92.09197235107422,83.80464935302734,313.04998779296875,21.12888526916504
2025-08-11,628.9509887695312,92.12094116210938,83.9006576538086,308.54998779296875,21.157909393310547
2025-08-12,635.6468505859375,92.10164642333984,83.47821807861328,308.2699890136719,21.07084083557129
2025-08-13,637.82275390625,92.42991638183594,84.16947937011719,309.2099914550781,21.04181671142578
2025-08-14,637.8821411132812,92.13059997558594,83.54541778564453,307.25,21.12888526916504
2025-08-15,636.388671875,91.94715881347656,82.95018768310547,307.42999267578125,21.06116485595703
2025-08-18,636.2501220703125,91.86026000976562,82.71015930175781,306.95001220703125,21.080514907836914
2025-08-19,632.7984008789062,92.09197235107422,83.1902084350586,305.2699890136719,20.91604995727539
2025-08-20,631.1170654296875,92.22716522216797,83.37261962890625,308.3599853515625,21.148235321044922
2025-08-21,628.5850830078125,91.95680236816406,82.95978546142578,307.2900085449219,21.274002075195312
2025-08-22,638.2380981445312,92.46853637695312,83.57422637939453,310.5799865722656,21.36107063293457
2025-08-25,635.42919921875,92.28507995605469,83.33421325683594,309.8299865722656,21.467491149902344
2025-08-26,638.0897827148438,92.5264892578125,83.28620910644531,312.0799865722656,21.30302619934082
2025-08-27,639.5436401367188,92.70027923583984,83.1902084350586,312.7099914550781,21.32237434387207
2025-08-28,641.80859375,92.91268920898438,83.73745727539062,315.0299987792969,21.457815170288086
2025-08-29,637.98095703125,92.83544921875,83.1422119140625,318.07000732421875,21.48683738708496
2025-09-02,633.2533569335938,92.55839538574219,82.52349853515625,325.5899963378906,21.83511734008789
2025-09-03,636.685302734375,92.8780517578125,83.42938995361328,328.1400146484375,21.641630172729492
2025-09-04,642.0064086914062,93.29459381103516,84.0654525756836,326.69000244140625,21.48683738708496
2025-09-05,640.1469116210938,93.7498779296875,85.34718322753906,331.04998779296875,21.312700271606445
2025-09-08,641.7196044921875,94.04048156738281,86.48439025878906,334.82000732421875,21.457815170288086
2025-09-09,643.203125,93.81769561767578,85.99288940429688,334.05999755859375,21.51586151123047
2025-09-10,645.0625610351562,94.06954956054688,86.48439025878906,335.260009765625,21.66097640991211
2025-09-11,650.423095703125,94.21485137939453,87.06261444091797,334.760009765625,21.496511459350586
2025-09-12,650.2054443359375,93.94363403320312,86.686767578125,335.4200134277344,21.62228012084961
2025-09-15,653.6671142578125,94.0986099243164,86.88916015625,338.9100036621094,21.815767288208008
2025-09-16,652.7671508789062,94.15673065185547,87.07225799560547,339.5899963378906,22.038280487060547
2025-09-17,651.9561767578125,93.95331573486328,86.85059356689453,336.9700012207031,21.806095123291016
2025-09-18,655.0023803710938,93.64332580566406,85.95435333251953,335.6199951171875,21.7093505859375
2025-09-19,658.2465209960938,93.60457611083984,85.7905044555664,339.17999267578125,21.53521156311035
2025-09-22,661.3607788085938,93.44960021972656,85.48212432861328,345.04998779296875,21.53521156311035
2025-09-23,657.7606201171875,93.71114349365234,86.07962036132812,346.4599914550781,21.757720947265625
2025-09-24,655.6678466796875,93.45929718017578,85.75196838378906,343.32000732421875,21.9028377532959
2025-09-25,652.6429443359375,93.2558364868164,85.75196838378906,344.75,22.057626724243164
2025-09-26,656.3820190429688,93.20740509033203,85.67485809326172,346.739990234375,22.067302703857422
2025-09-29,658.2266845703125,93.47865295410156,86.37836456298828,352.4599914550781,21.88348960876465
2025-09-30,660.7061157226562,93.43990325927734,86.12781524658203,355.4700012207031,21.796419143676758
2025-10-01,662.9574584960938,93.75469970703125,86.3502426147461,356.0299987792969,21.757720947265625
2025-10-02,663.7210693359375,93.85188293457031,86.60169219970703,354.7900085449219,21.612606048583984
2025-10-03,663.7112426757812,93.66726684570312,86.43727111816406,357.6400146484375,21.680326461791992
2025-10-06,666.0914916992188,93.39521026611328,85.75064849853516,364.3800048828125,21.9028377532959
2025-10-07,663.6219482421875,93.62840270996094,86.24386596679688,366.260009765625,21.989906311035156
2025-10-08,667.5791625976562,93.64784240722656,86.3115463256836,372.29998779296875,22.018930435180664
2025-10-09,665.6452026367188,93.57981872558594,86.24386596679688,365.42999267578125,21.815767288208008
2025-10-10,647.6542358398438,94.1628189086914,87.63645935058594,369.1199951171875,21.351396560668945
2025-10-13,657.5919189453125,94.21138763427734,87.58809661865234,378.0899963378906,21.62228012084961
2025-10-14,656.78857421875,94.45430755615234,87.86856079101562,380.7900085449219,21.380420684814453
2025-10-15,659.7044067382812,94.34741973876953,87.67514038085938,387.3900146484375,21.457815170288086
2025-10-16,655.2116088867188,94.78466796875,88.33274841308594,396.45001220703125,21.419116973876953
2025-10-17,658.9308471679688,94.62920379638672,88.19734191894531,388.989990234375,21.399770736694336
2025-10-20,665.7840576171875,94.75552368164062,88.53583526611328,403.1499938964844,21.612606048583984
2025-10-21,665.7741088867188,94.93041229248047,88.97102355957031,377.239990234375,21.390094757080078
2025-10-22,662.3128051757812,94.94983673095703,89.02904510498047,377.2799987792969,21.728696823120117
2025-10-23,666.2402954101562,94.638916015625,88.41978454589844,378.7900085449219,22.096324920654297
2025-10-24,671.6851806640625,94.72637176513672,88.45846557617188,377.5199890136719,22.106000900268555
2025-10-27,679.6094970703125,94.72637176513672,88.75825500488281,367.010009765625,22.057626724243164
2025-10-28,681.41455078125,94.8138198852539,88.9903564453125,364.3800048828125,21.85446548461914
2025-10-29,681.7418823242188,94.20167541503906,88.09097290039062,363.0,21.970558166503906
2025-10-30,674.2440185546875,94.0656509399414,87.57843017578125,370.1300048828125,21.98023223876953
2025-10-31,676.45556640625,94.1045150756836,87.31730651855469,368.1199951171875,22.13502311706543
2025-11-03,677.7251586914062,94.0596694946289,87.09893035888672,368.7799987792969,22.299488067626953
2025-11-04,669.6917114257812,94.17664337158203,87.29304504394531,362.32000732421875,22.144697189331055
2025-11-05,672.012451171875,93.72827911376953,86.34188079833984,366.510009765625,22.076976776123047
2025-11-06,664.8021850585938,94.20588684082031,87.11834716796875,366.07000732421875,22.106000900268555
2025-11-07,665.4567260742188,94.24488067626953,86.9339370727539,368.30999755859375,22.15437126159668
2025-11-10,675.8406982421875,94.1181640625,86.91453552246094,378.3800048828125,22.39623260498047
2025-11-11,677.3878784179688,94.41056823730469,87.31246185302734,379.8699951171875,22.54134750366211
2025-11-12,677.7648315429688,94.4300765991211,87.46775817871094,385.989990234375,22.289813995361328
2025-11-13,666.5180053710938,94.15715026855469,86.74952697753906,382.8699951171875,22.173721313476562
2025-11-14,666.4088745117188,94.00119018554688,86.2545394897461,375.9599914550781,22.222091674804688
2025-11-17,660.2003173828125,94.1084213256836,86.46807098388672,371.6499938964844,22.193069458007812
2025-11-18,654.65625,94.26436614990234,86.43894958496094,374.3500061035156,22.376882553100586
2025-11-19,657.185302734375,94.19613647460938,86.26424407958984,374.9599914550781,22.15437126159668
2025-11-20,647.1683349609375,94.42032623291016,86.60395050048828,374.8500061035156,21.94153594970703
2025-11-21,653.6149291992188,94.73223114013672,86.86600494384766,374.2699890136719,21.796419143676758
2025-11-24,663.235107421875,94.87842559814453,87.36099243164062,380.20001220703125,21.9028377532959
2025-11-25,669.4735107421875,95.12212371826172,87.58422088623047,380.0799865722656,21.786745071411133
2025-11-26,674.09521484375,95.20008087158203,87.97245025634766,383.1199951171875,22.018930435180664
2025-11-28,677.7747192382812,95.03439331054688,87.55510711669922,387.8800048828125,22.309162139892578
2025-12-01,674.6802978515625,94.52408599853516,86.46514892578125,389.75,22.367210388183594
2025-12-02,675.9300537109375,94.60227966308594,86.50411224365234,387.239990234375,22.270465850830078
2025-12-03,678.2706298828125,94.79781341552734,86.74762725830078,386.8800048828125,22.376882553100586
2025-12-04,678.7664794921875,94.5045166015625,86.28008270263672,387.1300048828125,22.4349308013916
2025-12-05,680.0557861328125,94.30900573730469,85.8807373046875,386.44000244140625,22.570371627807617
2025-12-08,678.0127563476562,94.11348724365234,85.5982666015625,385.4200134277344,22.289813995361328
2025-12-09,677.4275512695312,93.97661590576172,85.68592834472656,387.3999938964844,22.24144172668457
2025-12-10,681.92041015625,94.2796859741211,86.01710510253906,389.04998779296875,22.376882553100586
2025-12-11,683.5072021484375,94.28946685791016,85.90023040771484,393.239990234375,22.357534408569336
2025-12-12,676.1581420898438,94.03528594970703,85.07228088378906,395.44000244140625,22.173721313476562
2025-12-15,675.1365356445312,94.11348724365234,85.1307373046875,395.79998779296875,22.067302703857422
2025-12-16,673.2918701171875,94.37743377685547,85.5982666015625,395.8900146484375,21.844791412353516
2025-12-17,665.8832397460938,94.3578872680664,85.52034759521484,399.2900085449219,22.106000900268555
2025-12-18,670.9114990234375,94.60227966308594,85.92945098876953,398.57000732421875,21.951210021972656
2025-12-19,676.9923095703125,94.38945007324219,85.60871124267578,399.0199890136719,22.106000900268555
2025-12-22,681.2098999023438,94.29138946533203,85.42292785644531,408.2300109863281,22.389999389648438
2025-12-23,684.3233032226562,94.25215911865234,85.55982208251953,413.6400146484375,22.639999389648438
2025-12-24,686.7305297851562,94.4973373413086,86.07805633544922,411.92999267578125,22.6299991607666
2025-12-26,686.660888671875,94.58561706542969,85.79450225830078,416.739990234375,22.700000762939453
2025-12-29,684.2138671875,94.72291564941406,86.11717987060547,398.6000061035156,22.489999771118164
2025-12-30,683.3783569335938,94.62486267089844,85.91183471679688,398.8900146484375,22.639999389648438
2025-12-31,678.3152465820312,94.31099700927734,85.22736358642578,396.30999755859375,22.360000610351562
2026-01-02,679.55859375,94.23252868652344,85.1002426147461,398.2799987792969,22.389999389648438
2026-01-05,684.0845336914062,94.51696014404297,85.52070617675781,408.760009765625,22.809999465942383
2026-01-06,688.1529541015625,94.44831085205078,85.3447036743164,413.17999267578125,22.799999237060547
2026-01-07,685.9347534179688,94.62486267089844,85.84339141845703,409.2300109863281,22.59000015258789
2026-01-08,685.8651123046875,94.34042358398438,85.41314697265625,411.489990234375,22.8799991607666
2026-01-09,690.4010009765625,94.44831085205078,85.98028564453125,414.4700012207031,22.899999618530273
2026-01-12,691.4852294921875,94.33061218261719,85.72604370117188,422.2300109863281,23.190000534057617
2026-01-13,690.1026000976562,94.44831085205078,85.87271881103516,421.6300048828125,23.3700008392334
2026-01-14,686.7106323242188,94.64445495605469,86.37141418457031,425.94000244140625,23.389999389648438
2026-01-15,688.5806884765625,94.44831085205078,86.35186767578125,423.3299865722656,23.200000762939453
2026-01-16,688.0037231445312,94.08541870117188,85.85317993164062,421.2900085449219,23.15999984741211
2026-01-20,673.9981689453125,93.71273040771484,84.72866821289062,437.2300109863281,23.479999542236328
2026-01-21,681.77685546875,93.95793151855469,85.37403106689453,443.6000061035156,23.75
2026-01-22,685.3379516601562,93.94811248779297,85.74560546875,451.7900085449219,23.739999771118164
2026-01-23,685.5865478515625,94.10502624511719,85.98028564453125,458.0,24.18000030517578
2026-01-26,689.0680541992188,94.2423324584961,86.3909683227539,464.70001220703125,24.290000915527344
2026-01-27,691.8134765625,94.13446044921875,85.85317993164062,476.1000061035156,24.6200008392334
2026-01-28,691.7438354492188,94.05599212646484,85.65760040283203,494.55999755859375,24.940000534057617
2026-01-29,690.3711547851562,94.1540756225586,85.67715454101562,495.8999938964844,25.299999237060547
2026-01-30,688.3120727539062,94.09523010253906,85.1980209350586,444.95001220703125,24.43000030517578
2026-02-02,691.7339477539062,93.91024017333984,84.95458984375,427.1300048828125,23.540000915527344
2026-02-03,685.885009765625,93.99879455566406,85.16073608398438,454.2900085449219,24.149999618530273
2026-02-04,682.5626831054688,93.9791259765625,84.94477844238281,453.9700012207031,24.190000534057617
2026-02-05,674.0379638671875,94.5301513671875,85.8674545288086,441.8800048828125,23.760000228881836
2026-02-06,686.96923828125,94.5301513671875,85.92634582519531,455.4599914550781,24.010000228881836
2026-02-09,690.2816772460938,94.54981231689453,85.90672302246094,467.0299987792969,24.25
2026-02-10,688.4613037109375,94.96310424804688,86.89810180664062,462.3999938964844,24.139999389648438
2026-02-11,688.3021850585938,94.6974105834961,86.43675231933594,467.6300048828125,24.3700008392334
2026-02-12,677.668701171875,95.27796173095703,87.58519744873047,451.3900146484375,23.799999237060547
2026-02-13,678.1461181640625,95.65186309814453,88.06616973876953,462.6199951171875,23.8799991607666
2026-02-17,679.2402954101562,95.64202117919922,88.21340942382812,448.20001220703125,23.59000015258789
2026-02-18,682.662109375,95.44523620605469,87.87967681884766,458.2799987792969,24.209999084472656
2026-02-19,680.8616333007812,95.5337905883789,87.968017578125,459.55999755859375,24.43000030517578
2026-02-20,685.7855834960938,95.5337905883789,87.76187896728516,468.6199951171875,24.600000381469727
2026-02-23,678.7827758789062,95.878173828125,88.0857925415039,481.2799987792969,24.75
2026-02-24,683.7164916992188,95.85850524902344,88.24284362792969,474.6099853515625,24.719999313354492
2026-02-25,689.4859008789062,95.77978515625,88.2526626586914,473.4200134277344,24.75
2026-02-26,685.6561889648438,96.03560638427734,88.60601806640625,477.4800109863281,24.760000228881836
2026-02-27,682.3637084960938,96.41937255859375,89.14588165283203,483.75,25.100000381469727
2026-03-02,682.751708984375,95.8401107788086,88.25067138671875,490.0,25.809999465942383
2026-03-03,676.7337036132812,95.73155212402344,88.07341003417969,468.1400146484375,25.90999984741211
2026-03-04,681.5082397460938,95.53418731689453,87.79766845703125,471.79998779296875,26.139999389648438
2026-03-05,677.70849609375,95.23815155029297,87.44312286376953,466.1300048828125,26.520000457763672
2026-03-06,668.82568359375,95.1789321899414,87.11811828613281,473.510009765625,27.510000228881836
2026-03-09,674.6845703125,95.47498321533203,87.8764419555664,472.5299987792969,27.139999389648438
2026-03-10,673.6002807617188,95.1690673828125,86.94084930419922,477.8599853515625,27.600000381469727
2026-03-11,672.7548217773438,94.73486328125,85.81814575195312,476.239990234375,28.1299991607666
2026-03-12,662.5390625,94.42894744873047,85.65072631835938,466.8800048828125,28.860000610351562
2026-03-13,658.7890014648438,94.33026123046875,85.22724914550781,460.8399963378906,28.709999084472656
2026-03-16,665.493408203125,94.75460052490234,85.88707733154297,460.42999267578125,28.309999465942383
2026-03-17,667.2440185546875,94.92235565185547,86.1234359741211,459.2699890136719,28.760000228881836
2026-03-18,657.9335327148438,94.48815155029297,85.64087677001953,444.739990234375,29.270000457763672
2026-03-19,656.3121948242188,94.4782943725586,86.16283416748047,426.4100036621094,28.84000015258789
2026-03-20,646.9034423828125,93.62962341308594,84.52802276611328,413.3800048828125,28.940000534057617
2026-03-23,653.6959228515625,93.92566680908203,85.07952117919922,404.0400085449219,27.75
2026-03-24,651.5015869140625,93.6098861694336,84.70529174804688,404.1300048828125,28.239999771118164
2026-03-25,655.1322021484375,94.1032943725586,85.52268981933594,416.2900085449219,28.170000076293945
2026-03-26,643.432373046875,93.34343719482422,84.80377197265625,400.6400146484375,28.440000534057617
2026-03-27,632.4606323242188,93.35330963134766,84.34090423583984,414.70001220703125,29.100000381469727
2026-03-30,630.3460693359375,94.01447296142578,85.46360778808594,414.5799865722656,29.260000228881836
2026-03-31,648.6688842773438,94.18223571777344,85.37496948242188,430.2900085449219,28.950000762939453
2026-04-01,653.5562744140625,94.10006713867188,85.29093170166016,437.82000732421875,28.68000030517578
2026-04-02,654.144775390625,94.31788635253906,85.81497192382812,429.4100036621094,29.329999923706055
2026-04-06,657.23681640625,94.07035827636719,85.67654418945312,427.6499938964844,29.479999542236328
2026-04-07,657.5260009765625,94.30799102783203,85.66665649414062,431.80999755859375,29.3700008392334
2026-04-08,674.27294921875,94.51591491699219,85.94351196289062,434.5299987792969,28.559999465942383
2026-04-09,678.162841796875,94.48621368408203,85.7259750366211,437.9100036621094,28.709999084472656
2026-04-10,677.7140502929688,94.3277816772461,85.51834106445312,437.1300048828125,28.5
2026-04-13,684.3369750976562,94.53571319580078,85.7754135131836,435.3599853515625,28.959999084472656
2026-04-14,692.675537109375,94.8426513671875,86.2302474975586,445.0899963378906,28.84000015258789
2026-04-15,698.1414184570312,94.63472747802734,85.85452270507812,440.4599914550781,28.889999389648438
2026-04-16,699.8569946289062,94.46640014648438,85.31069946289062,440.0799865722656,29.110000610351562
2026-04-17,708.3152465820312,94.98126220703125,86.09182739257812,445.92999267578125,28.290000915527344
2026-04-20,706.8988037109375,94.89215087890625,86.07205200195312,442.0899963378906,28.670000076293945
2026-04-21,702.2708129882812,94.47630310058594,85.59744262695312,429.57000732421875,29.209999084472656
2026-04-22,709.3825073242188,94.57530975341797,85.7655258178711,435.260009765625,29.510000228881836
2026-04-23,706.6295776367188,94.42679595947266,85.57766723632812,431.0400085449219,29.889999389648438
2026-04-24,712.10546875,94.61492156982422,85.73587036132812,433.25,29.860000610351562
2026-04-27,713.332275390625,94.39708709716797,85.31069946289062,429.8900146484375,30.09000015258789
2026-04-28,709.8612060546875,94.30799102783203,85.39968872070312,421.9100036621094,30.34000015258789
2026-04-29,709.7515258789062,93.86243438720703,84.73721313476562,417.4100036621094,31.079999923706055
2026-04-30,716.8132934570312,94.04065704345703,84.65811157226562,423.6600036621094,31.100000381469727
2026-05-01,718.7982177734375,94.1121826171875,84.96080780029297,423.17999267578125,30.809999465942383
2026-05-04,716.1649780273438,93.76449584960938,84.31572723388672,414.7099914550781,31.329999923706055
2026-05-05,721.9102172851562,93.90357208251953,84.78216552734375,418.2699890136719,31.200000762939453
2026-05-06,731.9443359375,94.37045288085938,85.42723846435547,430.9599914550781,30.209999084472656
2026-05-07,729.7001342773438,94.08238220214844,85.00049591064453,431.67999267578125,30.25
2026-05-08,735.724609375,94.33072662353516,85.42723846435547,433.7699890136719,30.299999237060547
2026-05-11,737.4002685546875,94.01284790039062,84.91117858886719,434.6499938964844,31.059999465942383
2026-05-12,736.2831420898438,93.6949691772461,84.34550476074219,432.92999267578125,31.690000534057617
2026-05-13,740.4025268554688,93.6949691772461,84.15695190429688,430.5,31.3700008392334
2026-05-14,746.2474975585938,93.63536071777344,84.27603149414062,427.2099914550781,31.149999618530273
2026-05-15,737.2706298828125,92.89034271240234,83.02558898925781,417.2900085449219,31.190000534057617
2026-05-18,736.751953125,92.85060119628906,82.92634582519531,418.42999267578125,31.3799991607666
2026-05-19,731.8446044921875,92.49298095703125,82.39044189453125,411.5,31.610000610351562
2026-05-20,739.3452758789062,93.11881256103516,83.27369689941406,417.3999938964844,30.8799991607666
2026-05-21,740.8114624023438,93.17841339111328,83.58133697509766,416.989990234375,30.700000762939453
2026-05-22,743.7239990234375,93.25788116455078,84.03784942626953,413.82000732421875,30.540000915527344
2026-05-26,748.6613159179688,93.65523529052734,84.45466613769531,414.0,30.030000686645508
2026-05-27,748.5316162109375,93.6949691772461,84.65316009521484,408.489990234375,29.489999771118164
2026-05-28,752.6609497070312,93.91350555419922,85.08981323242188,412.7699890136719,29.719999313354492
2026-05-29,754.5361328125,94.02278137207031,85.10967254638672,417.1199951171875,29.479999542236328
2026-06-01,756.5908203125,93.86031341552734,85.1554946899414,411.260009765625,29.989999771118164
2026-06-02,757.6182250976562,93.93008422851562,85.3348388671875,411.95001220703125,30.1200008392334
2026-06-03,752.3018798828125,93.69087219238281,84.99608612060547,407.8699951171875,30.290000915527344
2026-06-04,755.1445922851562,93.81048583984375,85.18538665771484,411.2699890136719,29.8799991607666
2026-06-05,735.65478515625,93.31212615966797,84.74700164794922,396.239990234375,29.229999542236328
2026-06-08,737.3204345703125,93.21244812011719,84.30862426757812,397.2699890136719,29.469999313354492
2026-06-09,735.1560668945312,93.47159576416016,84.8067855834961,390.7799987792969,29.06999969482422
2026-06-10,723.56591796875,93.38189697265625,84.56766510009766,374.5799865722656,29.170000076293945
2026-06-11,735.8642578125,94.02975463867188,85.66361999511719,386.32000732421875,28.850000381469727
2026-06-12,739.843994140625,93.87028503417969,85.45439147949219,386.5400085449219,28.549999237060547
2026-06-15,752.890380859375,93.96995544433594,85.40457916259766,396.54998779296875,28.219999313354492
2026-06-16,748.4019775390625,94.20915985107422,85.87284851074219,397.6300048828125,27.899999618530273
2026-06-17,739.0560302734375,93.71080780029297,86.01233673095703,388.6000061035156,27.709999084472656
2026-06-18,746.739990234375,94.04969024658203,86.4307861328125,387.1199951171875,27.6299991607666
2026-06-22,744.3900146484375,93.69087219238281,85.77320861816406,384.5899963378906,27.40999984741211
2026-06-23,733.5800170898438,93.81048583984375,85.88280487060547,377.32000732421875,27.1200008392334
2026-06-24,733.239990234375,94.4184799194336,87.05846405029297,365.9200134277344,26.450000762939453
2026-06-25,734.2999877929688,94.47827911376953,87.02857971191406,369.4599914550781,26.93000030517578
2026-06-26,728.989990234375,94.71748352050781,87.03854370117188,373.6300048828125,26.56999969482422
2026-06-29,741.0,94.74738311767578,87.12820434570312,368.5799865722656,26.559999465942383
2026-06-30,746.77001953125,94.25900268554688,86.10199737548828,368.3800048828125,26.65999984741211
2026-07-01,745.760009765625,94.02999877929688,85.5199966430664,370.6000061035156,26.450000762939453
2026-07-02,744.780029296875,94.12000274658203,85.51000213623047,378.1300048828125,26.56999969482422
2026-07-06,751.280029296875,94.18000030517578,85.44999694824219,382.1300048828125,27.0
2026-07-07,747.7100219726562,93.69999694824219,84.55000305175781,377.489990234375,27.350000381469727
2026-07-08,745.4000244140625,93.51000213623047,84.36000061035156,374.45001220703125,27.799999237060547
2026-07-09,751.7100219726562,93.70999908447266,84.48999786376953,378.17999267578125,27.579999923706055
2026-07-10,754.9500122070312,93.62999725341797,84.47000122070312,377.010009765625,27.520000457763672
2026-07-13,749.1699829101562,93.29000091552734,83.97000122070312,367.1300048828125,28.329999923706055
2026-07-14,751.8300170898438,93.55000305175781,84.08000183105469,372.1499938964844,28.6299991607666
2026-07-15,754.8099975585938,93.77999877929688,84.23999786376953,372.3500061035156,28.790000915527344
2026-07-16,750.719970703125,93.72000122070312,84.20999908447266,364.9599914550781,28.459999084472656
2026-07-17,743.2899780273438,93.83999633789062,84.5199966430664,368.4100036621094,28.979999542236328
2026-07-20,742.0900268554688,93.54000091552734,83.88999938964844,367.6000061035156,29.139999389648438
2026-07-21,748.280029296875,93.30999755859375,83.66000366210938,374.80999755859375,29.56999969482422
2026-07-22,747.4099731445312,93.0999984741211,83.44000244140625,379.1199951171875,29.860000610351562
2026-07-23,738.1799926757812,92.8499984741211,83.16999816894531,371.5199890136719,30.309999465942383
2026-07-24,738.9299926757812,93.02999877929688,83.25,371.8999938964844,30.100000381469727
2026-07-27,736.4400024414062,93.25,83.69499969482422,373.8370056152344,29.136999130249023
